county,county_fips,n_res_structures_all,n_res_structures_sfha,s_sfha_share_of_stock,rate_all_county_reported,rate_sfha_reported,rate_non_sfha_inferred,rate_baseline_structure_weighted,rate_sfha_only_config,rate_non_sfha_only_config,envelope_min,envelope_max,baseline_within_envelope,sfha_rate_exceeds_non_sfha_rate
Alachua,12001.0,84597.0,3207.0,0.037909145714387034,0.0284,0.2049,0.02144539255436786,0.0284,0.2049,0.02144539255436786,0.02144539255436786,0.2049,True,True
Baker,12003.0,9954.0,460.0,0.04621257785814748,0.0163,0.1652,0.009085548767642719,0.0163,0.1652,0.009085548767642719,0.009085548767642719,0.1652,True,True
Bay,12005.0,74934.0,10173.0,0.1357594683321323,0.2065,0.629,0.14013146801315604,0.2065,0.629,0.14013146801315604,0.14013146801315604,0.629,True,True
Bradford,12007.0,10879.0,1345.0,0.12363268682783345,0.0432,0.2186,0.018455611495699603,0.0432,0.2186,0.018455611495699603,0.018455611495699603,0.2186,True,True
Brevard,12009.0,249193.0,16988.0,0.06817205940776827,0.1318,0.4128,0.11124218255420856,0.1318,0.4128,0.11124218255420856,0.11124218255420856,0.4128,True,True
Broward,12011.0,652397.0,210033.0,0.32194047489488764,0.2114,0.3964,0.12356259686592944,0.2114,0.3964,0.12356259686592944,0.12356259686592944,0.3964,True,True
Calhoun,12013.0,6430.0,604.0,0.09393468118195956,0.012,0.0894,0.0039756951596292495,0.012,0.0894,0.0039756951596292495,0.0039756951596292495,0.0894,True,True
Charlotte,12015.0,100666.0,46716.0,0.4640692984721753,0.3448,0.6095,0.11559286005560694,0.3448,0.6095,0.11559286005560694,0.11559286005560694,0.6095,True,True
Citrus,12017.0,78835.0,12085.0,0.1532948563455318,0.0784,0.4067,0.01896171535580524,0.0784,0.4067,0.01896171535580524,0.01896171535580524,0.4067,True,True
Clay,12019.0,78156.0,3454.0,0.044193663954142995,0.0582,0.4186,0.04153616770635325,0.0582,0.4186,0.04153616770635325,0.04153616770635325,0.4186,True,True
Collier,12021.0,174174.0,91979.0,0.5280868556730626,0.34,0.4263,0.24342736541152143,0.34,0.4263,0.24342736541152143,0.24342736541152143,0.4263,True,True
Columbia,12023.0,28107.0,1826.0,0.06496602269897178,0.0251,0.2185,0.011662596552642596,0.0251,0.2185,0.011662596552642596,0.011662596552642596,0.2185,True,True
DeSoto,12027.0,13371.0,907.0,0.06783337072769427,0.0387,0.2878,0.020573098523748393,0.0387,0.2878,0.020573098523748393,0.020573098523748393,0.2878,True,True
Dixie,12029.0,9564.0,3795.0,0.39680050188205773,0.0625,0.1386,0.012439417576703063,0.0625,0.1386,0.012439417576703063,0.012439417576703063,0.1386,True,True
Duval,12031.0,328032.0,9619.0,0.029323358696712515,0.074,0.4067,0.06394940124932084,0.07399999999999998,0.4067,0.06394940124932084,0.06394940124932084,0.4067,True,True
Escambia,12033.0,120946.0,7910.0,0.06540108808889918,0.0927,0.6459,0.053988332920485514,0.0927,0.6459,0.053988332920485514,0.053988332920485514,0.6459,True,True
Flagler,12035.0,49625.0,2476.0,0.049894206549118386,0.1656,0.733,0.13580334683662432,0.1656,0.733,0.13580334683662432,0.13580334683662432,0.733,True,True
Franklin,12037.0,7893.0,4259.0,0.5395920435829216,0.2853,0.4696,0.06930283434232251,0.2853,0.4696,0.06930283434232251,0.06930283434232251,0.4696,True,True
Gadsden,12039.0,18318.0,313.0,0.017087018233431596,0.0056,0.099,0.003976328797556234,0.0056,0.099,0.003976328797556234,0.003976328797556234,0.099,True,True
Gilchrist,12041.0,7707.0,807.0,0.1047100038925652,0.0247,0.1586,0.009039521739130436,0.0247,0.1586,0.009039521739130436,0.009039521739130436,0.1586,True,True
Glades,12043.0,7161.0,641.0,0.08951263789973467,0.0309,0.1638,0.017834217791411044,0.0309,0.1638,0.017834217791411044,0.017834217791411044,0.1638,True,True
Gulf,12045.0,8319.0,3404.0,0.40918379612934247,0.2094,0.3931,0.08217420142421163,0.2094,0.3931,0.08217420142421163,0.08217420142421163,0.3931,True,True
Hamilton,12047.0,5243.0,294.0,0.056074766355140186,0.0103,0.1361,0.0028267326732673275,0.0103,0.1361,0.0028267326732673275,0.0028267326732673275,0.1361,True,True
Hardee,12049.0,9203.0,483.0,0.052482886015429754,0.0172,0.1822,0.008060665137614678,0.0172,0.1822,0.008060665137614678,0.008060665137614678,0.1822,True,True
Hendry,12051.0,14936.0,1298.0,0.08690412426352437,0.0536,0.2889,0.031205264701569146,0.0536,0.2889,0.031205264701569146,0.031205264701569146,0.2889,True,True
Hernando,12053.0,84652.0,4762.0,0.0562538392477437,0.0483,0.4929,0.021798745775441237,0.0483,0.4929,0.021798745775441237,0.021798745775441237,0.4929,True,True
Highlands,12055.0,50390.0,2145.0,0.042567969835284776,0.0212,0.173,0.014450886102186755,0.0212,0.173,0.014450886102186755,0.014450886102186755,0.173,True,True
Hillsborough,12057.0,448186.0,60295.0,0.1345311991003735,0.1313,0.5858,0.060651087032181715,0.1313,0.5858,0.060651087032181715,0.060651087032181715,0.5858,True,True
Holmes,12059.0,8793.0,967.0,0.10997384282952348,0.0108,0.06,0.004720725785842066,0.0108,0.06,0.004720725785842066,0.004720725785842066,0.06,True,True
Indian River,12061.0,72129.0,7999.0,0.11089852902438686,0.1988,0.4834,0.16330155309527525,0.1988,0.4834,0.16330155309527525,0.16330155309527525,0.4834,True,True
Jackson,12063.0,18666.0,447.0,0.023947283831565414,0.0061,0.1119,0.003504215379548823,0.0061,0.1119,0.003504215379548823,0.003504215379548823,0.1119,True,True
Jefferson,12065.0,6317.0,300.0,0.04749089757796422,0.0125,0.1067,0.0078033072959946825,0.0125,0.1067,0.0078033072959946825,0.0078033072959946825,0.1067,True,True
Lafayette,12067.0,3659.0,825.0,0.22547144028423066,0.0426,0.1661,0.006648165137614677,0.0426,0.1661,0.006648165137614677,0.006648165137614677,0.1661,True,True
Lake,12069.0,151946.0,6606.0,0.04347597172679768,0.0279,0.1803,0.020973108573001237,0.0279,0.1803,0.020973108573001237,0.020973108573001237,0.1803,True,True
Lee,12071.0,346951.0,142400.0,0.41043259711025476,0.2738,0.4994,0.11674655122683338,0.2738,0.4994,0.11674655122683338,0.11674655122683338,0.4994,True,True
Leon,12073.0,92556.0,2910.0,0.031440425256061194,0.0314,0.3457,0.021197503513821027,0.0314,0.3457,0.021197503513821027,0.021197503513821027,0.3457,True,True
Levy,12075.0,19343.0,2653.0,0.137155560150959,0.049,0.3076,0.007893600958657885,0.049,0.3076,0.007893600958657885,0.007893600958657885,0.3076,True,True
Liberty,12077.0,2968.0,133.0,0.04481132075471698,0.0061,0.0677,0.003210123456790124,0.0061,0.0677,0.003210123456790124,0.003210123456790124,0.0677,True,True
Madison,12079.0,7670.0,427.0,0.05567144719687093,0.0133,0.1265,0.006626466933591052,0.0133,0.1265,0.006626466933591052,0.006626466933591052,0.1265,True,True
Manatee,12081.0,164526.0,31177.0,0.18949588514885185,0.1852,0.4904,0.11384423130282192,0.1852,0.4904,0.11384423130282192,0.11384423130282192,0.4904,True,True
Marion,12083.0,171467.0,7887.0,0.045997188963474024,0.0211,0.1769,0.013588112238659984,0.0211,0.1769,0.013588112238659984,0.013588112238659984,0.1769,True,True
Martin,12085.0,67665.0,3970.0,0.058671395847188355,0.1633,0.5358,0.14008271449878326,0.1633,0.5358,0.14008271449878326,0.14008271449878326,0.5358,True,True
Miami-Dade,12086.0,492181.0,199267.0,0.4048652833002493,0.3655,0.752,0.102567209146712,0.3655,0.752,0.102567209146712,0.102567209146712,0.752,True,True
Monroe,12087.0,38080.0,34033.0,0.8937237394957983,0.6603,0.6899,0.41138060291574,0.6603,0.6899,0.41138060291574,0.41138060291574,0.6899,True,True
Nassau,12089.0,39005.0,3311.0,0.08488655300602486,0.1814,0.5095,0.15096521824396258,0.1814,0.5095,0.15096521824396258,0.15096521824396258,0.5095,True,True
Okaloosa,12091.0,79911.0,5087.0,0.06365831988086747,0.1154,0.6914,0.07623994440286538,0.1154,0.6914,0.07623994440286538,0.07623994440286538,0.6914,True,True
Okeechobee,12093.0,19315.0,4535.0,0.23479161273621538,0.0704,0.1885,0.034162956698240876,0.0704,0.1885,0.034162956698240876,0.034162956698240876,0.1885,True,True
Orange,12095.0,397341.0,8291.0,0.020866208118467514,0.0374,0.378,0.030141512402004886,0.0374,0.378,0.030141512402004886,0.030141512402004886,0.378,True,True
Osceola,12097.0,131130.0,13998.0,0.10674902768245252,0.0662,0.37,0.029894017006454256,0.0662,0.37,0.029894017006454256,0.029894017006454256,0.37,True,True
Palm Beach,12099.0,530976.0,43441.0,0.08181349062857832,0.1457,0.3124,0.1308464721507174,0.14570000000000002,0.3124,0.1308464721507174,0.1308464721507174,0.3124,True,True
Pasco,12101.0,229196.0,34712.0,0.15145115970610307,0.1081,0.4427,0.04837973920733839,0.1081,0.4427,0.04837973920733839,0.04837973920733839,0.4427,True,True
Pinellas,12103.0,391677.0,109496.0,0.27955687977593785,0.2088,0.5356,0.08199028283264999,0.2088,0.5356,0.08199028283264999,0.08199028283264999,0.5356,True,True
Polk,12105.0,272548.0,10682.0,0.03919309626194285,0.028,0.2881,0.01739003841659475,0.028000000000000004,0.2881,0.01739003841659475,0.01739003841659475,0.2881,True,True
Putnam,12107.0,39320.0,4257.0,0.10826551373346897,0.0282,0.1759,0.01026773807147135,0.0282,0.1759,0.01026773807147135,0.01026773807147135,0.1759,True,True
Santa Rosa,12113.0,69725.0,4822.0,0.06915740408748655,0.1563,0.7204,0.1143899157203827,0.1563,0.7204,0.1143899157203827,0.1143899157203827,0.7204,True,True
Sarasota,12115.0,210450.0,31976.0,0.15194107864100737,0.1992,0.5021,0.14493142082320112,0.1992,0.5021,0.14493142082320112,0.14493142082320112,0.5021,True,True
Seminole,12117.0,155478.0,4310.0,0.027720963737634906,0.0457,0.3882,0.035934871136748515,0.0457,0.3882,0.035934871136748515,0.035934871136748515,0.3882,True,True
St. Johns,12109.0,96803.0,10999.0,0.11362251169901759,0.2622,0.7419,0.2007084576476621,0.2622,0.7419,0.2007084576476621,0.2007084576476621,0.7419,True,True
St. Lucie,12111.0,126056.0,6131.0,0.04863711366376849,0.0944,0.3556,0.08104651073587658,0.0944,0.3556,0.08104651073587658,0.08104651073587658,0.3556,True,True
Sumter,12119.0,70279.0,2477.0,0.035245236841730816,0.0438,0.2761,0.03531341995811333,0.0438,0.2761,0.03531341995811333,0.03531341995811333,0.2761,True,True
Suwannee,12121.0,20585.0,1488.0,0.07228564488705368,0.0228,0.1815,0.010434413782269468,0.0228,0.1815,0.010434413782269468,0.010434413782269468,0.1815,True,True
Taylor,12123.0,9758.0,2670.0,0.273621643779463,0.0738,0.2341,0.013416111738148983,0.0738,0.2341,0.013416111738148983,0.013416111738148983,0.2341,True,True
Union,12125.0,4602.0,155.0,0.033681008257279446,0.0135,0.2065,0.006772993029008321,0.0135,0.2065,0.006772993029008321,0.006772993029008321,0.2065,True,True
Unknown Counties,,,,0.0,,,0.0,0.0,,0.0,0.0,0.0,True,False
Volusia,12127.0,226141.0,19090.0,0.08441635970478595,0.1232,0.4933,0.0890769626806922,0.1232,0.4933,0.0890769626806922,0.0890769626806922,0.4933,True,True
Wakulla,12129.0,13721.0,3284.0,0.23934115589242766,0.0902,0.3045,0.022770547092076276,0.0902,0.3045,0.022770547092076276,0.022770547092076276,0.3045,True,True
Walton,12131.0,42368.0,4620.0,0.10904456193353475,0.235,0.5833,0.19237135742290978,0.235,0.5833,0.19237135742290978,0.19237135742290978,0.5833,True,True
Washington,12133.0,11902.0,824.0,0.0692320618383465,0.0099,0.0631,0.005942895829572125,0.0099,0.0631,0.005942895829572125,0.005942895829572125,0.0631,True,True
