iteration,scenario,total_damage_usd,wind_total_usd,water_total_usd,underinsured_wind_usd,uninsured_wind_usd,nfip_policyholder_shortfall_usd,wind_insured_private_usd,wind_insured_citizens_usd,wind_underinsured_usd,wind_uninsured_usd,flood_insured_capped_usd,flood_un_derinsured_usd,wind_insured_private_pct,wind_insured_citizens_pct,wind_underinsured_pct,wind_uninsured_pct,flood_insured_capped_pct,flood_un_derinsured_pct,insured_private_wind_pre_usd,insured_citizens_wind_pre_usd,insured_flood_pre_usd,defaults_pre,defaults_post,rescued_defaults,group_contrib_total_usd,group_supported_companies,defaulted_premium_base_pct,largest_entity_deficit_usd,diag_group_shortfall_total_usd,diag_groups_with_shortfall,diag_groups_fully_funded_share,figa_residual_deficit_usd,figa_collected_usd,citizens_residual_deficit_usd,citizens_tier1_usd,citizens_tier2_usd,citizens_tier1_capacity_usd,citizens_tier2_capacity_usd,nfip_borrowed_usd,nfip_claims_paid_usd,nfip_pool_used_usd,nfip_fl_premium_base_usd,nfip_fl_premium_depletion_usd,underinsured_flood_usd,fhcf_cap_binding,fhcf_total_precap_usd,fhcf_total_postcap_usd,fhcf_shortfall_usd,fhcf_scaling_factor,fhcf_recovery_private_usd,fhcf_recovery_citizens_usd,catbond_payout_usd,catbond_unfilled_usd,catbond_triggers,catbond_limit_in_force_usd,catbond_issue_volume_year_usd
0,great_miami,170354720952.15982,115476747614.36989,54877973337.78994,19922993240.624397,24553881974.775215,0.0,53458808825.40357,17541063573.566692,19922993240.624397,24553881974.775215,16139856022.83992,38738117314.95003,31.380878983926863,10.29678747705072,11.695005063123146,14.413385104643272,9.474264013717839,22.739679357538165,53458808825.40357,17541063573.566692,16139856022.83992,99,99,0,0.0,0,85.23525817251503,4247223251.0238247,0.0,0,1.0,27471626927.99214,941278680.0,8005774534.118271,539937478.65,359958319.1,539937478.65,359958319.1,12698856022.83992,16139856022.83992,3441000000.0,1395853723.0,1395853723.0,0.0,False,13935481757.096535,13935481757.096535,0.0,1.0,5473510334.741239,8461971422.355295,1551057600.0133169,0.0,13,9464500000.0,9464500000.0
1,great_miami,170354720952.1598,122098397451.71487,48256323500.44493,15762687260.102915,55410418620.68648,0.0,41836063857.78985,9089227713.135649,15762687260.102915,55410418620.68648,14204949013.943722,34051374486.501213,24.55820632616254,5.335471575036744,9.25286201169001,32.52649431197578,8.338453395684207,19.988512379450736,41836063857.78985,9089227713.135649,14204949013.943722,99,99,0,0.0,0,85.23525817251503,1847907774.7794952,0.0,0,1.0,16940417000.38509,941278680.0,4108730524.887568,539937478.65,359958319.1,539937478.65,359958319.1,10763949013.943722,14204949013.943722,3441000000.0,1395853723.0,1395853723.0,0.0,False,8446029489.190157,8446029489.190157,0.0,1.0,4497331940.826147,3948697548.3640094,1394182976.712678,0.0,12,9464500000.0,9464500000.0
2,great_miami,170354720952.1598,124331914921.63553,46022806030.52427,25564149557.369484,51690190320.26562,0.0,33176782616.97474,13900792427.025713,25564149557.369484,51690190320.26562,13552294658.428234,32470511372.09603,19.47511781977071,8.159910303236874,15.006422724585711,30.34268145394199,7.955338474144244,19.060529224320486,33176782616.97474,13900792427.025713,13552294658.428234,95,95,0,0.0,0,84.1708047859382,1077450872.3015776,0.0,0,1.0,10094789994.523338,11755080.0,8213523397.958416,539937478.65,359958319.1,539937478.65,359958319.1,10111294658.428234,13552294658.428234,3441000000.0,1395853723.0,1395853723.0,0.0,False,8476119291.616998,8476119291.616998,0.0,1.0,3953561880.535925,4522557411.081073,1248056013.1970077,0.0,11,9464500000.0,9464500000.0
3,great_miami,170354720952.15982,107083692470.4876,63271028481.672226,8729358727.163004,40365032050.28331,0.0,45442356828.50877,12546944864.532501,8729358727.163004,40365032050.28331,18592383961.173428,44678644520.498795,26.675137955977284,7.365187647518157,5.124224722609503,23.69469529501263,10.913923522198523,26.22683085668389,45442356828.50877,12546944864.532501,18592383961.173428,98,98,0,0.0,0,85.07790849291106,3028802351.669552,0.0,0,1.0,21069588689.67308,1737660.0,6944248057.464965,539937478.65,359958319.1,539937478.65,359958319.1,15151383961.173428,18592383961.173428,3441000000.0,1395853723.0,1395853723.0,0.0,False,9462849659.014431,9462849659.014431,0.0,1.0,4940292247.933359,4522557411.081073,1421970008.587481,0.0,12,9464500000.0,9464500000.0
4,great_miami,170354720952.15982,118083066287.2435,52271654664.91632,25822658431.74582,44535224779.3661,0.0,39122248529.24953,8602934546.882042,25822658431.74582,44535224779.3661,15378265725.642593,36893388939.27373,22.965168391333343,5.050012408695135,15.158170133129165,26.142641971086196,9.027202556928977,21.65680453882718,39122248529.24953,8602934546.882042,15378265725.642593,98,98,0,0.0,0,84.80863576507527,2335063786.7793617,0.0,0,1.0,15271997592.276318,4711320.0,4640250686.710558,539937478.65,359958319.1,539937478.65,359958319.1,11937265725.642593,15378265725.642593,3441000000.0,1395853723.0,1395853723.0,0.0,False,7397574039.701924,7397574039.701924,0.0,1.0,4488688312.727419,2908885726.9745054,1328823075.1938968,0.0,11,9464500000.0,9464500000.0
5,great_miami,170354720952.15985,121538505912.46906,48816215039.690796,16960629736.145027,43610328583.410446,0.0,47979714501.32375,12987833091.589804,16960629736.145027,43610328583.410446,14368554473.32616,34447660566.36463,28.16459340436931,7.623993640444596,9.956066753740288,25.599718246527132,8.434491508668687,20.22113644624997,47979714501.32375,12987833091.589804,14368554473.32616,99,99,0,0.0,0,85.23525817251503,3365962557.4350147,0.0,0,1.0,22136800602.51609,941278680.0,5143704589.203147,539937478.65,359958319.1,539937478.65,359958319.1,10927554473.32616,14368554473.32616,3441000000.0,1395853723.0,1395853723.0,0.0,False,12176947335.58641,12176947335.58641,0.0,1.0,5370816130.432811,6806131205.153599,1474163485.8579118,0.0,13,9464500000.0,9464500000.0
6,great_miami,170354720952.1598,97264918575.59146,73089802376.56834,28242729817.268394,43394947710.84364,0.0,20419750064.869946,5207490982.609483,28242729817.268394,43394947710.84364,21461520036.725723,51628282339.84263,11.986606505964906,3.05685158210079,16.578777306206685,25.473287425377617,12.598136357343861,30.30634082300616,20419750064.869946,5207490982.609483,21461520036.725723,48,48,0,0.0,0,52.454828319552036,174851316.3549512,0.0,0,1.0,1098674101.753395,362004180.0,4063110433.095225,539937478.65,359958319.1,539937478.65,359958319.1,18020520036.725723,21461520036.725723,3441000000.0,1395853723.0,1395853723.0,0.0,False,2410393656.8594837,2410393656.8594837,0.0,1.0,2410393656.8594837,0.0,1140000000.0000002,0.0,8,9464500000.0,9464500000.0
7,great_miami,170354720952.15982,108075072340.85918,62279648611.30064,30790590380.416714,50871222697.03714,0.0,20284693785.114315,6128565478.291003,30790590380.416714,50871222697.03714,18302693641.27126,43976954970.02937,11.907327059524697,3.597531928693699,18.074398060892914,29.86193890765325,10.743872279542606,25.814931763692822,20284693785.114315,6128565478.291003,18302693641.27126,41,41,0,0.0,0,41.0444963117824,154975803.27451116,0.0,0,1.0,690857793.3970141,488011920.0,3591662111.821719,539937478.65,359958319.1,539937478.65,359958319.1,14861693641.27126,18302693641.27126,3441000000.0,1395853723.0,1395853723.0,0.0,False,3776739875.469894,3776739875.469894,0.0,1.0,2366952213.2833786,1409787662.1865153,1139999999.9999998,0.0,8,9464500000.0,9464500000.0
8,great_miami,170354720952.15985,137227641023.11108,33127079929.048756,19875363451.55645,62436267461.76841,0.0,41231004890.83631,13685005218.94988,19875363451.55645,62436267461.76841,9784044836.786303,23343035092.26245,24.20303039468749,8.033240958900691,11.667045879601998,36.650740943834585,5.743336481725049,13.702605341250154,41231004890.83631,13685005218.94988,9784044836.786303,99,99,0,0.0,0,85.23525817251503,2185882056.1908865,0.0,0,1.0,16346999013.00531,941278680.0,6848999558.994175,539937478.65,359958319.1,539937478.65,359958319.1,6343044836.786303,9784044836.786303,3441000000.0,1395853723.0,1395853723.0,0.0,False,10328972564.404402,10328972564.404402,0.0,1.0,4587043649.120401,5741928915.284,1355107393.6323192,0.0,12,9464500000.0,9464500000.0
9,great_miami,170354720952.15982,144354729782.52716,25999991169.63265,29513455742.44471,72436612410.17064,0.0,33812100457.425327,8592561172.486473,29513455742.44471,72436612410.17064,7701443924.269789,18298547245.36286,19.84805602594405,5.043923129608774,17.324706692885183,42.521047849629475,4.520828000083755,10.741438301848754,33812100457.425327,8592561172.486473,7701443924.269789,93,93,0,0.0,0,83.72443828348511,1418646329.055029,0.0,0,1.0,10585965221.067034,16684440.0,4547232416.416262,539937478.65,359958319.1,539937478.65,359958319.1,4260443924.2697887,7701443924.269789,3441000000.0,1395853723.0,1395853723.0,0.0,False,6967980843.734306,6967980843.734306,0.0,1.0,3995413781.551305,2972567062.183001,1289766886.5327277,0.0,11,9464500000.0,9464500000.0
10,great_miami,170354720952.1598,134301182743.9878,36053538208.172005,53123664515.45148,58725092462.02701,0.0,18989687310.265213,3462738456.244096,53123664515.45148,58725092462.02701,10639182872.56445,25414355335.60755,11.147144736656891,2.0326636308579475,31.184145774492528,34.47224246783193,6.245311437862775,14.91849195229793,18989687310.265213,3462738456.244096,10639182872.56445,32,32,0,0.0,0,32.68889744550855,127685330.57260114,0.0,0,1.0,177997104.88458657,580285320.0,2377625542.9119406,539937478.65,359958319.1,539937478.65,359958319.1,7198182872.564449,10639182872.56445,3441000000.0,1395853723.0,1395853723.0,0.0,False,2074260900.6824727,2074260900.6824727,0.0,1.0,2074260900.6824727,0.0,1140000000.0,0.0,8,9464500000.0,9464500000.0
11,great_miami,170354720952.1598,72939444933.27982,97415276018.87999,7714849761.897645,42381886779.00403,0.0,18224327429.622192,4618380962.755938,7714849761.897645,42381886779.00403,28569647255.98392,68845628762.89607,10.697870495024366,2.711037849108334,4.528697366751687,24.87861008026071,16.77068125632224,40.41310295253267,18224327429.622192,4618380962.755938,28569647255.98392,23,23,0,0.0,0,26.754791759834003,117033463.04775697,0.0,0,1.0,0.0,522606437.6978725,2601536868.2456107,539937478.65,359958319.1,539937478.65,359958319.1,25128647255.98392,28569647255.98392,3441000000.0,1395853723.0,1395853723.0,0.0,False,2971826891.2089562,2971826891.2089562,0.0,1.0,2058093848.519512,913733042.6894443,1140000000.0000002,0.0,8,9464500000.0,9464500000.0
12,great_miami,170354720952.15982,115396731279.06247,54957989673.09734,26698748291.85028,43402351980.53089,0.0,35789554159.270294,9506076847.410995,26698748291.85028,43402351980.53089,16163237532.254585,38794752140.84276,21.00884199700046,5.580166369490023,15.672444028920108,25.477633808997542,9.487989203888079,22.77292459170378,35789554159.270294,9506076847.410995,16163237532.254585,93,93,0,0.0,0,83.66361408324455,1546612359.1903057,0.0,0,1.0,12260058160.972422,17356140.0,4592783637.931462,539937478.65,359958319.1,539937478.65,359958319.1,12722237532.254585,16163237532.254585,3441000000.0,1395853723.0,1395853723.0,0.0,False,8144449193.759279,8144449193.759279,0.0,1.0,4297075752.512805,3847373441.2464743,1269321074.9011283,0.0,11,9464500000.0,9464500000.0
13,great_miami,170354720952.1598,141190270443.6247,29164450508.535095,26624908425.70344,48840906921.55205,0.0,50619746121.897354,15104708974.471867,26624908425.70344,48840906921.55205,8626128059.58559,20538322448.949512,29.71431953219115,8.866621887581076,15.629099256474632,28.670122347397637,5.063627242832936,12.056209733522577,50619746121.897354,15104708974.471867,8626128059.58559,99,99,0,0.0,0,85.23525817251503,3351324895.9732857,0.0,0,1.0,24866971747.224663,941278680.0,8716597069.141933,539937478.65,359958319.1,539937478.65,359958319.1,5185128059.58559,8626128059.58559,3441000000.0,1395853723.0,1395853723.0,0.0,False,10638341602.398771,10638341602.398771,0.0,1.0,5344250155.773979,5294091446.624792,1466613097.853852,0.0,13,9464500000.0,9464500000.0
14,great_miami,170354720952.15982,91651138204.5737,78703582747.58612,12780336090.370535,32583099337.983578,0.0,37941241074.01421,8346461702.205367,12780336090.370535,32583099337.983578,23101918314.059193,55601664433.52692,22.27190468332787,4.8994601708450904,7.50219073409747,19.12661953591165,13.561067274764186,32.63875760105372,37941241074.01421,8346461702.205367,23101918314.059193,97,97,0,0.0,0,84.7224713174098,1806113408.281208,0.0,0,1.0,14163049223.041216,5662860.0,4495423125.203714,539937478.65,359958319.1,539937478.65,359958319.1,19660918314.059193,23101918314.059193,3441000000.0,1395853723.0,1395853723.0,0.0,False,7183654802.678104,7183654802.678104,0.0,1.0,4387215296.019594,2796439506.65851,1371871275.225637,0.0,12,9464500000.0,9464500000.0
15,great_miami,170354720952.15985,117881096024.04422,52473624928.11562,14861266814.839476,60734717199.10186,0.0,34106199693.97268,8178912316.130191,14861266814.839476,60734717199.10186,15437283294.896849,37036341633.218765,20.02069534870748,4.801106931710479,8.723718797915154,35.65191317249012,9.061846486327815,21.740719262848934,34106199693.97268,8178912316.130191,15437283294.896849,93,93,0,0.0,0,81.8185409005122,1632692391.4378567,0.0,0,1.0,11442503811.027847,37731840.0,3020393907.9621673,539937478.65,359958319.1,539937478.65,359958319.1,11996283294.896849,15437283294.896849,3441000000.0,1395853723.0,1395853723.0,0.0,False,7483989487.199215,7483989487.199215,0.0,1.0,3352123729.1026483,4131865758.096566,1257182086.4244308,0.0,11,9464500000.0,9464500000.0
16,great_miami,170354720952.15982,144866732797.40918,25487988154.750637,29005843894.239697,55933104022.77636,0.0,46038710640.68221,13889074239.710922,29005843894.239697,55933104022.77636,7551831932.333287,17936156222.417347,27.02520387069937,8.153031604924731,17.026733237633792,32.833316100751844,4.433004198606297,10.528710987383967,46038710640.68221,13889074239.710922,7551831932.333287,99,99,0,0.0,0,85.23525817251503,2655576200.2484493,0.0,0,1.0,20773600557.549774,941278680.0,4907725324.560846,539937478.65,359958319.1,539937478.65,359958319.1,4110831932.3332872,7551831932.333287,3441000000.0,1395853723.0,1395853723.0,0.0,False,12797415155.221107,12797415155.221107,0.0,1.0,4853456742.166504,7943958413.054603,1413112263.311408,0.0,12,9464500000.0,9464500000.0
17,great_miami,170354720952.15982,145640748182.68356,24713972769.476265,34568018430.46896,65259257493.87698,0.0,37254262083.49488,8559210174.842712,34568018430.46896,65259257493.87698,7325657514.967635,17388315254.508633,21.86864084263146,5.02434574574917,20.291787769225717,38.3078655696331,4.3002374539563695,10.20712261880417,37254262083.49488,8559210174.842712,7325657514.967635,96,96,0,0.0,0,84.304590860679,1329610523.5259109,0.0,0,1.0,13430437470.259647,10277640.0,4876233515.337699,539937478.65,359958319.1,539937478.65,359958319.1,3884657514.967635,7325657514.967635,3441000000.0,1395853723.0,1395853723.0,0.0,False,7125512543.095028,7125512543.095028,0.0,1.0,4509887069.849119,2615625473.2459083,1296367249.5462651,0.0,11,9464500000.0,9464500000.0
18,great_miami,170354720952.1598,105024777429.31725,65329943522.84256,11444995157.226345,44374881082.77732,0.0,38690345133.60379,10514556055.709808,11444995157.226345,44374881082.77732,19194017880.474667,46135925642.36789,22.71163658826284,6.172154195047274,6.718331663048192,26.048518546920096,11.267088914938181,27.08227009178343,38690345133.60379,10514556055.709808,19194017880.474667,98,98,0,0.0,0,84.80863576507527,2094466845.356184,0.0,0,1.0,15085840447.921076,4711320.0,4930518599.471652,539937478.65,359958319.1,539937478.65,359958319.1,15753017880.474667,19194017880.474667,3441000000.0,1395853723.0,1395853723.0,0.0,False,8784633573.801836,8784633573.801836,0.0,1.0,4262076162.7207627,4522557411.081073,1319644408.6548831,0.0,11,9464500000.0,9464500000.0
19,great_miami,170354720952.15982,150759038836.37552,19595682115.784306,31482331761.71061,52740980292.68106,0.0,54156846645.484566,12378880136.499283,31482331761.71061,52740980292.68106,5830045892.084337,13765636223.699974,31.79063447304948,7.266531897273105,18.48045747470168,30.959506139834037,3.422297814524066,8.080572200617636,54156846645.484566,12378880136.499283,5830045892.084337,99,99,0,0.0,0,85.23525817251503,4410993428.911794,0.0,0,1.0,27869889852.458176,941278680.0,5308789978.703281,539937478.65,359958319.1,539937478.65,359958319.1,2389045892.084337,5830045892.084337,3441000000.0,1395853723.0,1395853723.0,0.0,False,11669147378.139961,11669147378.139961,0.0,1.0,5624797160.123016,6044350218.016946,1651967992.9324179,0.0,13,9464500000.0,9464500000.0
20,great_miami,170354720952.15982,151026343414.9998,19328377537.16003,48006160817.32728,55259369520.07218,0.0,38954501248.91095,8806311828.68936,48006160817.32728,55259369520.07218,5751937034.715711,13576440502.444315,22.866698986199754,5.169396996730375,28.180117668009153,32.43782691269853,3.37644709965567,7.9695123367065035,38954501248.91095,8806311828.68936,5751937034.715711,97,97,0,0.0,0,84.71440307825328,2167263370.979499,0.0,0,1.0,15046591275.047745,5751960.0,4659399952.884647,539937478.65,359958319.1,539937478.65,359958319.1,2310937034.7157106,5751937034.715711,3441000000.0,1395853723.0,1395853723.0,0.0,False,7646110271.402333,7646110271.402333,0.0,1.0,4554371029.106876,3091739242.295457,1327194850.3579812,0.0,11,9464500000.0,9464500000.0
21,great_miami,170354720952.15985,121752265665.05548,48602455287.10436,25847515324.082222,53000340758.08726,0.0,34483073192.43727,8421336390.448701,25847515324.082222,53000340758.08726,14306091906.796782,34296363380.30757,20.24192402752433,4.943412394666559,15.172761388480039,31.111753441204115,8.397825329897557,20.132323418227376,34483073192.43727,8421336390.448701,14306091906.796782,95,95,0,0.0,0,84.13435373105533,1245822686.0067725,0.0,0,1.0,11007819683.261442,12157620.0,4443617589.374767,539937478.65,359958319.1,539937478.65,359958319.1,10865091906.796782,14306091906.796782,3441000000.0,1395853723.0,1395853723.0,0.0,False,7150820940.212145,7150820940.212145,0.0,1.0,4241025247.9668927,2909795692.2452526,1292878321.213107,0.0,11,9464500000.0,9464500000.0
22,great_miami,170354720952.1598,103098541255.98134,67256179696.17846,12534406101.967062,41001689052.96836,0.0,38114634454.72298,11447811646.32295,12534406101.967062,41001689052.96836,19756881813.80392,47499297882.374535,22.373688408333926,6.719984971556969,7.357827262965645,24.068419603400805,11.597495921085855,27.882583832656817,38114634454.72298,11447811646.32295,19756881813.80392,96,96,0,0.0,0,84.29584890997002,2247279656.2631683,0.0,0,1.0,14222580952.77591,10374180.0,4567688623.723359,539937478.65,359958319.1,539937478.65,359958319.1,16315881813.80392,19756881813.80392,3441000000.0,1395853723.0,1395853723.0,0.0,False,10373963556.911339,10373963556.911339,0.0,1.0,4550164268.856923,5823799288.054416,1352196770.4813387,0.0,12,9464500000.0,9464500000.0
23,great_miami,170354720952.15976,139180269928.40005,31174451023.759712,24688038286.79834,61451158810.23032,0.0,43369427473.84316,9671645357.52827,24688038286.79834,61451158810.23032,9213468704.338327,21960982319.421383,25.458306779782454,5.67735681375354,14.492136260627268,36.07247187912537,5.408402334165849,12.891325932545552,43369427473.84316,9671645357.52827,9213468704.338327,98,98,0,0.0,0,84.80863576507527,3204025853.27285,0.0,0,1.0,19171883300.69377,4711320.0,5120129982.498394,539937478.65,359958319.1,539937478.65,359958319.1,5772468704.338327,9213468704.338327,3441000000.0,1395853723.0,1395853723.0,0.0,False,8308307764.727533,8308307764.727533,0.0,1.0,4807041358.023596,3501266406.703938,1348063986.2023444,0.0,12,9464500000.0,9464500000.0
24,great_miami,170354720952.15982,108398327199.41904,61956393752.740776,19358936677.617615,53621018803.27837,0.0,28424952641.797882,6993419076.725163,19358936677.617615,53621018803.27837,18208235597.301666,43748158155.43912,16.68574400693032,4.10521002155796,11.363897970901625,31.476097934695098,10.688424421425355,25.68062564448964,28424952641.797882,6993419076.725163,18208235597.301666,81,81,0,0.0,0,76.42993511234113,518624739.1448896,0.0,0,1.0,5979822966.537031,97239840.0,4617996663.353418,539937478.65,359958319.1,539937478.65,359958319.1,14767235597.301666,18208235597.301666,3441000000.0,1395853723.0,1395853723.0,0.0,False,4836361769.582761,4836361769.582761,0.0,1.0,3564771840.304729,1271589929.2780318,1211806056.6819575,0.0,10,9464500000.0,9464500000.0
25,great_miami,170354720952.15985,135890095513.06764,34464625439.09219,20633568236.17684,49030516389.43794,0.0,52793409623.32235,13432601264.130484,20633568236.17684,49030516389.43794,10174887941.703243,24289737497.38894,30.990282704374334,7.885077201883191,12.11212000515753,28.781425084900945,5.972765465396537,14.258329538287434,52793409623.32235,13432601264.130484,10174887941.703243,99,99,0,0.0,0,85.23525817251503,3565861699.061529,0.0,0,1.0,26688060432.196457,941278680.0,5209526893.745198,539937478.65,359958319.1,539937478.65,359958319.1,6733887941.703243,10174887941.703243,3441000000.0,1395853723.0,1395853723.0,0.0,False,12765938844.89333,12765938844.89333,0.0,1.0,5569918217.13003,7196020627.7633,1526553136.867851,0.0,13,9464500000.0,9464500000.0
26,great_miami,170354720952.15982,130211157146.91243,40143563805.24739,28910164395.820248,50805970513.8603,0.0,43977558512.821304,6517463724.410563,28910164395.820248,50805970513.8603,11834325984.740728,28309237820.506668,25.81528604961372,3.8258192599433993,16.970568373000358,29.823635194781588,6.94687292409356,16.617818198567367,43977558512.821304,6517463724.410563,11834325984.740728,98,98,0,0.0,0,84.87175275785725,2222642549.6346397,0.0,0,1.0,19376248704.262432,4014300.0,4852221406.096457,539937478.65,359958319.1,539937478.65,359958319.1,8393325984.740728,11834325984.740728,3441000000.0,1395853723.0,1395853723.0,0.0,False,5665011309.8410425,5665011309.8410425,0.0,1.0,5043007408.980451,622003900.8605915,1507769187.1972964,0.0,12,9464500000.0,9464500000.0
27,great_miami,170354720952.1598,138465976246.60553,31888744705.554256,26451628555.15121,66819427294.66663,0.0,35007970022.40816,10186950374.37956,26451628555.15121,66819427294.66663,9422191890.442156,22466552815.112103,20.550043947557718,5.9798462393304215,15.527382163115716,39.223701533596675,5.530925023843725,13.18810109255576,35007970022.40816,10186950374.37956,9422191890.442156,96,96,0,0.0,0,84.51750001073049,1315366259.4631205,0.0,0,1.0,11760538383.76455,7926420.0,4672836392.931601,539937478.65,359958319.1,539937478.65,359958319.1,5981191890.442156,9422191890.442156,3441000000.0,1395853723.0,1395853723.0,0.0,False,8378954507.879116,8378954507.879116,0.0,1.0,3934760505.1013107,4444194002.777805,1287659088.0384707,0.0,11,9464500000.0,9464500000.0
28,great_miami,170354720952.15976,153379869012.5221,16974851939.63767,25850215004.71682,63661286420.00687,0.0,49538262636.9451,14330104950.853348,25850215004.71682,63661286420.00687,5064215200.108925,11910636739.528744,29.07947743394607,8.411921237496923,15.17434612920194,37.36983986365995,2.972747201723335,6.991668133971805,49538262636.9451,14330104950.853348,5064215200.108925,99,99,0,0.0,0,85.23525817251503,2409650662.6977053,0.0,0,1.0,24077279967.689693,941278680.0,8710614728.728958,539937478.65,359958319.1,539937478.65,359958319.1,1623215200.1089249,5064215200.108925,3441000000.0,1395853723.0,1395853723.0,0.0,False,9613450505.605686,9613450505.605686,0.0,1.0,5090893094.524612,4522557411.081073,1431090806.024102,0.0,13,9464500000.0,9464500000.0
29,great_miami,170354720952.15982,114141367201.53343,56213353750.62638,16274251525.268015,46785457607.34972,0.0,37795604725.52215,13286053343.39355,16274251525.268015,46785457607.34972,16530066466.431715,39683287284.194664,22.18641462606497,7.79905204219414,9.55315557696711,27.46355213747691,9.703321618585376,23.294503998711484,37795604725.52215,13286053343.39355,16530066466.431715,97,97,0,0.0,0,84.65128608547128,2347439550.9949846,0.0,0,1.0,14070159997.053772,6448980.0,4575000162.892569,539937478.65,359958319.1,539937478.65,359958319.1,13089066466.431715,16530066466.431715,3441000000.0,1395853723.0,1395853723.0,0.0,False,12040836622.522669,12040836622.522669,0.0,1.0,4386925812.300556,7653910810.222113,1305901178.962954,0.0,11,9464500000.0,9464500000.0
30,great_miami,170354720952.1598,66028497146.8855,104326223805.27429,15884119655.860174,30047581560.757725,0.0,16400539691.193253,3696256239.074358,15884119655.860174,30047581560.757725,30589089787.450005,73737134017.8243,9.627288049034442,2.1697410077131742,9.324144095966007,17.63824412544217,17.95611510880303,43.28446761304119,16400539691.193253,3696256239.074358,30589089787.450005,20,20,0,0.0,0,26.219364936671386,56585581.821444094,0.0,0,1.0,5.960464477539063e-08,264776432.26084483,2575323343.337361,539937478.65,359958319.1,539937478.65,359958319.1,27148089787.450005,30589089787.450005,3441000000.0,1395853723.0,1395853723.0,0.0,False,1869451573.6743748,1869451573.6743748,0.0,1.0,1869451573.6743748,0.0,1140000000.0,0.0,8,9464500000.0,9464500000.0
31,great_miami,170354720952.15982,141539173169.47046,28815547782.689373,37213467976.46949,40104790422.246216,0.0,49040139295.72596,15180775475.028784,37213467976.46949,40104790422.246216,8524175472.806614,20291372309.882748,28.787073831371977,8.911273717675222,21.844694275845768,23.541930741977335,5.0037800098304475,11.91124742329924,49040139295.72596,15180775475.028784,8524175472.806614,99,99,0,0.0,0,85.23525817251503,2405434202.531187,0.0,0,1.0,23462182271.93524,941278680.0,9545304989.219875,539937478.65,359958319.1,539937478.65,359958319.1,5083175472.806614,8524175472.806614,3441000000.0,1395853723.0,1395853723.0,0.0,False,9683283577.056787,9683283577.056787,0.0,1.0,5160726165.975715,4522557411.081073,1494212352.7928338,0.0,12,9464500000.0,9464500000.0
32,great_miami,170354720952.1598,113314423554.1891,57040297397.97068,23421738035.470856,41286343928.221596,0.0,37742019163.27779,10864322427.218878,23421738035.470856,41286343928.221596,16771707008.97213,40268590388.99856,22.15495934150059,6.377470707295439,13.748804790709798,24.23551498746895,9.845167140206275,23.638083032818955,37742019163.27779,10864322427.218878,16771707008.97213,98,98,0,0.0,0,84.87175275785725,1552610882.0884724,0.0,0,1.0,13974842348.977938,4014300.0,4841085096.631308,539937478.65,359958319.1,539937478.65,359958319.1,13330707008.97213,16771707008.97213,3441000000.0,1395853723.0,1395853723.0,0.0,False,9440385020.812122,9440385020.812122,0.0,1.0,4481390486.412351,4958994534.399771,1269036133.058374,0.0,11,9464500000.0,9464500000.0
33,great_miami,170354720952.1598,141137749403.03568,29216971549.12413,11400789715.085642,55236197613.3004,0.0,58612347911.15729,15888414163.49236,11400789715.085642,55236197613.3004,8641475190.896748,20575496358.227383,34.40606023922121,9.326665016788267,6.692382606929509,32.42422476146829,5.072636169163465,12.078031206429282,58612347911.15729,15888414163.49236,8641475190.896748,99,99,0,0.0,0,85.23525817251503,3749282544.372217,0.0,0,1.0,31753556738.728046,941278680.0,6381382524.267614,539937478.65,359958319.1,539937478.65,359958319.1,5200475190.896748,8641475190.896748,3441000000.0,1395853723.0,1395853723.0,0.0,False,14669624769.38861,14669624769.38861,0.0,1.0,6197600261.045788,8472024508.342823,1660266462.5153701,0.0,13,9464500000.0,9464500000.0
34,great_miami,170354720952.1598,131421656108.86371,38933064843.29609,21562659872.62772,71458495152.94168,0.0,31727015823.77672,6673485259.5176,21562659872.62772,71458495152.94168,11480607050.143562,27452457793.152527,18.624089574063827,3.9174055301887964,12.657506497095023,41.94688280638208,6.739236216041014,16.114879376229275,31727015823.77672,6673485259.5176,11480607050.143562,93,93,0,0.0,0,83.63077607821965,1105517510.808124,0.0,0,1.0,8783277095.764633,17718780.0,3906129983.028697,539937478.65,359958319.1,539937478.65,359958319.1,8039607050.143562,11480607050.143562,3441000000.0,1395853723.0,1395853723.0,0.0,False,5424747431.352333,5424747431.352333,0.0,1.0,3721579760.1156745,1703167671.2366588,1244461436.2525802,0.0,11,9464500000.0,9464500000.0
35,great_miami,170354720952.1598,101123336944.37926,69231384007.78053,22443202545.158497,51470884916.12058,0.0,20702441949.582073,6506807533.518097,22443202545.158497,51470884916.12058,20334054687.695007,48897329320.08553,12.152549594088372,3.819563964620261,13.174394240275358,30.21394689177707,11.936302424753675,28.703242884485263,20702441949.582073,6506807533.518097,20334054687.695007,41,41,0,0.0,0,47.68291852713833,225362280.06459868,0.0,0,1.0,906066811.8924057,414701820.0,4111410344.0942664,539937478.65,359958319.1,539937478.65,359958319.1,16893054687.695007,20334054687.695007,3441000000.0,1395853723.0,1395853723.0,0.0,False,3759754519.391692,3759754519.391692,0.0,1.0,2508548613.974421,1251205905.4172714,1145286156.4410777,0.0,9,9464500000.0,9464500000.0
36,great_miami,170354720952.1598,129246244313.64516,41108476638.51464,13309089570.064589,60436778815.3057,0.0,44153338737.237495,11347037191.037382,13309089570.064589,60436778815.3057,12116282392.8753,28992194245.639343,25.918470876798853,6.660829314042865,7.812574547788517,35.47702023020424,7.11238427978634,17.018720751379195,44153338737.237495,11347037191.037382,12116282392.8753,99,99,0,0.0,0,85.23525817251503,3152391107.7505674,0.0,0,1.0,18958916757.53494,941278680.0,4885246432.174146,539937478.65,359958319.1,539937478.65,359958319.1,8675282392.8753,12116282392.8753,3441000000.0,1395853723.0,1395853723.0,0.0,False,10165598464.925137,10165598464.925137,0.0,1.0,4746224393.104219,5419374071.820917,1454682693.8906531,0.0,12,9464500000.0,9464500000.0
37,great_miami,170354720952.1598,149772484463.15396,20582236489.005814,16360079677.729727,62221601533.84534,0.0,54885205565.09825,16305597686.480673,16360079677.729727,62221601533.84534,6118326157.319394,14463910331.68642,32.21818876420308,9.571556100907662,9.603537598658084,36.52472980265621,3.5915213403669544,8.490466393208015,54885205565.09825,16305597686.480673,6118326157.319394,99,99,0,0.0,0,85.23525817251503,5239150326.508678,0.0,0,1.0,28778241509.567,941278680.0,8953251456.768307,539937478.65,359958319.1,539937478.65,359958319.1,2677326157.319394,6118326157.319394,3441000000.0,1395853723.0,1395853723.0,0.0,False,11833219294.340097,11833219294.340097,0.0,1.0,5565089710.746983,6268129583.593115,1590159411.1535325,0.0,13,9464500000.0,9464500000.0
38,great_miami,170354720952.1598,120871354955.96638,49483365996.19341,17202173168.34458,52024270348.117775,0.0,41916553518.48805,9728357921.016,17202173168.34458,52024270348.117775,14563502121.335026,34919863874.858376,24.60545459744515,5.710647680699137,10.097855270577103,30.5387899186707,8.548927813644127,20.4983247189638,41916553518.48805,9728357921.016,14563502121.335026,98,98,0,0.0,0,84.80863576507527,2799294982.141535,0.0,0,1.0,18003718202.913486,4711320.0,4172702122.232898,539937478.65,359958319.1,539937478.65,359958319.1,11122502121.335026,14563502121.335026,3441000000.0,1395853723.0,1395853723.0,0.0,False,9045720553.857094,9045720553.857094,0.0,1.0,4523163142.776022,4522557411.081073,1331399738.1521785,0.0,12,9464500000.0,9464500000.0
39,great_miami,170354720952.1598,116765845543.29294,53588875408.86685,18411822298.312965,48475010073.05072,0.0,40790481506.18796,9088531665.741295,18411822298.312965,48475010073.05072,15763169746.897104,37825705661.96975,23.944438568064708,5.335062987948306,10.807931940720037,28.45533707672464,9.253145236476204,22.20408419006611,40790481506.18796,9088531665.741295,15763169746.897104,97,97,0,0.0,0,82.9876097382397,2433373046.4566708,0.0,0,1.0,17175699039.5803,24821460.0,3545243537.789507,539937478.65,359958319.1,539937478.65,359958319.1,12322169746.897104,15763169746.897104,3441000000.0,1395853723.0,1395853723.0,0.0,False,8691316984.474575,8691316984.474575,0.0,1.0,4168759573.3935013,4522557411.081073,1360305998.9085426,0.0,11,9464500000.0,9464500000.0
40,great_miami,170354720952.1598,109657780241.67029,60696940710.48951,17416437976.76586,27886614752.797565,0.0,50955539102.33227,13399188409.774597,17416437976.76586,27886614752.797565,17840211830.009754,42856728880.479774,29.911433517972164,7.86546350748768,10.223630950419548,16.369734044898514,10.472390627213535,25.15734735200858,50955539102.33227,13399188409.774597,17840211830.009754,99,99,0,0.0,0,85.23525817251503,2999881034.783576,0.0,0,1.0,25090853597.570835,941278680.0,6213237737.051903,539937478.65,359958319.1,539937478.65,359958319.1,14399211830.009754,17840211830.009754,3441000000.0,1395853723.0,1395853723.0,0.0,False,11529486970.99088,11529486970.99088,0.0,1.0,5393297361.393188,6136189609.597691,1485217626.7432418,0.0,13,9464500000.0,9464500000.0
41,great_miami,170354720952.15982,155977617674.48193,14377103277.67789,23387667439.99665,77864801722.32986,0.0,45815393747.893036,8909754764.262358,23387667439.99665,77864801722.32986,4305129138.954102,10071974138.72379,26.89411452281339,5.230119080036799,13.728804995409863,45.70745165565232,2.5271557576400228,5.9123539884475935,45815393747.893036,8909754764.262358,4305129138.954102,99,99,0,0.0,0,85.23525817251503,2743241066.3375483,0.0,0,1.0,20026066251.89711,941278680.0,4897130749.630085,539937478.65,359958319.1,539937478.65,359958319.1,864129138.9541016,4305129138.954102,3441000000.0,1395853723.0,1395853723.0,0.0,False,8286519720.020971,8286519720.020971,0.0,1.0,5313128879.040575,2973390840.980396,1479500210.857226,0.0,12,9464500000.0,9464500000.0
42,great_miami,170354720952.1598,127294965191.92844,43059755760.23137,37559782436.98255,46175236521.322426,0.0,34403865624.76207,9156080608.861408,37559782436.98255,46175236521.322426,12686464106.143957,30373291654.087406,20.195428358233528,5.37471492288886,22.047984480295295,27.10534598820404,7.447086899168857,17.829439351209437,34403865624.76207,9156080608.861408,12686464106.143957,95,95,0,0.0,0,84.42458214806734,1481395928.5098643,0.0,0,1.0,11289253714.189295,8952540.0,4888026873.090903,539937478.65,359958319.1,539937478.65,359958319.1,9245464106.143957,12686464106.143957,3441000000.0,1395853723.0,1395853723.0,0.0,False,7038778850.040918,7038778850.040918,0.0,1.0,3848679840.841931,3190099009.198988,1269687546.9888568,0.0,11,9464500000.0,9464500000.0
43,great_miami,170354720952.15982,132946722927.72125,37407998024.438576,21077385259.97988,53544532590.564735,0.0,47643538955.08522,10681266122.091385,21077385259.97988,53544532590.564735,11034968493.389915,26373029531.048653,27.967254848466926,6.270014744757776,12.372645232355477,31.431199729182424,6.477641729981073,15.481243715256301,47643538955.08522,10681266122.091385,11034968493.389915,99,99,0,0.0,0,85.23525817251503,2247522534.948761,0.0,0,1.0,22067069312.462437,941278680.0,4756244168.319474,539937478.65,359958319.1,539937478.65,359958319.1,7593968493.389915,11034968493.389915,3441000000.0,1395853723.0,1395853723.0,0.0,False,10018912275.645374,10018912275.645374,0.0,1.0,5124360640.1335535,4894551635.51182,1446647740.9993248,0.0,12,9464500000.0,9464500000.0
44,great_miami,170354720952.15982,136475904011.30406,33878816940.85575,22317484670.065052,70804989311.01932,0.0,31969240091.725796,11384189938.493885,22317484670.065052,70804989311.01932,10003709308.439375,23875107632.416374,18.76627774859472,6.682638364739462,13.10059653488112,41.563268053430264,5.8722818202664815,14.014937478087939,31969240091.725796,11384189938.493885,10003709308.439375,92,92,0,0.0,0,83.5530004260139,1314900141.840403,0.0,0,1.0,9202075490.160887,18577680.0,4667195119.308275,539937478.65,359958319.1,539937478.65,359958319.1,6562709308.439375,10003709308.439375,3441000000.0,1395853723.0,1395853723.0,0.0,False,9254318942.462376,9254318942.462376,0.0,1.0,3621051866.1967196,5633267076.2656555,1232499880.8808424,0.0,11,9464500000.0,9464500000.0
45,great_miami,170354720952.1598,94480483227.11424,75874237725.04556,8549541277.5032215,42111816187.950905,0.0,32802303343.93732,11016822417.722801,8549541277.5032215,42111816187.950905,22275157665.402737,53599080059.64283,19.25529457627951,6.466989794087727,5.0186700020507,24.720075823303446,13.075750141176423,31.463219663102205,32802303343.93732,11016822417.722801,22275157665.402737,92,92,0,0.0,0,83.36784384539776,814464942.3060839,0.0,0,1.0,9652222792.489069,20622420.0,5393562799.415959,539937478.65,359958319.1,539937478.65,359958319.1,18834157665.402737,22275157665.402737,3441000000.0,1395853723.0,1395853723.0,0.0,False,8567517629.631606,8567517629.631606,0.0,1.0,4044960218.5505333,4522557411.081073,1199434688.640078,0.0,10,9464500000.0,9464500000.0
46,great_miami,170354720952.1598,76108664008.58427,94246056943.57552,19500835944.5243,36581804953.97874,0.0,16493764918.210974,3532258191.8702784,19500835944.5243,36581804953.97874,27643572281.896652,66602484661.67886,9.68201223072818,2.073472441578083,11.447194322252251,21.473901485977542,16.227065576691423,39.096353942772524,16493764918.210974,3532258191.8702784,27643572281.896652,19,19,0,0.0,0,22.78404453276827,50386072.47508681,0.0,0,1.0,0.0,282614903.7913908,2422603591.199792,539937478.65,359958319.1,539937478.65,359958319.1,24202572281.896652,27643572281.896652,3441000000.0,1395853723.0,1395853723.0,0.0,False,1670839081.890117,1670839081.890117,0.0,1.0,1670839081.890117,0.0,1140000000.0,0.0,8,9464500000.0,9464500000.0
47,great_miami,170354720952.1598,146041718552.5203,24313002399.639507,38642835754.84349,68673338125.16802,0.0,31560326085.691223,7165218586.817566,38642835754.84349,68673338125.16802,7208490283.535183,17104512116.10432,18.526240957275387,4.206058127869408,22.68374808684958,40.31196654917086,4.231459065674806,10.040527213159962,31560326085.691223,7165218586.817566,7208490283.535183,92,92,0,0.0,0,83.23667655265928,1058333579.0467072,0.0,0,1.0,8643973220.900448,22070940.0,4892410791.751646,539937478.65,359958319.1,539937478.65,359958319.1,3767490283.535183,7208490283.535183,3441000000.0,1395853723.0,1395853723.0,0.0,False,4879103412.877788,4879103412.877788,0.0,1.0,3698935619.1374145,1180167793.7403731,1253691614.1572852,0.0,11,9464500000.0,9464500000.0
48,great_miami,170354720952.15985,163320021060.06607,7034699892.093782,28440943642.38419,39445273711.00952,0.0,78717007316.61743,16716796390.054867,28440943642.38419,39445273711.00952,2159611311.5411334,4875088580.552649,46.20770523801525,9.812934033538987,16.695130891248482,23.15478754597403,1.2677143899919334,2.8617279012312804,78717007316.61743,16716796390.054867,2159611311.5411334,99,99,0,0.0,0,85.23525817251503,5610769427.791423,0.0,0,1.0,50255189511.50004,941278680.0,8464268314.233192,539937478.65,359958319.1,539937478.65,359958319.1,0.0,2159611311.5411334,2159611311.5411334,1395853723.0,1395853723.0,0.0,False,14830191051.845085,14830191051.845085,0.0,1.0,7605925961.997783,7224265089.847302,1848223249.3439984,0.0,13,9464500000.0,9464500000.0
49,great_miami,170354720952.15982,108658975385.69832,61695745566.461494,13584850081.93758,42348845845.34145,0.0,39615642910.930725,13109636547.48856,13584850081.93758,42348845845.34145,18132071799.02234,43563673767.439156,23.25479604528005,7.69549354089817,7.97444884767976,24.85921470719567,10.643715476552194,25.572331382394154,39615642910.930725,13109636547.48856,18132071799.02234,99,99,0,0.0,0,85.23525817251503,2299674231.192354,0.0,0,1.0,14917828385.275951,941278680.0,7473477572.104788,539937478.65,359958319.1,539937478.65,359958319.1,14691071799.022339,18132071799.02234,3441000000.0,1395853723.0,1395853723.0,0.0,False,8927133953.646069,8927133953.646069,0.0,1.0,4404576542.564995,4522557411.081073,1370907967.64247,0.0,12,9464500000.0,9464500000.0
50,great_miami,170354720952.1598,145822355535.57864,24532365416.581146,22184296048.37362,59915204366.85095,0.0,51878678062.42316,11844177057.930931,22184296048.37362,59915204366.85095,7272590175.46532,17259775241.11583,30.453325726729986,6.9526556069186345,13.022413423226215,35.1708505828123,4.26908637155272,10.131668288760158,51878678062.42316,11844177057.930931,7272590175.46532,99,99,0,0.0,0,85.23525817251503,3083401933.8634586,0.0,0,1.0,25508716551.5231,941278680.0,4849813790.679891,539937478.65,359958319.1,539937478.65,359958319.1,3831590175.4653196,7272590175.46532,3441000000.0,1395853723.0,1395853723.0,0.0,False,11834746976.404337,11834746976.404337,0.0,1.0,5863653854.499648,5971093121.904689,1493646221.9967542,0.0,12,9464500000.0,9464500000.0
51,great_miami,170354720952.15982,130167801602.39592,40186919349.76389,24877924394.941273,54292086815.53419,0.0,39217863824.28934,11779926567.631124,24877924394.941273,54292086815.53419,11846994873.766897,28339924475.99699,23.021295567912535,6.914939898225213,14.603601388850072,31.870021865012394,6.954309694237268,16.63583158576251,39217863824.28934,11779926567.631124,11846994873.766897,99,99,0,0.0,0,85.23525817251503,2353423547.649146,0.0,0,1.0,14589500335.840143,941278680.0,4683914231.114479,539937478.65,359958319.1,539937478.65,359958319.1,8405994873.766897,11846994873.766897,3441000000.0,1395853723.0,1395853723.0,0.0,False,10378541147.43885,10378541147.43885,0.0,1.0,4336395479.553641,6042145667.885208,1309903097.7769933,0.0,12,9464500000.0,9464500000.0
52,great_miami,170354720952.15982,103909376646.54794,66445344305.61188,18115729351.607388,41067516774.82543,0.0,33960709215.276775,10765421304.83834,18115729351.607388,41067516774.82543,19519948252.10755,46925396053.50433,19.935290918538062,6.319414715757457,10.634122289275899,24.107061163487387,11.458413446369518,27.545697466571674,33960709215.276775,10765421304.83834,19519948252.10755,96,96,0,0.0,0,84.2877806708135,1173587042.1920223,0.0,0,1.0,10666796533.04697,10463280.0,5154860757.043407,539937478.65,359958319.1,539937478.65,359958319.1,16078948252.107552,19519948252.10755,3441000000.0,1395853723.0,1395853723.0,0.0,False,8551456625.532355,8551456625.532355,0.0,1.0,4028899214.4512825,4522557411.081073,1266934982.0314353,0.0,11,9464500000.0,9464500000.0
53,great_miami,170354720952.15982,106483823254.76846,63870897697.391365,12306900378.771772,57552455243.72492,0.0,28723687088.85218,7900780543.419573,12306900378.771772,57552455243.72492,18767671265.45973,45103226431.93164,16.86110424666104,4.63784067694744,7.2242790278925595,33.78389217630617,11.016819000120456,26.476064872072335,28723687088.85218,7900780543.419573,18767671265.45973,85,85,0,0.0,0,81.28387471942494,1222915543.0692654,0.0,0,1.0,6271957474.541074,43636320.0,3438853617.339801,539937478.65,359958319.1,539937478.65,359958319.1,15326671265.459728,18767671265.45973,3441000000.0,1395853723.0,1395853723.0,0.0,False,6859750772.100905,6859750772.100905,0.0,1.0,3462646707.759577,3397104064.3413286,1194129602.5279207,0.0,10,9464500000.0,9464500000.0
54,great_miami,170354720952.1598,118899431212.13138,51455289740.02842,37800182824.753975,47279945974.19632,0.0,26490986832.643135,7328315580.537958,37800182824.753975,47279945974.19632,15139716383.139765,36315573356.88866,15.550485882972694,4.301797766201001,22.189102018117413,27.75382197213883,8.887171602007676,21.317620758562395,26490986832.643135,7328315580.537958,15139716383.139765,79,79,0,0.0,0,69.98117899847671,339454590.9165194,0.0,0,1.0,4288874092.2215967,168455400.0,4657800978.279168,539937478.65,359958319.1,539937478.65,359958319.1,11698716383.139765,15139716383.139765,3441000000.0,1395853723.0,1395853723.0,0.0,False,4865771890.909352,4865771890.909352,0.0,1.0,3312565932.9538584,1553205957.955494,1200691775.1248515,0.0,10,9464500000.0,9464500000.0
55,great_miami,170354720952.1598,101881124467.14944,68473596485.01035,25842909422.650105,38063973152.11287,0.0,29390297364.606926,8583944527.779558,25842909422.650105,38063973152.11287,20112622201.06717,48360974283.943184,17.25241143910565,5.0388650691929815,15.170057676245726,22.34394969470923,11.80631924296089,28.38839687778553,29390297364.606926,8583944527.779558,20112622201.06717,86,86,0,0.0,0,80.108014434596,827341058.2344112,0.0,0,1.0,6768084874.696991,56621700.0,4590982036.391836,539937478.65,359958319.1,539937478.65,359958319.1,16671622201.06717,20112622201.06717,3441000000.0,1395853723.0,1395853723.0,0.0,False,6499703975.21529,6499703975.21529,0.0,1.0,3603614337.9846787,2896089637.230611,1203222038.7597804,0.0,11,9464500000.0,9464500000.0
56,great_miami,170354720952.1598,141560045304.03616,28794675648.123634,29274435434.99989,63018914861.634,0.0,39643317365.10335,9623377642.29895,29274435434.99989,63018914861.634,8518076443.04003,20276599205.08359,23.27104123884906,5.649023160914604,17.184399276625236,36.99276105141308,5.000199815672931,11.902575456525097,39643317365.10335,9623377642.29895,8518076443.04003,97,97,0,0.0,0,84.9286270524636,2412632753.2086086,0.0,0,1.0,15921782518.807186,3386220.0,4797377494.525401,539937478.65,359958319.1,539937478.65,359958319.1,5077076443.04003,8518076443.04003,3441000000.0,1395853723.0,1395853723.0,0.0,False,8091927600.82435,8091927600.82435,0.0,1.0,4320745638.789041,3771181962.0353103,1360646245.569382,0.0,11,9464500000.0,9464500000.0
57,great_miami,170354720952.1598,106974496869.26884,63380224082.89094,15869297759.76821,51947887264.981026,0.0,30196832945.81794,8960478898.701689,15869297759.76821,51947887264.981026,18624291920.56855,44755932162.3224,17.725856246917882,5.259894676601321,9.315443488193518,30.493952251296513,10.932653827538337,26.27219950945244,30196832945.81794,8960478898.701689,18624291920.56855,91,91,0,0.0,0,82.9938959016768,808145603.943294,0.0,0,1.0,7330825511.601436,24752040.0,4578164558.2722,539937478.65,359958319.1,539937478.65,359958319.1,15183291920.56855,18624291920.56855,3441000000.0,1395853723.0,1395853723.0,0.0,False,7036624966.1792965,7036624966.1792965,0.0,1.0,3746631612.5223546,3289993353.6569414,1214866702.9430757,0.0,10,9464500000.0,9464500000.0
58,great_miami,170354720952.15985,144889306469.21658,25465414482.943264,46703590880.407394,55257855043.77536,0.0,35568687005.00631,7359173540.027485,46703590880.407394,55257855043.77536,7545235697.728692,17920178785.214577,20.87919067120831,4.319911710632391,27.415495513930022,32.43693789929851,4.429132140017179,10.519332064913565,35568687005.00631,7359173540.027485,7545235697.728692,97,97,0,0.0,0,84.65128608547128,1444042753.0997891,0.0,0,1.0,12057409737.70716,6448980.0,5065831817.030482,539937478.65,359958319.1,539937478.65,359958319.1,4104235697.728692,7545235697.728692,3441000000.0,1395853723.0,1395853723.0,0.0,False,5468629137.97514,5468629137.97514,0.0,1.0,4253978387.895042,1214650750.0800977,1258071920.2010014,0.0,10,9464500000.0,9464500000.0
59,great_miami,170354720952.1598,72199219228.5765,98155501723.5833,11406967300.07432,36966739491.340904,0.0,18916462288.838253,4909050148.323035,11406967300.07432,36966739491.340904,28785948017.784676,69369553705.79863,11.104160884482036,2.881663696130634,6.696008913822649,21.699862078798603,16.89765206205735,40.720652364708734,18916462288.838253,4909050148.323035,28785948017.784676,30,30,0,0.0,0,34.089989282009846,102494486.26235539,0.0,0,1.0,189299155.1100273,564812640.0,2974578133.445622,539937478.65,359958319.1,539937478.65,359958319.1,25344948017.784676,28785948017.784676,3441000000.0,1395853723.0,1395853723.0,0.0,False,2989372862.692031,2989372862.692031,0.0,1.0,2168670176.0882025,820702686.6038283,1140000000.0,0.0,8,9464500000.0,9464500000.0
60,great_miami,170354720952.15982,131181750512.29031,39172970439.86951,27302653481.515987,44907305524.06248,0.0,47667321610.33035,11304469896.381489,27302653481.515987,44907305524.06248,11550709672.856314,27622260767.013203,27.981215515428314,6.635841867602887,16.02694268107974,26.361057253396375,6.7803871875673245,16.214555494925364,47667321610.33035,11304469896.381489,11550709672.856314,99,99,0,0.0,0,85.23525817251503,2819899889.6959486,0.0,0,1.0,22053926154.237865,941278680.0,5065222537.924547,539937478.65,359958319.1,539937478.65,359958319.1,8109709672.856314,11550709672.856314,3441000000.0,1395853723.0,1395853723.0,0.0,False,10401544836.346836,10401544836.346836,0.0,1.0,5199133991.871333,5202410844.475504,1415166398.4525886,0.0,12,9464500000.0,9464500000.0
61,great_miami,170354720952.1598,128050333516.3958,42304387435.76399,28049240692.727997,50341893214.43233,0.0,38889336423.833176,10769863185.402313,28049240692.727997,50341893214.43233,12465738531.519482,29838648904.24452,22.82844655344442,6.322022146029509,16.465197169736776,29.551216974239118,7.317518682103444,17.51559847444675,38889336423.833176,10769863185.402313,12465738531.519482,97,97,0,0.0,0,84.67484969033445,1572405307.6481051,0.0,0,1.0,15054404658.789133,6188760.0,4701897880.96856,539937478.65,359958319.1,539937478.65,359958319.1,9024738531.519482,12465738531.519482,3441000000.0,1395853723.0,1395853723.0,0.0,False,9468795449.23211,9468795449.23211,0.0,1.0,4456886863.157181,5011908586.074929,1360506582.5714426,0.0,12,9464500000.0,9464500000.0
62,great_miami,170354720952.15982,95747880903.26825,74606840048.89157,18167526838.37522,33936964301.488197,0.0,35633525588.77749,8009864174.62734,18167526838.37522,33936964301.488197,21904812402.985115,52702027645.90647,20.917251596910155,4.7018739074901985,10.664527954864926,19.92135240620576,12.858353605085341,30.936640529443626,35633525588.77749,8009864174.62734,21904812402.985115,95,95,0,0.0,0,84.23047172359267,1891329037.9347906,0.0,0,1.0,12246136169.795654,11096160.0,4434882783.632875,539937478.65,359958319.1,539937478.65,359958319.1,18463812402.985115,21904812402.985115,3441000000.0,1395853723.0,1395853723.0,0.0,False,6651660607.586242,6651660607.586242,0.0,1.0,4138542384.450047,2513118223.1361947,1291303641.320444,0.0,11,9464500000.0,9464500000.0
63,great_miami,170354720952.1598,139719699112.16656,30635021839.993237,13559615825.426968,67946666227.799965,0.0,45402647910.91638,12810769148.023285,13559615825.426968,67946666227.799965,9055842533.503023,21579179306.49021,26.65182840672004,7.520055256713958,7.959636075618283,39.88540255769092,5.315874125992756,12.667203577264072,45402647910.91638,12810769148.023285,9055842533.503023,99,99,0,0.0,0,85.23525817251503,2750511841.484167,0.0,0,1.0,19878965418.58186,941278680.0,6588949420.0312605,539937478.65,359958319.1,539937478.65,359958319.1,5614842533.503023,9055842533.503023,3441000000.0,1395853723.0,1395853723.0,0.0,False,10226707400.442644,10226707400.442644,0.0,1.0,5078843470.290682,5147863930.151962,1482863240.1338887,0.0,12,9464500000.0,9464500000.0
64,great_miami,170354720952.1598,113291015061.44868,57063705890.71112,16714204010.813414,47329974766.03169,0.0,37470310691.59979,11776525593.00379,16714204010.813414,47329974766.03169,16778547185.934628,40285158704.77649,21.99546363151419,6.912943490606847,9.811412279855288,27.78318939533424,9.849182395506666,23.64780880718278,37470310691.59979,11776525593.00379,16778547185.934628,96,96,0,0.0,0,84.304590860679,1980469067.8914309,0.0,0,1.0,13799250151.873701,10277640.0,5943758390.367757,539937478.65,359958319.1,539937478.65,359958319.1,13337547185.934628,16778547185.934628,3441000000.0,1395853723.0,1395853723.0,0.0,False,9099563760.109764,9099563760.109764,0.0,1.0,4357683240.733474,4741880519.37629,1324173987.0431561,0.0,11,9464500000.0,9464500000.0
65,great_miami,170354720952.15982,87386507657.36655,82968213294.79327,14443450599.474318,29517446632.41466,0.0,32134672799.78447,11290937625.69309,14443450599.474318,29517446632.41466,24348082599.220573,58620130695.57271,18.863388475631826,6.627898283408236,8.47845631676414,17.327049386969414,14.29257872228746,34.410628814938924,32134672799.78447,11290937625.69309,24348082599.220573,94,94,0,0.0,0,83.99795974062758,656849561.727922,0.0,0,1.0,9037100845.417772,13663860.0,5657144273.3546915,539937478.65,359958319.1,539937478.65,359958319.1,20907082599.220573,24348082599.220573,3441000000.0,1395853723.0,1395853723.0,0.0,False,8517266409.560449,8517266409.560449,0.0,1.0,3994708998.479376,4522557411.081073,1232911789.7596,0.0,10,9464500000.0,9464500000.0
66,great_miami,170354720952.15982,91091988098.57768,79262732853.58214,21501547965.574017,41100482404.549034,0.0,21969850597.56192,6520107130.892713,21501547965.574017,41100482404.549034,23265307119.82403,55997425733.7581,12.896531704414368,3.827370967150205,12.621633169539356,24.126412332353944,13.656978209812898,32.87107361672923,21969850597.56192,6520107130.892713,23265307119.82403,49,49,0,0.0,0,45.86398426601001,258780742.7764541,0.0,0,1.0,1509773890.035277,434788860.0,3612880957.874654,539937478.65,359958319.1,539937478.65,359958319.1,19824307119.82403,23265307119.82403,3441000000.0,1395853723.0,1395853723.0,0.0,False,4524670113.723982,4524670113.723982,0.0,1.0,2732372080.1897717,1792298033.5342097,1148921637.3354132,0.0,9,9464500000.0,9464500000.0
67,great_miami,170354720952.15982,128221442925.499,42133278026.66083,15366141155.683952,58753545096.499374,0.0,42167500854.442856,11934255818.872803,15366141155.683952,58753545096.499374,12415738787.785738,29717539238.875095,24.752763303979478,7.005532780171242,9.020085307761548,34.48894446136245,7.288168310447006,17.444505836278278,42167500854.442856,11934255818.872803,12415738787.785738,98,98,0,0.0,0,84.80863576507527,2524696081.316636,0.0,0,1.0,17982005587.049248,4711320.0,6058351536.177907,539937478.65,359958319.1,539937478.65,359958319.1,8974738787.785738,12415738787.785738,3441000000.0,1395853723.0,1395853723.0,0.0,False,9515964533.673187,9515964533.673187,0.0,1.0,4714328998.866354,4801635534.806834,1452834871.4078221,0.0,12,9464500000.0,9464500000.0
68,great_miami,170354720952.1598,125167795580.31204,45186925371.84775,18602290673.11401,46456619844.49566,0.0,45721941349.333305,14386943713.369066,18602290673.11401,46456619844.49566,13308042638.94627,31878882732.901485,26.83925698905243,8.445286184589689,10.919738865551038,27.270520937040505,7.8119599882902735,18.713237035476073,45721941349.333305,14386943713.369066,13308042638.94627,98,98,0,0.0,0,84.80863576507527,3191892580.8023415,0.0,0,1.0,21356385789.31794,4711320.0,6647235376.106842,539937478.65,359958319.1,539937478.65,359958319.1,9867042638.94627,13308042638.94627,3441000000.0,1395853723.0,1395853723.0,0.0,False,11633424428.140003,11633424428.140003,0.0,1.0,4967217312.513933,6666207115.62607,1373067273.4813578,0.0,12,9464500000.0,9464500000.0
69,great_miami,170354720952.15982,78335689706.03246,92019031246.12737,16503919856.03921,25730011916.44819,0.0,27638475764.31284,8463282169.232209,16503919856.03921,25730011916.44819,26992814882.029057,65026216364.0983,16.224073867653168,4.968035004799735,9.687973285268656,15.103785661257879,15.845064187924304,38.171067993096244,27638475764.31284,8463282169.232209,26992814882.029057,81,81,0,0.0,0,77.58737155947327,746638018.6940303,0.0,0,1.0,5512307979.043177,84457920.0,4258701324.4742208,539937478.65,359958319.1,539937478.65,359958319.1,23551814882.029057,26992814882.029057,3441000000.0,1395853723.0,1395853723.0,0.0,False,6330021149.827599,6330021149.827599,0.0,1.0,3221379700.3752666,3108641449.4523325,1177020068.754819,0.0,9,9464500000.0,9464500000.0
70,great_miami,170354720952.1598,119916523480.34885,50438197471.81094,13641330346.65908,57008469056.92359,0.0,40438665182.489555,8828058894.276644,13641330346.65908,57008469056.92359,14842512664.004837,35595684807.80611,23.73791871247632,5.182162751307492,8.00760335282398,33.46456660448706,8.712709915549107,20.895038663356054,40438665182.489555,8828058894.276644,14842512664.004837,98,98,0,0.0,0,84.80863576507527,1758122198.998088,0.0,0,1.0,16464344700.868002,4711320.0,4770863244.268461,539937478.65,359958319.1,539937478.65,359958319.1,11401512664.004837,14842512664.004837,3441000000.0,1395853723.0,1395853723.0,0.0,False,7593243439.584459,7593243439.584459,0.0,1.0,4588250074.072933,3004993365.5115256,1349242867.3908257,0.0,12,9464500000.0,9464500000.0
71,great_miami,170354720952.1598,101242091109.49895,69112629842.66084,23319762594.24562,37230408019.10005,0.0,32904380977.052837,7787539519.100454,23319762594.24562,37230408019.10005,20299353627.97877,48813276214.68207,19.31521521278725,4.57136701323787,13.688944141908719,21.85463825775357,11.915932540360522,28.653902833952078,32904380977.052837,7787539519.100454,20299353627.97877,88,88,0,0.0,0,81.98183445461936,1255922233.1043062,0.0,0,1.0,9785704425.774078,35928540.0,4605389623.339092,539937478.65,359958319.1,539937478.65,359958319.1,16858353627.978771,20299353627.97877,3441000000.0,1395853723.0,1395853723.0,0.0,False,6017004573.578877,6017004573.578877,0.0,1.0,3913424768.59898,2103579804.9798975,1276879056.8198478,0.0,11,9464500000.0,9464500000.0
72,great_miami,170354720952.1598,129604954627.43738,40749766324.72243,12758159635.0901,56332250938.97244,0.0,48214685124.72124,12299858928.653616,12758159635.0901,56332250938.97244,12011463938.65782,28738302386.064606,28.3025236138077,7.220145623148154,7.489172923286897,33.0676195083505,7.050854752672785,16.869683578733987,48214685124.72124,12299858928.653616,12011463938.65782,99,99,0,0.0,0,85.23525817251503,2447780764.192152,0.0,0,1.0,22404067115.752655,941278680.0,6159513478.735332,539937478.65,359958319.1,539937478.65,359958319.1,8570463938.65782,12011463938.65782,3441000000.0,1395853723.0,1395853723.0,0.0,False,10401478945.801373,10401478945.801373,0.0,1.0,5317991248.061764,5083487697.739608,1513552933.3354897,0.0,13,9464500000.0,9464500000.0
73,great_miami,170354720952.1598,130860383536.79004,39494337415.36976,21555199104.429207,57715422642.07003,0.0,42047443907.222824,9542317883.068,21555199104.429207,57715422642.07003,11644616060.025305,27849721355.344448,24.682288622356925,5.6014402358404505,12.653126948259033,33.87955574079927,6.835511217382363,16.348077235361973,42047443907.222824,9542317883.068,11644616060.025305,99,99,0,0.0,0,85.23525817251503,1680513840.394681,0.0,0,1.0,17086842001.203419,941278680.0,4815098778.158029,539937478.65,359958319.1,539937478.65,359958319.1,8203616060.025305,11644616060.025305,3441000000.0,1395853723.0,1395853723.0,0.0,False,8216187219.618703,8216187219.618703,0.0,1.0,4536186936.847981,3680000282.7707214,1435702211.5606737,0.0,12,9464500000.0,9464500000.0
74,great_miami,170354720952.1598,124330671034.36838,46024049917.79143,12310297302.284258,42484800003.30461,0.0,54478987636.41613,15056586092.363388,12310297302.284258,42484800003.30461,13552658133.732828,32471391784.058605,31.97973459844139,8.838373253296387,7.2262730574642084,24.939021217519112,7.955551837943359,19.061046035335558,54478987636.41613,15056586092.363388,13552658133.732828,99,99,0,0.0,0,85.23525817251503,3255428105.0515194,0.0,0,1.0,28149989209.734818,941278680.0,7130885373.046976,539937478.65,359958319.1,539937478.65,359958319.1,10111658133.732828,13552658133.732828,3441000000.0,1395853723.0,1395853723.0,0.0,False,12545943274.800745,12545943274.800745,0.0,1.0,5676732438.116079,6869210836.684666,1672824291.4469843,0.0,13,9464500000.0,9464500000.0
75,great_miami,170354720952.1598,157429607455.13306,12925113497.026743,32151982591.560513,70934338712.21259,0.0,44051769893.09036,10291516258.269617,32151982591.560513,70934338712.21259,3880844365.1530695,9044269131.87367,25.858848904728205,6.041227505024503,18.87354950414885,41.639197502564585,2.278096165144091,5.309080418389782,44051769893.09036,10291516258.269617,3880844365.1530695,99,99,0,0.0,0,85.23525817251503,2834447498.055232,0.0,0,1.0,18612985318.043217,941278680.0,5081336929.834529,539937478.65,359958319.1,539937478.65,359958319.1,439844365.1530695,3880844365.1530695,3441000000.0,1395853723.0,1395853723.0,0.0,False,9155319709.8576,9155319709.8576,0.0,1.0,4992878453.979344,4162441255.878255,1457712613.8746371,0.0,12,9464500000.0,9464500000.0
76,great_miami,170354720952.1598,147525405418.3561,22829315533.80368,26749546973.29506,59461284943.18816,0.0,43535448303.49644,17779125198.376488,26749546973.29506,59461284943.18816,6774943329.795322,16054372204.008352,25.5557627403366,10.43653213659359,15.702263385355227,34.904395141409964,3.9769624768414316,9.424084119463208,43535448303.49644,17779125198.376488,6774943329.795322,99,99,0,0.0,0,85.23525817251503,2238155610.864295,0.0,0,1.0,18504319652.58621,941278680.0,12079092202.045652,539937478.65,359958319.1,539937478.65,359958319.1,3333943329.7953224,6774943329.795322,3441000000.0,1395853723.0,1395853723.0,0.0,False,9258697898.306864,9258697898.306864,0.0,1.0,4736140487.225791,4522557411.081073,1436532169.1841936,0.0,12,9464500000.0,9464500000.0
77,great_miami,170354720952.1598,138842517252.02783,31512203700.131954,20133631404.284786,51132961726.583786,0.0,54673328275.49558,12902595845.66368,20133631404.284786,51132961726.583786,9312163144.068493,22200040556.063465,32.09381458283703,7.573958487060113,11.81865186462244,30.015582451010154,5.466337000829933,13.03165561364034,54673328275.49558,12902595845.66368,9312163144.068493,99,99,0,0.0,0,85.23525817251503,3376775004.010954,0.0,0,1.0,28352057052.54923,941278680.0,4960619593.746102,539937478.65,359958319.1,539937478.65,359958319.1,5871163144.068493,9312163144.068493,3441000000.0,1395853723.0,1395853723.0,0.0,False,12636515600.66577,12636515600.66577,0.0,1.0,5713061552.102995,6923454048.562775,1590800294.448165,0.0,13,9464500000.0,9464500000.0
78,great_miami,170354720952.15985,161904057167.6385,8450663784.521354,45283404031.20205,54837695355.292076,0.0,49530694936.91877,12252262844.225552,45283404031.20205,54837695355.292076,2573368989.325644,5877294795.195709,29.075035115010582,7.192206224602554,26.581831004213164,32.1902997749572,1.5105944672048828,3.450033414011585,49530694936.91877,12252262844.225552,2573368989.325644,99,99,0,0.0,0,85.23525817251503,3601170415.368202,0.0,0,1.0,23984853640.805622,941278680.0,6668222925.825506,539937478.65,359958319.1,539937478.65,359958319.1,0.0,2573368989.325644,2573368989.325644,1395853723.0,1395853723.0,0.0,False,9641423711.900951,9641423711.900951,0.0,1.0,5118866300.81988,4522557411.081073,1452525922.8622432,0.0,13,9464500000.0,9464500000.0
79,great_miami,170354720952.1598,108210544094.08847,62144176858.07133,10246812505.739262,40738324939.59861,0.0,45338829075.72719,11886577573.023396,10246812505.739262,40738324939.59861,18263107548.489296,43881069309.58204,26.614366084083784,6.977545152013409,6.014985935503861,23.913822118871032,10.720634829731587,25.758645879796326,45338829075.72719,11886577573.023396,18263107548.489296,99,99,0,0.0,0,85.23525817251503,2471379870.0548916,0.0,0,1.0,19698259021.253117,941278680.0,4841209875.697855,539937478.65,359958319.1,539937478.65,359958319.1,14822107548.489296,18263107548.489296,3441000000.0,1395853723.0,1395853723.0,0.0,False,11152470442.106977,11152470442.106977,0.0,1.0,5146113631.757958,6006356810.349019,1497535729.942638,0.0,12,9464500000.0,9464500000.0
80,great_miami,170354720952.15982,105469127737.91043,64885593214.24939,11810513319.679115,48823118777.9027,0.0,35977808118.03837,8857687522.290218,11810513319.679115,48823118777.9027,19064174631.79469,45821418582.4547,21.119349036497734,5.199555065326129,6.932894641056543,28.65968052133615,11.190869572172538,26.897651163610885,35977808118.03837,8857687522.290218,19064174631.79469,96,96,0,0.0,0,84.29584890997002,1230654491.801742,0.0,0,1.0,12344238558.219536,10374180.0,4578613891.735595,539937478.65,359958319.1,539937478.65,359958319.1,15623174631.79469,19064174631.79469,3441000000.0,1395853723.0,1395853723.0,0.0,False,7549634995.68445,7549634995.68445,0.0,1.0,4335436678.63622,3214198317.04823,1322928310.1911473,0.0,12,9464500000.0,9464500000.0
81,great_miami,170354720952.1598,148905421805.7112,21449299146.448593,18119235664.050076,66695921038.6053,0.0,50526936426.35134,13563328676.704521,18119235664.050076,66695921038.6053,6371689843.749373,15077609302.69922,29.659839271810185,7.961815558086864,10.63618053129179,39.151202071667456,3.7402484698611413,8.850714097282587,50526936426.35134,13563328676.704521,6371689843.749373,99,99,0,0.0,0,85.23525817251503,3210636831.3907747,0.0,0,1.0,24698124609.587982,941278680.0,6871705305.427931,539937478.65,359958319.1,539937478.65,359958319.1,2930689843.7493734,6371689843.749373,3441000000.0,1395853723.0,1395853723.0,0.0,False,11052822340.345676,11052822340.345676,0.0,1.0,5424164299.253216,5628658041.09246,1431681267.9442663,0.0,12,9464500000.0,9464500000.0
82,great_miami,170354720952.1598,108847427294.43925,61507293657.72055,23169940018.407547,55561427891.73491,0.0,24031526417.54666,6084532966.750146,23169940018.407547,55561427891.73491,18077004417.324467,43430289240.39608,14.106756938244972,3.5716843846428223,13.600996725482172,32.61513833088198,10.611390348495817,25.494033272252242,24031526417.54666,6084532966.750146,18077004417.324467,67,67,0,0.0,0,62.75477502570834,338442162.2236693,0.0,0,1.0,2930409951.1370916,248258760.0,4084664622.355704,539937478.65,359958319.1,539937478.65,359958319.1,14636004417.324467,18077004417.324467,3441000000.0,1395853723.0,1395853723.0,0.0,False,3818099649.660748,3818099649.660748,0.0,1.0,2933661042.101824,884438607.5589241,1176062598.4922256,0.0,9,9464500000.0,9464500000.0
83,great_miami,170354720952.1598,105571846165.49805,64782874786.66176,19333910828.7988,60376617339.455315,0.0,20238204559.770645,5623113437.473286,19333910828.7988,60376617339.455315,19034159362.13166,45748715424.53011,11.880037398819185,3.300826302930817,11.349207536331374,35.441704815689086,11.173250295468458,26.8549736507611,20238204559.770645,5623113437.473286,19034159362.13166,44,44,0,0.0,0,41.51899570470853,153387150.92248172,0.0,0,1.0,850148103.5182362,482771880.0,4408984402.09862,539937478.65,359958319.1,539937478.65,359958319.1,15593159362.13166,19034159362.13166,3441000000.0,1395853723.0,1395853723.0,0.0,False,2349945943.022936,2349945943.022936,0.0,1.0,2293800364.0768394,56145578.9460963,1140000000.0000002,0.0,8,9464500000.0,9464500000.0
84,great_miami,170354720952.1598,128251364004.17264,42103356947.98717,20131118258.468,50447816221.177185,0.0,43167994850.0512,14504434674.476265,20131118258.468,50447816221.177185,12406995573.290627,29696361374.696526,25.34006372630785,8.514254605570633,11.817176621786349,29.6133948852197,7.283035952243934,17.43207420887154,43167994850.0512,14504434674.476265,12406995573.290627,99,99,0,0.0,0,85.23525817251503,2389125555.6430464,0.0,0,1.0,17924638102.924644,941278680.0,8520757594.997763,539937478.65,359958319.1,539937478.65,359958319.1,8965995573.290627,12406995573.290627,3441000000.0,1395853723.0,1395853723.0,0.0,False,9780448040.064322,9780448040.064322,0.0,1.0,4916070122.731917,4864377917.332404,1410654206.7907372,0.0,12,9464500000.0,9464500000.0
85,great_miami,170354720952.15982,160637849533.789,9716871418.37081,39597239334.443115,59798479635.449776,0.0,48038183577.04617,13203946986.84997,39597239334.443115,59798479635.449776,2943366510.4321856,6773504907.938623,28.198915362337733,7.7508547535691665,23.243992953716315,35.10233194666956,1.7277868755153323,3.9761181081919097,48038183577.04617,13203946986.84997,2943366510.4321856,99,99,0,0.0,0,85.23525817251503,2208282783.636467,0.0,0,1.0,22397398923.22764,941278680.0,5093493446.832189,539937478.65,359958319.1,539937478.65,359958319.1,0.0,2943366510.4321856,2943366510.4321856,1395853723.0,1395853723.0,0.0,False,12238477383.189507,12238477383.189507,0.0,1.0,5164264791.89479,7074212591.294716,1476829230.896799,0.0,13,9464500000.0,9464500000.0
86,great_miami,170354720952.15982,148968963719.33237,21385757232.827454,30253004173.243088,51759705547.01914,0.0,54779638892.08623,12176615106.983915,30253004173.243088,51759705547.01914,6353122311.934141,15032634920.89331,32.15622002484441,7.147800212947099,17.758829343942246,30.38348761790679,3.729349134808109,8.824313665551351,54779638892.08623,12176615106.983915,6353122311.934141,99,99,0,0.0,0,85.23525817251503,4084585130.361742,0.0,0,1.0,28306074883.030205,941278680.0,6606607945.5315075,539937478.65,359958319.1,539937478.65,359958319.1,2912122311.934141,6353122311.934141,3441000000.0,1395853723.0,1395853723.0,0.0,False,10414746704.145603,10414746704.145603,0.0,1.0,5892189293.06453,4522557411.081073,1592892886.612821,0.0,13,9464500000.0,9464500000.0
87,great_miami,170354720952.15982,130854803281.96912,39499917670.190704,36209257321.89401,52438652919.118324,0.0,34730171367.296844,7476721673.659928,36209257321.89401,52438652919.118324,11646246661.828436,27853671008.36227,20.3869732363038,4.388913692482635,21.25521213589528,30.78203681472644,6.836468397667132,16.350395722924713,34730171367.296844,7476721673.659928,11646246661.828436,95,95,0,0.0,0,84.42357158073865,1445849116.2960682,0.0,0,1.0,11252259381.571781,8963700.0,4716798132.101819,539937478.65,359958319.1,539937478.65,359958319.1,8205246661.828436,11646246661.828436,3441000000.0,1395853723.0,1395853723.0,0.0,False,5877636528.422605,5877636528.422605,0.0,1.0,4191341064.731158,1686295463.6914465,1291514709.0069466,0.0,11,9464500000.0,9464500000.0
88,great_miami,170354720952.1598,106009223151.20784,64345497800.951965,30211140759.303352,44529454135.80808,0.0,24046826320.968384,7221801935.128024,30211140759.303352,44529454135.80808,18906353782.560406,45439144018.39157,14.11573814131126,4.239273144156716,17.7342550828324,26.139254543062034,11.098227085746466,26.67325200289114,24046826320.968384,7221801935.128024,18906353782.560406,62,62,0,0.0,0,58.71324462037251,296017182.20953894,0.0,0,1.0,2657840339.5403986,292890600.0,3714874549.5043592,539937478.65,359958319.1,539937478.65,359958319.1,15465353782.560406,18906353782.560406,3441000000.0,1395853723.0,1395853723.0,0.0,False,5477158712.779333,5477158712.779333,0.0,1.0,3073762769.7277865,2403395943.0515466,1152715311.548976,0.0,9,9464500000.0,9464500000.0
89,great_miami,170354720952.1598,118709447490.83252,51645273461.327286,25668986456.855156,50685349436.80709,0.0,32995302334.84491,9359809262.325373,25668986456.855156,50685349436.80709,15195231374.561409,36450042086.76587,19.368586999189112,5.494305769755486,15.067963079264295,29.75282936305646,8.919759481645736,21.39655530708892,32995302334.84491,9359809262.325373,15195231374.561409,93,93,0,0.0,0,82.08683565996539,1011771761.622869,0.0,0,1.0,9686201859.074228,34768980.0,4690852035.284127,539937478.65,359958319.1,539937478.65,359958319.1,11754231374.561409,15195231374.561409,3441000000.0,1395853723.0,1395853723.0,0.0,False,7639929324.412275,7639929324.412275,0.0,1.0,4052098589.681286,3587830734.7309895,1277098702.9881463,0.0,11,9464500000.0,9464500000.0
90,great_miami,170354720952.15982,133031364974.52022,37323355977.6396,26369163980.053223,60237318877.37688,0.0,35136511213.004684,11288370904.0854,26369163980.053223,60237318877.37688,11010235308.515812,26313120669.123795,20.62549896863261,6.62639159102346,15.478974596458874,35.359935163929585,6.463123092202289,15.446076587753165,35136511213.004684,11288370904.0854,11010235308.515812,96,96,0,0.0,0,84.50200464502383,1695389505.4364834,0.0,0,1.0,11914439347.169079,8097540.0,4981459419.130215,539937478.65,359958319.1,539937478.65,359958319.1,7569235308.515812,11010235308.515812,3441000000.0,1395853723.0,1395853723.0,0.0,False,9197426989.793463,9197426989.793463,0.0,1.0,3967808331.8981004,5229618657.895362,1276146202.0665026,0.0,11,9464500000.0,9464500000.0
91,great_miami,170354720952.15982,129004935052.59564,41349785899.56418,16570585295.140905,59206068106.18635,0.0,40526958567.992035,12701323083.276352,16570585295.140905,59206068106.18635,12186795179.263222,29162990720.300957,23.78974785170356,7.455809273899268,9.727106594125074,34.754580193179976,7.153776021672802,17.118980065419322,40526958567.992035,12701323083.276352,12186795179.263222,99,99,0,0.0,0,85.23525817251503,2504116576.734174,0.0,0,1.0,15653858665.523067,941278680.0,6851071679.217629,539937478.65,359958319.1,539937478.65,359958319.1,8745795179.263222,12186795179.263222,3441000000.0,1395853723.0,1395853723.0,0.0,False,9289084555.02391,9289084555.02391,0.0,1.0,4535898443.651538,4753186111.372372,1398335171.7537827,0.0,12,9464500000.0,9464500000.0
92,great_miami,170354720952.15982,114278157236.57648,56076563715.58334,24295849592.74496,54684002553.534874,0.0,27780462683.744286,7517842406.552336,24295849592.74496,54684002553.534874,16490095159.574144,39586468556.00921,16.307421671951072,4.4130519920628135,14.26191740208238,32.10008049550421,9.679858044089665,23.237670394309852,27780462683.744286,7517842406.552336,16490095159.574144,84,84,0,0.0,0,78.97776550850037,588324417.1511579,0.0,0,1.0,5509744387.129676,69103380.0,3742162938.79126,539937478.65,359958319.1,539937478.65,359958319.1,13049095159.574144,16490095159.574144,3441000000.0,1395853723.0,1395853723.0,0.0,False,5979598915.515465,5979598915.515465,0.0,1.0,3283059876.537116,2696539038.9783487,1156088720.217918,0.0,9,9464500000.0,9464500000.0
93,great_miami,170354720952.1598,154226994119.1122,16127726833.04759,25665252728.336502,84679902737.21555,0.0,33983543645.13407,9898295008.426085,25665252728.336502,84679902737.21555,4816677449.48539,11311049383.5622,19.948694967295662,5.810402525449114,15.065771341637193,49.70798711295823,2.8274399573804843,6.639704095279314,33983543645.13407,9898295008.426085,4816677449.48539,94,94,0,0.0,0,83.99795974062758,912601518.2475467,0.0,0,1.0,10730801200.195723,13663860.0,4948114017.403224,539937478.65,359958319.1,539937478.65,359958319.1,1375677449.4853897,4816677449.48539,3441000000.0,1395853723.0,1395853723.0,0.0,False,7874365957.432866,7874365957.432866,0.0,1.0,4006634947.1041794,3867731010.3286867,1279728033.5418258,0.0,11,9464500000.0,9464500000.0
94,great_miami,170354720952.15982,127530789770.85739,42823931181.30242,11653564849.56278,50654777528.943985,0.0,49886344612.67896,15336102779.671663,11653564849.56278,50654777528.943985,12617553994.336754,30206377186.96566,29.283805188286145,9.00245246738918,6.8407642502818655,29.73488333391665,7.406635943996,17.731458816130154,49886344612.67896,15336102779.671663,12617553994.336754,99,99,0,0.0,0,85.23525817251503,3103023144.0672064,0.0,0,1.0,23704022290.139027,941278680.0,7462120564.602741,539937478.65,359958319.1,539937478.65,359958319.1,9176553994.336754,12617553994.336754,3441000000.0,1395853723.0,1395853723.0,0.0,False,12485431868.369522,12485431868.369522,0.0,1.0,5687824144.7852335,6797607723.58429,1534941089.4893334,0.0,13,9464500000.0,9464500000.0
95,great_miami,170354720952.15982,121149836495.12807,49204884457.031746,23581490934.267223,56498907890.3234,0.0,32814730753.87461,8254706916.662818,23581490934.267223,56498907890.3234,14482127253.257113,34722757203.774635,19.262589595676584,4.845599153651257,13.84258141040279,33.165448878983405,8.501159916386516,20.382621044899434,32814730753.87461,8254706916.662818,14482127253.257113,95,95,0,0.0,0,83.98538741375337,940798890.3666663,0.0,0,1.0,9457056705.068047,13802700.0,4295424720.400242,539937478.65,359958319.1,539937478.65,359958319.1,11041127253.257113,14482127253.257113,3441000000.0,1395853723.0,1395853723.0,0.0,False,7051574744.981848,7051574744.981848,0.0,1.0,4164167298.6893625,2887407446.2924857,1255585099.4701293,0.0,10,9464500000.0,9464500000.0
96,great_miami,170354720952.15982,158994990402.8447,11359730549.315128,35367016280.554276,63607514548.781685,0.0,48022080104.15841,11998379469.35032,35367016280.554276,63607514548.781685,3423425064.595757,7936305484.719372,28.189462455604207,7.043174032564551,20.760807850160067,37.338275213778424,2.00958625945984,4.658694188432911,48022080104.15841,11998379469.35032,3423425064.595757,99,99,0,0.0,0,85.23525817251503,2922262118.189533,0.0,0,1.0,22354608040.321236,941278680.0,6413862260.191905,539937478.65,359958319.1,539937478.65,359958319.1,0.0,3423425064.595757,3423425064.595757,1395853723.0,1395853723.0,0.0,False,9740039325.615498,9740039325.615498,0.0,1.0,5217481914.534425,4522557411.081073,1476018367.630086,0.0,13,9464500000.0,9464500000.0
97,great_miami,170354720952.15982,125751163306.0054,44603557646.15441,41743718176.3043,41584623943.293625,0.0,35739792304.14088,6683028882.26661,41743718176.3043,41584623943.293625,13137577221.87727,31465980424.27714,20.979631268438737,3.9230077363945695,24.503998446880175,24.410608470881005,7.711895008513826,18.470859068891688,35739792304.14088,6683028882.26661,13137577221.87727,95,95,0,0.0,0,83.67513237752861,1598777020.8680658,0.0,0,1.0,12320493026.048223,17228940.0,4441219099.210521,539937478.65,359958319.1,539937478.65,359958319.1,9696577221.87727,13137577221.87727,3441000000.0,1395853723.0,1395853723.0,0.0,False,5248155324.081625,5248155324.081625,0.0,1.0,4067578990.0620704,1180576334.0195549,1362879666.1036687,0.0,12,9464500000.0,9464500000.0
98,great_miami,170354720952.15982,142249788848.5682,28104932103.59162,23481490601.744556,47087911171.45644,0.0,58210399247.49506,13469987827.872143,23481490601.744556,47087911171.45644,8316527032.93244,19788405070.659176,34.17011217660478,7.907023505180627,13.783880171033704,27.641095537751486,4.881888207411607,11.616000402017795,58210399247.49506,13469987827.872143,8316527032.93244,99,99,0,0.0,0,85.23525817251503,5394459291.486132,0.0,0,1.0,32125010246.95868,941278680.0,7889111509.554167,539937478.65,359958319.1,539937478.65,359958319.1,4875527032.93244,8316527032.93244,3441000000.0,1395853723.0,1395853723.0,0.0,False,10119298002.636389,10119298002.636389,0.0,1.0,5596740591.555316,4522557411.081073,1511035736.4679718,0.0,13,9464500000.0,9464500000.0
99,great_miami,170354720952.15982,103242717956.3076,67112002995.85221,17546638330.851845,40998915122.76795,0.0,35486202926.13094,9210961576.55687,17546638330.851845,40998915122.76795,19714752055.385185,47397250940.46701,20.8307716556305,5.406930623979335,10.300059917787316,24.066791277408477,11.57276531298573,27.822681212208632,35486202926.13094,9210961576.55687,19714752055.385185,96,96,0,0.0,0,84.2877806708135,1261284255.465971,0.0,0,1.0,12062795290.522045,10463280.0,4402343188.928905,539937478.65,359958319.1,539937478.65,359958319.1,16273752055.385185,19714752055.385185,3441000000.0,1395853723.0,1395853723.0,0.0,False,7872236676.110408,7872236676.110408,0.0,1.0,4125244943.043678,3746991733.06673,1287250104.9455533,0.0,11,9464500000.0,9464500000.0
