Company,StatEntityKey,SurplusUSD,GroupSurplusUSD,GroupToEntityRatio
Orange Insurance Exchange,C10014,273902971,461167417,1.684
Manatee Insurance Exchange,C10040,140145541,154478428,1.102
Ovation Home Ins Exchange,C10067,125994623,129397081,1.027
Lexington Insurance Co.,C1046,2757732885,5491826313,1.991
Liberty Mutual Fire Ins Co.,C1051,114379001,115702125,1.012
Farmers Casualty Ins Co.,C1142,166097560,310128872,1.867
Narragansett Bay Insurance Co.,C1250,169170702,349106762,2.064
National Fire & Marine Ins Co.,C1265,93726266,128402836,1.37
Nationwide Mutual Insurance Co,C1298,168471470,183113721,1.087
Nationwide P&C Insurance Co.,C1299,60918142,71181008,1.168
AIG Specialty Insurance Co.,C134,253658951,469101881,1.849
American Modern Home Ins Co.,C144,121085636,156568473,1.293
Garrison P&C Insurance Co.,C1581,80657427,81503375,1.01
Homesite Insurance Co.,C1621,82492194,97877638,1.187
MS Transverse Spclty Ins Co.,C1622,123169503,138316693,1.123
Scottsdale Insurance Co.,C1650,56557334,61781675,1.092
Berkley Insurance Co.,C1685,92093662,127943136,1.389
Southern-Owners Insurance Co.,C1712,91182991,107013714,1.174
Topa Insurance Co.,C1803,65519008,85460156,1.304
Truck Insurance Exchange,C1847,115294729,124880584,1.083
Sutton National Insurance Co.,C1866,100352948,102535808,1.022
United Svcs Automobile Assn,C1904,105887846,111710454,1.055
USAA Casualty Insurance Co.,C1927,64974616,73228897,1.127
USAA General Indemnity Co.,C1929,69100447,87643683,1.268
GeoVera Specialty Insurance Co,C1936,85184496,88866326,1.043
Spinnaker Insurance Co.,C1937,39901636,49673549,1.245
Amica Mutual Insurance Co.,C194,54891012,72007657,1.312
Voyager Indemnity Insurance Co,C1975,73250524,80952359,1.105
Wilshire Insurance Co.,C2027,252172462,480441162,1.905
Trisura Insurance Co.,C284,120704523,154648174,1.281
AIG Property Casualty Co.,C295,375125628,723723662,1.929
First Floridian Auto & Home,C2962,83440919,115582079,1.385
Florida Family Insurance Co.,C2971,101642174,102075202,1.004
Unique Insurance Co.,C2999,53621147,54287953,1.012
State Farm FL Ins Co,C3205,1008711696,1574345398,1.561
Castle Key Indemnity Co.,C3244,109863442,118044226,1.074
American Strategic Ins Corp.,C3253,86449378,103460472,1.197
Cypress P&C Insurance Co.,C3431,136071483,201853593,1.483
QBE Specialty Insurance Co.,C3736,43721875,57140137,1.307
Chubb Custom Insurance Co.,C385,42437031,48897333,1.152
ACE Ins Co. of the Midwest,C397,169793826,211893453,1.248
Amer Integrity Ins Co FL,C3986,54353619,67358985,1.239
American Traditions Ins Co.,C3993,92104802,117352549,1.274
Cincinnati Insurance Co.,C405,175007303,197039991,1.126
Edison Insurance Co.,C4152,71765209,94400520,1.315
First Protective Insurance Co.,C4202,63168276,74881037,1.185
Florida Peninsula Insurance Co,C4209,113428149,147575818,1.301
Centauri Specialty Ins Co.,C4297,137954805,183563606,1.331
Safe Harbor Insurance Co.,C4520,378785855,772655851,2.04
Security First Insurance Co.,C4528,348622135,631778055,1.812
Southern Oak Insurance Co.,C4548,111527104,153451134,1.376
Universal North America Ins Co,C4614,106425940,147989551,1.391
Universal P&C Insurance Co.,C4615,66501530,84997233,1.278
Auto Club Insurance Co. of FL,C5107,85943282,112214171,1.306
Evanston Insurance Co.,C603,109210594,144412467,1.322
Privilege Underwriters Recpl,C6187,125418138,150251484,1.198
Homeowners Choice P&C Ins Co.,C6245,304968829,576987926,1.892
Olympus Insurance Co.,C6248,77453012,78608169,1.015
Covington Specialty Ins Co.,C6404,153634432,204925068,1.334
Cincinnati Spclty Underwriters,C6408,59978096,72503342,1.209
People's Trust Insurance Co.,C6513,57129377,78647384,1.377
ASI Preferred Insurance Corp.,C6525,107046724,136447322,1.275
Federal Insurance Co.,C674,402221030,660447381,1.642
Kinsale Insurance Co.,C681,51418732,56507018,1.099
Castle Key Insurance Co.,C714,1235257076,2483979293,2.011
Stillwater P&C Insurance Co.,C717,164876575,175453456,1.064
First Liberty Insurance Corp.,C725,66242764,74419867,1.123
American Modern P&C Ins Co.,C726,53068818,64485884,1.215
American Platinum P&C Ins Co.,C7302,80609700,96079374,1.192
Florida Farm Bureau Cas Ins Co,C741,50329587,63316381,1.258
FL Farm Bureau General Ins Co.,C742,126805598,135679650,1.07
Florida Family Home Ins Co.,C7460,96973143,103980739,1.072
Foremost Ins Co. Grand Rapids,C752,316176553,602866990,1.907
Foremost P&C Insurance Co.,C754,374379109,554264240,1.48
Heritage P&C Insurance Co.,C8002,78646882,102504658,1.303
American Bankers Ins Co. of FL,C82,61821128,70807968,1.145
Safepoint Insurance Co.,C8520,176725942,255300616,1.445
Monarch National Insurance Co.,C8792,121021592,131918281,1.09
Hartford Ins Co. of the MW,C888,65650664,82782711,1.261
TypTap Insurance Co.,C8884,82351445,104576570,1.27
US Coastal P&C Insurance Co.,C8911,141377665,183910331,1.301
Dover Bay Specialty Ins Co.,C8913,62673010,81196419,1.296
Lemonade Insurance Co.,C8979,103173005,129393347,1.254
Vault Reciprocal Exchange,C9125,86087027,102086023,1.186
Vault E&S Insurance Co.,C9151,68488802,84190513,1.229
KW Specialty Insurance Co.,C9175,295264554,634495623,2.149
Kin Interinsurance Network,C9365,239527637,366388296,1.53
Sutton Specialty Insurance Co.,C9661,95655358,106231631,1.111
Trusted Resource Underwriters,C9699,187955834,230060434,1.224
Accredited Specialty Ins Co.,C9700,63505125,79697838,1.255
SureChoice Underwriters Recpl,C9757,323230229,693531456,2.146
Spinnaker Specialty Ins Co.,C9779,76381237,99759047,1.306
Vyrd Insurance Co.,C9805,71177456,96894962,1.361
Tower Hill Insurance Exchange,C9817,45899560,60703159,1.323
PURE Specialty Exchange,C9832,325903772,507221108,1.556
Slide Insurance Co.,C9834,46090490,48384376,1.05
Loggerhead Recpl Interinsuranc,C9910,147346088,265710996,1.803
Victor Insurance Exchange,C9979,141289161,166649597,1.179
Beazley Excess & Surplus Ins I,C9994,939177838,2018118153,2.149
