admin2_name,wind_weighted_present,rain_weighted_present,surge_weighted_present,is_coastal_present,n_extreme_events_present,mean_compound_hazard_present,wind_share_present,rain_share_present,surge_share_present,wind_deviation_pp_present,water_deviation_pp_present,wind_scaling_present,water_scaling_present,wind_weighted_future,rain_weighted_future,surge_weighted_future,is_coastal_future,n_extreme_events_future,mean_compound_hazard_future,wind_share_future,rain_share_future,surge_share_future,wind_deviation_pp_future,water_deviation_pp_future,wind_scaling_future,water_scaling_future,wind_share_change_pp,rain_share_change_pp,surge_share_change_pp,compound_hazard_change
Alachua,5.141671591789477,0.541161616207297,0.0,0.0,119.0,5.682833207996773,90.47725674148268,9.52274325851733,0.0,20.477256741482677,-20.47725674148267,1.2925322391640384,0.317424775283911,5.125575189333968,0.5405465171050134,0.0,0.0,864.0,5.666121706438981,90.46002636175753,9.539973638242476,0.0,20.460026361757528,-20.460026361757524,1.2922860908822504,0.31799912127474916,-0.017230379725148737,0.017230379725145184,0.0,0.9970593010658352
Baker,5.259438670242989,0.5740171090044919,0.0,0.0,115.0,5.83345577924748,90.1599132533659,9.84008674663409,0.0,20.1599132533659,-20.159913253365907,1.28799876076237,0.3280028915544697,5.102001067090255,0.5330506240965968,0.0,0.0,838.0,5.635051691186852,90.54044837014928,9.459551629850727,0.0,20.540448370149278,-20.54044837014927,1.2934349767164184,0.31531838766169096,0.3805351167833777,-0.3805351167833635,0.0,0.9659885845425535
Bay,6.369101072586366,0.7247169259287843,1.1129819804257572,1.0,228.0,8.206799978940907,77.6076069714118,8.830688304679622,13.561704723908578,7.607606971411798,-7.607606971411798,1.108680099591597,0.74641310095294,6.428379689801092,0.7431339070403087,1.1115845341923136,1.0,1489.0,8.283098131033716,77.60839710103548,8.971690245417472,13.419912653547062,7.608397101035479,-7.6083971010354645,1.1086913871576498,0.7463867632988179,0.0007901296236809685,0.14100194073784955,-0.1417920703615163,1.0092969430580243
Bradford,5.168357653362876,0.5263824799173608,0.0,0.0,117.0,5.694740133280238,90.75669007544057,9.243309924559425,0.0,20.756690075440574,-20.756690075440574,1.2965241439348654,0.3081103308186476,5.094105433394634,0.5379217086272906,0.0,0.0,855.0,5.632027142021925,90.44887932776946,9.551120672230534,0.0,20.44887932776946,-20.44887932776947,1.2921268475395637,0.31837068907435107,-0.3078107476711125,0.30781074767110894,0.0,0.9889875587312902
Brevard,6.493183205203461,0.7473780924587429,1.0775238073434188,1.0,206.0,8.318085105005622,78.06103355802432,8.984977708499146,12.953988733476544,8.06103355802432,-8.06103355802431,1.1151576222574904,0.7312988813991896,6.235027728181542,0.8072015861367602,1.1483819561107431,1.0,1339.0,8.190611270429045,76.12408307902685,9.855205667628724,14.02071125334444,6.124083079026846,-6.124083079026839,1.087486901128955,0.795863897365772,-1.936950478997474,0.8702279591295774,1.066722519867895,0.984675098539222
Broward,6.393453686505648,0.7388277202557643,0.7242855622988816,1.0,215.0,7.856566969060296,81.37719326626392,9.403951155324192,9.2188555784119,11.377193266263916,-11.377193266263909,1.162531332375199,0.6207602244578697,6.508378860246964,0.8270022636200456,0.8410972556420879,1.0,1396.0,8.1764783795091,79.59880229803429,10.114406535857524,10.28679116610819,9.598802298034286,-9.598802298034286,1.1371257471147755,0.6800399233988571,-1.7783909682296297,0.7104553805333325,1.0679355876962902,1.040718982185048
Calhoun,5.327918567332886,0.5454240975092629,0.0,0.0,116.0,5.8733426648421485,90.7135658749459,9.286434125054097,0.0,20.7135658749459,-20.713565874945903,1.2959080839277985,0.30954780416846994,5.241373370965317,0.5810925191390645,0.0,0.0,873.0,5.822465890104382,90.01982098123297,9.98017901876703,0.0,20.019820981232968,-20.019820981232968,1.2859974425890424,0.3326726339589011,-0.6937448937129318,0.6937448937129336,0.0,0.9913376798118192
Charlotte,6.696382821117807,0.7312182101818199,1.1255461191589349,1.0,243.0,8.553147150458562,78.2914487886344,8.549112944264229,13.159438267101375,8.291448788634398,-8.291448788634398,1.1184492684090628,0.7236183737121867,6.52592094194919,0.7546953337775837,0.994285709930218,1.0,1546.0,8.274901985656992,78.86402706957332,9.120293328980914,12.015679601445772,8.864027069573325,-8.864027069573314,1.1266289581367617,0.7045324310142229,0.5725782809389273,0.5711803847166852,-1.1437586656556036,0.9674686802521979
Citrus,6.356781696031586,0.6905364817680754,0.939373751495935,1.0,244.0,7.986691929295597,79.59217348442583,8.646088867346345,11.761737648227847,9.592173484425828,-9.592173484425807,1.1370310497775118,0.6802608838524731,6.294726291833018,0.6907355848039732,0.8205217263374781,1.0,1549.0,7.805983602974468,80.63975806244856,8.848796255999929,10.511445681551502,10.639758062448564,-10.639758062448571,1.1519965437492652,0.645341397918381,1.047584578022736,0.20270738865358418,-1.250291966676345,0.9773738203600565
Clay,5.183765368462996,0.5636595428316113,0.0,0.0,117.0,5.747424911294607,90.19283328566972,9.80716671433028,0.0,20.19283328566972,-20.19283328566972,1.2884690469381388,0.32690555714434266,5.095432155576624,0.5603096206525592,0.0,0.0,847.0,5.655741776229184,90.09308340406356,9.906916595936437,0.0,20.093083404063563,-20.093083404063563,1.2870440486294794,0.3302305531978812,-0.09974988160615794,0.09974988160615617,0.0,0.9840479629607249
Collier,6.467268833249211,0.7663425879017389,0.9867980711348314,1.0,241.0,8.220409492285782,78.67331717864231,9.322438117236036,12.004244704121676,8.673317178642307,-8.673317178642286,1.1239045311234614,0.7108894273785904,6.503636519641702,0.7916118459535678,1.017514952162577,1.0,1539.0,8.312763317757847,78.23675799536525,9.522848368153523,12.240393636481226,8.236757995365252,-8.236757995365252,1.1176679713623607,0.7254414001544915,-0.4365591832770548,0.20041025091748743,0.2361489323595496,1.01123469889897
Columbia,5.1854508263222225,0.5395128947554411,0.0,0.0,115.0,5.724963721077664,90.57613425969652,9.423865740303476,0.0,20.576134259696516,-20.576134259696524,1.2939447751385216,0.3141288580101159,5.111847843694176,0.5258530388210138,0.0,0.0,847.0,5.6377008825151895,90.67256227708181,9.327437722918194,0.0,20.67256227708181,-20.672562277081806,1.2953223182440259,0.3109145907639398,0.09642801738529272,-0.09642801738528206,0.0,0.9847574861931093
DeSoto,5.4277727189771205,0.5677391278585769,0.0,0.0,129.0,5.995511846835698,90.53059784781816,9.469402152181845,0.0,20.530597847818157,-20.530597847818157,1.2932942549688309,0.3156467384060614,5.274776492778854,0.5529041678417306,0.0,0.0,921.0,5.827680660620584,90.51244911928904,9.48755088071096,0.0,20.512449119289045,-20.512449119289037,1.293034987418415,0.31625169602369874,-0.018148728529112645,0.018148728529116198,0.0,0.972007196299063
Dixie,6.359807240031357,0.7060871454520329,1.0723936374307506,1.0,227.0,8.138288022914141,78.14674563157143,8.67611398692177,13.177140381506803,8.146745631571434,-8.146745631571427,1.1163820804510205,0.7284418122809524,6.388133112964907,0.7124116910570875,0.9906399678201647,1.0,1487.0,8.09118477184216,78.9517640877022,8.804788311550192,12.24344760074761,8.951764087702202,-8.951764087702198,1.1278823441100314,0.7016078637432601,0.8050184561307674,0.1286743246284221,-0.933692780759193,0.9942121425366911
Duval,6.324908739407421,0.7430122505414775,0.7574187324557504,1.0,220.0,7.8253397224046495,80.8259955960588,9.494952000795145,9.67905240314606,10.825995596058803,-10.825995596058796,1.1546570799436973,0.6391334801313735,6.092397704154281,0.7642982060432549,0.71166235795371,1.0,1440.0,7.568358268151246,80.49827305073518,10.098599708995454,9.403127240269386,10.498273050735179,-10.498273050735158,1.149975329296217,0.6500575649754947,-0.3277225453236241,0.6036477082003096,-0.275925162876673,0.967160345317962
Escambia,6.443900966029162,0.7502407320826383,1.2203374603079937,1.0,232.0,8.414479158419793,76.58110317596059,8.916068576055878,14.502828247983546,6.5811031759605925,-6.581103175960578,1.0940157596565798,0.7806298941346475,6.343310875694837,0.7523222019052095,1.1493008929494508,1.0,1506.0,8.244933970549496,76.93586023069238,9.124660119686435,13.939479649621179,6.935860230692384,-6.935860230692384,1.0990837175813197,0.7688046589769205,0.35475705473179175,0.20859154363055765,-0.5633485983623672,0.9798507804608864
Flagler,6.198354135748118,0.7009076904500365,0.7283854326381183,1.0,218.0,7.627647258836273,81.26167775479674,9.189041740729001,9.54928050447427,11.261677754796736,-11.261677754796729,1.1608811107828105,0.6246107415067756,6.238572420440035,0.7660574934153558,0.748238901349298,1.0,1424.0,7.75286881520469,80.46792186403488,9.880955188007146,9.651122947957983,10.467921864034878,-10.46792186403487,1.149541740914784,0.6510692711988376,-0.793755890761858,0.6919134472781447,0.1018424434837133,1.0164167995869702
Franklin,6.601303050573693,0.7327367136738157,1.0381168179903406,1.0,244.0,8.37215658223785,78.8482989505816,8.752066525229244,12.399634524189173,8.848298950581594,-8.848298950581583,1.126404270722594,0.7050567016472806,6.41045477359047,0.7831485449250589,0.9923900594160205,1.0,1548.0,8.185993377931547,78.31004103756402,9.566933526190393,12.123025436245582,8.31004103756402,-8.310041037564027,1.1187148719652003,0.7229986320811992,-0.5382579130175742,0.814867000961149,-0.27660908794359074,0.9777640082961108
Gadsden,5.172869561620064,0.5432471612342,0.0,0.0,113.0,5.716116722854265,90.49621994137766,9.503780058622334,0.0,20.49621994137766,-20.496219941377667,1.2928031420196808,0.3167926686207444,5.139491099982303,0.5628382005700558,0.0,0.0,855.0,5.70232930055236,90.12967910296699,9.870320897033011,0.0,20.12967910296699,-20.12967910296699,1.2875668443280999,0.32901069656776705,-0.3665408384106712,0.36654083841067653,0.0,0.9975879739742227
Gilchrist,5.2364562482009545,0.5524010126897736,0.0,0.0,119.0,5.788857260890727,90.45751194416607,9.542488055833942,0.0,20.45751194416607,-20.457511944166058,1.292250170630944,0.31808293519446473,5.205573124858003,0.572930526410133,0.0,0.0,869.0,5.778503651268136,90.08514035836252,9.914859641637486,0.0,20.085140358362523,-20.085140358362516,1.286930576548036,0.33049532138791615,-0.372371585803549,0.3723715858035437,0.0,0.9982114588154488
Glades,5.2862937328326645,0.5010126890025713,0.0,0.0,128.0,5.787306421835236,91.34290371921081,8.657096280789176,0.0,21.34290371921081,-21.342903719210824,1.3048986245601544,0.2885698760263059,5.161743612818661,0.5135535331008197,0.0,0.0,891.0,5.6752971459194805,90.95107234217573,9.048927657824278,0.0,20.951072342175735,-20.95107234217572,1.2993010334596533,0.301630921927476,-0.391831377035075,0.3918313770351016,0.0,0.9806456980585735
Gulf,6.415547538162525,0.728299471325613,1.086055335963286,1.0,231.0,8.229902345451425,77.95411499272925,8.84943029400751,13.196454713263236,7.954114992729245,-7.954114992729252,1.1136302141818464,0.7348628335756916,6.431746790012579,0.7770873131340981,1.0649099343949777,1.0,1494.0,8.273744037541656,77.73683547410802,9.392208770395934,12.870955755496034,7.73683547410802,-7.736835474108034,1.110526221058686,0.7421054841963989,-0.21727951862122552,0.542778476388424,-0.32549895776720206,1.0053271217871087
Hamilton,5.153852970631962,0.526274202182995,0.0,0.0,115.0,5.680127172814958,90.73481656006332,9.265183439936683,0.0,20.734816560063322,-20.734816560063315,1.2962116651437618,0.30883944799788954,5.056338770102006,0.5277549581571213,0.0,0.0,841.0,5.584093728259129,90.54895952970239,9.451040470297619,0.0,20.548959529702387,-20.54895952970238,1.293556564710034,0.31503468234325405,-0.18585703036093548,0.18585703036093548,0.0,0.9830930819620652
Hardee,5.352071407720004,0.5565911204652502,0.0,0.0,128.0,5.908662528185253,90.58008275459595,9.419917245404058,0.0,20.58008275459595,-20.580082754595942,1.2940011822085136,0.31399724151346864,5.217494628951081,0.5284892045391387,0.0,0.0,911.0,5.74598383349022,90.80245925060105,9.197540749398947,0.0,20.802459250601046,-20.802459250601053,1.2971779892943007,0.3065846916466316,0.22237649600509712,-0.22237649600511133,0.0,0.9724677634034724
Hendry,5.415099363427197,0.5583273564701843,0.0,0.0,128.0,5.973426719897382,90.65314797266356,9.346852027336427,0.0,20.65314797266356,-20.653147972663575,1.295044971038051,0.3115617342445475,5.219933857897754,0.5439847697147412,0.0,0.0,890.0,5.763918627612495,90.5622406411371,9.437759358862916,0.0,20.562240641137095,-20.562240641137084,1.293746294873387,0.31459197862876387,-0.09090733152646635,0.09090733152648944,0.0,0.9649266489556122
Hernando,6.343123797237259,0.6867173528376392,0.8198250576390856,1.0,244.0,7.849666207713983,80.80756084894128,8.74836374778321,10.44407540327551,10.807560848941279,-10.807560848941279,1.154393726413447,0.6397479717019574,6.326828503388139,0.7031592127651135,0.782239863867108,1.0,1549.0,7.8122275800203616,80.98622881351915,9.000751777424293,10.013019409056556,10.986228813519148,-10.986228813519151,1.1569461259074163,0.633792372882695,0.17866796457786904,0.2523880296410823,-0.4310559942189549,0.9952305452610418
Highlands,5.132957316061796,0.5169849022405445,0.0,0.0,127.0,5.64994221830234,90.84973116068636,9.150268839313634,0.0,20.84973116068636,-20.849731160686368,1.2978533022955194,0.3050089613104544,5.151442224499243,0.5147653801555155,0.0,0.0,895.0,5.666207604654759,90.91516908535723,9.084830914642778,0.0,20.915169085357235,-20.91516908535722,1.2987881297908177,0.3028276971547593,0.06543792467087428,-0.06543792467085652,0.0,1.0028788588845616
Hillsborough,6.3720737232700575,0.6936603950546947,0.9461242017201859,1.0,244.0,8.011858320044938,79.53303052461263,8.657921387841068,11.8090480875463,9.533030524612627,-9.533030524612634,1.1361861503516089,0.6822323158462456,6.330278431605696,0.7279229207395196,0.8975406543293538,1.0,1548.0,7.955742006674569,79.56867412611959,9.149654678706518,11.281671195173885,9.56867412611959,-9.568674126119596,1.1366953446588512,0.6810441957960134,0.035643601506961886,0.4917332908654508,-0.5273768923724145,0.9929958430205922
Holmes,5.1590859573707775,0.5389513068421924,0.0,0.0,107.0,5.69803726421297,90.54145696401244,9.458543035987567,0.0,20.54145696401244,-20.541456964012433,1.2934493852001778,0.31528476786625226,5.12270531658183,0.5546345288507988,0.0,0.0,818.0,5.67733984543263,90.23073228041831,9.76926771958169,0.0,20.23073228041831,-20.23073228041831,1.289010461148833,0.32564225731938967,-0.3107246835941311,0.3107246835941222,0.0,0.9963676231269437
Indian River,6.321907638869384,0.7200615346630626,1.0333819847303591,1.0,210.0,8.075351158262805,78.2864734297124,8.916782942947146,12.796743627340456,8.286473429712402,-8.286473429712398,1.1183781918530342,0.7237842190095867,6.273245728078771,0.7778968162960146,1.073721087180404,1.0,1360.0,8.12486363155519,77.21047407755694,9.574275354909759,13.2152505675333,7.210474077556938,-7.210474077556942,1.1030067725365278,0.7596508640814352,-1.0759993521554634,0.6574924119626129,0.4185069401928434,1.0061313090071289
Jackson,5.22208086894214,0.5314084497132658,0.0,0.0,111.0,5.753489318655406,90.76371884466353,9.23628115533647,0.0,20.76371884466353,-20.76371884466353,1.2966245549237647,0.3078760385112157,5.13225213967087,0.5444596289226377,0.0,0.0,836.0,5.676711768593508,90.40889072552763,9.591109274472393,0.0,20.408890725527627,-20.408890725527606,1.2915555817932518,0.3197036424824131,-0.3548281191359024,0.35482811913592194,0.0,0.9866554805597795
Jefferson,6.415639389475956,0.7042540474423273,1.0930211217339152,1.0,226.0,8.2129145586522,78.11647550524148,8.574958894469503,13.30856560028902,8.116475505241482,-8.116475505241475,1.1159496500748782,0.7294508164919509,6.24330493509887,0.6910613971900829,1.0401480459463934,1.0,1480.0,7.974514378235344,78.29072265690027,8.665874364414972,13.043402978684759,8.290722656900272,-8.290722656900272,1.1184388950985753,0.7236425781033242,0.1742471516587898,0.09091546994546817,-0.2651626216042615,0.9709725239786278
Lafayette,5.194857485489528,0.5854092432136877,0.0,0.0,118.0,5.780266728703216,89.87227976337655,10.127720236623446,0.0,19.872279763376554,-19.872279763376554,1.2838897109053793,0.33759067455411484,5.204937275719784,0.5830732618473936,0.0,0.0,869.0,5.788010537567178,89.92618866080242,10.073811339197588,0.0,19.926188660802424,-19.92618866080241,1.2846598380114633,0.3357937113065863,0.05390889742587035,-0.053908897425857916,0.0,1.001339697496226
Lake,5.258675425909511,0.5448910714337439,0.0,0.0,122.0,5.8035664973432555,90.61109971457753,9.388900285422473,0.0,20.611099714577534,-20.611099714577527,1.2944442816368218,0.3129633428474158,5.07494202704552,0.5175548694164152,0.0,0.0,882.0,5.592496896461935,90.74554927792909,9.254450722070917,0.0,20.745549277929086,-20.745549277929083,1.2963649896847012,0.3084816907356972,0.13444956335155211,-0.13444956335155567,0.0,0.9636310532535565
Lee,6.634529000704549,0.7642322582720547,1.1655481705506923,1.0,244.0,8.564309429527297,77.46717999037476,8.92345453606802,13.609365473557208,7.46717999037476,-7.467179990374774,1.1066739998624966,0.7510940003208408,6.57545807034041,0.7842110696833863,1.135906885260392,1.0,1549.0,8.495576025284187,77.39861371107501,9.23081692576759,13.37056936315739,7.398613711075015,-7.398613711075022,1.105694481586786,0.7533795429641659,-0.06856627929974479,0.30736238969956986,-0.23879611039981796,0.9919744370741513
Leon,5.235498515911719,0.5279478264068449,0.0,0.0,114.0,5.763446342318565,90.83971993405497,9.16028006594502,0.0,20.83971993405497,-20.83971993405498,1.2977102847722137,0.30534266886483397,5.2070936461818995,0.574612066128344,0.0,0.0,855.0,5.781705712310245,90.06154766914379,9.93845233085621,0.0,20.061547669143792,-20.061547669143792,1.2865935381306257,0.33128174436187363,-0.7781722649111771,0.7781722649111895,0.0,1.0031681339440275
Levy,6.334529809520324,0.6996126473291908,0.9642064190933232,1.0,235.0,7.998348875942837,79.19796832785211,8.746963381823239,12.055068290324648,9.19796832785211,-9.197968327852113,1.1313995475407443,0.6934010557382628,6.321999056546133,0.7228210157258921,0.9397313593481796,1.0,1516.0,7.984551431620204,79.17788633072013,9.05274418877679,11.769369480503073,9.177886330720128,-9.177886330720135,1.1311126618674303,0.6940704556426622,-0.020081997131981666,0.3057808069535515,-0.28569880982157514,0.998274963428498
Liberty,5.204603472598172,0.5323197087239822,0.0,0.0,116.0,5.736923181322153,90.7211637336008,9.278836266399189,0.0,20.721163733600804,-20.72116373360081,1.2960166247657257,0.3092945422133063,5.236869662236789,0.6067772154355314,0.0,0.0,879.0,5.843646877672321,89.61646334664857,10.383536653351422,0.0,19.616463346648572,-19.61646334664858,1.2802351906664082,0.3461178884450473,-1.1047003869522314,1.1047003869522332,0.0,1.0186029502186174
Madison,5.387412725806801,0.5712386145618172,0.0,0.0,116.0,5.958651340368618,90.413290156922,9.586709843077996,0.0,20.413290156922002,-20.413290156922002,1.2916184308131715,0.3195569947692666,5.094425512785138,0.550833863331646,0.0,0.0,861.0,5.645259376116784,90.24254110161809,9.757458898381905,0.0,20.242541101618087,-20.242541101618095,1.289179158594544,0.3252486299460635,-0.17074905530391504,0.1707490553039097,0.0,0.9474055543192016
Manatee,6.560682202182311,0.6909962634804196,0.9590084259189747,1.0,244.0,8.210686891581705,79.90418205946789,8.415815541436464,11.680002399095644,9.904182059467885,-9.904182059467892,1.1414883151352555,0.6698605980177369,6.398132898806368,0.7597275319977401,0.8742865320380463,1.0,1546.0,8.032146962842154,79.65657162904306,9.45858604819293,10.884842322764001,9.656571629043057,-9.656571629043071,1.1379510232720436,0.6781142790318977,-0.2476104304248281,1.0427705067564652,-0.7951600763316424,0.9782551775390916
Marion,5.108585436532103,0.5349825911090856,0.0,0.0,122.0,5.643568027641189,90.52049007846037,9.479509921539645,0.0,20.52049007846037,-20.520490078460355,1.2931498582637195,0.3159836640513215,5.100525073971844,0.5159783412351977,0.0,0.0,876.0,5.616503415207041,90.813174975766,9.186825024233999,0.0,20.813174975766003,-20.813174975766003,1.2973310710823716,0.3062275008077999,0.29268489730563374,-0.2926848973056462,0.0,0.995204343723405
Martin,6.417887601463687,0.7261153031719143,0.7352787306803544,1.0,235.0,7.879281635315955,81.45269960522654,9.215501320797724,9.331799073975734,11.452699605226542,-11.452699605226542,1.1636099943603793,0.6182433464924486,6.33196934892948,0.76371060255056,0.7971340830089442,1.0,1514.0,7.892814034488984,80.22448421134553,9.676024282510616,10.099491506143842,10.224484211345526,-10.22448421134554,1.1460640601620788,0.6591838596218154,-1.2282153938810154,0.46052296171289164,0.7676924321681078,1.0017174661091406
Miami-Dade,6.524181813335388,0.7810903448289681,0.8802402006991935,1.0,244.0,8.18551235886355,79.70401273990849,9.542351298061106,10.7536359620304,9.704012739908492,-9.704012739908492,1.138628753427264,0.6765329086697169,6.726763709472085,0.9026495290152212,0.8670985172482752,1.0,1550.0,8.49651175573558,79.17088686343752,10.623766022637309,10.205347113925187,9.170886863437516,-9.170886863437502,1.1310126694776788,0.6943037712187499,-0.5331258764709759,1.0814147245762022,-0.5482888481052122,1.0379938827574147
Monroe,6.431602267898142,0.8210642792964602,0.9236904942499237,1.0,244.0,8.176357041444525,78.66097621835095,10.041932796410782,11.297090985238267,8.660976218350953,-8.660976218350953,1.123728231690728,0.7113007927216348,6.738142038796138,0.8996000841158026,0.9146976343118095,1.0,1549.0,8.55243975722375,78.7861970393281,10.51863689955796,10.695166061113934,8.786197039328101,-8.786197039328108,1.12551710056183,0.7071267653557297,0.12522082097714815,0.4767041031471777,-0.601924924124333,1.0459963665814649
Nassau,6.182014997506513,0.7270819355939856,0.8484635492473483,1.0,206.0,7.757560482347845,79.69019399298978,9.37255903126304,10.937246975747183,9.690193992989776,-9.690193992989776,1.1384313427569968,0.6769935335670074,6.0637134578547345,0.7448778150549146,0.7803833719350156,1.0,1350.0,7.588974644844665,79.90161703826392,9.815262929636011,10.283120032100053,9.901617038263922,-9.901617038263936,1.1414516719751988,0.6699460987245355,0.21142304527414524,0.4427038983729723,-0.65412694364713,0.9782681890928477
Okaloosa,6.738903126687225,0.791137974196264,1.1076526559679185,1.0,243.0,8.637693756851405,78.01738885847783,9.15913432990993,12.823476811612242,8.01738885847783,-8.01738885847783,1.1145341265496833,0.7327537047174058,6.271321586416215,0.7459540650671375,1.0089818181824273,1.0,1546.0,8.02625746966578,78.13506618891654,9.29392145575165,12.571012355331808,8.13506618891654,-8.13506618891654,1.1162152312702363,0.7288311270361154,0.11767733043870976,0.13478712584172037,-0.2524644562804337,0.9292130162984031
Okeechobee,5.3010965569262725,0.5475267286174735,0.0,0.0,126.0,5.848623285543747,90.63836561382206,9.361634386177943,0.0,20.63836561382206,-20.638365613822057,1.2948337944831723,0.3120544795392648,5.165643953341081,0.5587957542905247,0.0,0.0,878.0,5.724439707631606,90.23842012790247,9.761579872097515,0.0,20.238420127902472,-20.238420127902486,1.289120287541464,0.3253859957365838,-0.3999454859195879,0.3999454859195719,0.0,0.9787670410882695
Orange,5.274126026861436,0.539771445762902,0.0,0.0,122.0,5.813897472624338,90.71584168271798,9.284158317282026,0.0,20.71584168271798,-20.715841682717972,1.2959405954673997,0.3094719439094009,5.107984267154438,0.563381481439433,0.0,0.0,876.0,5.67136574859387,90.06621144864242,9.933788551357578,0.0,20.06621144864242,-20.06621144864242,1.2866601635520345,0.33112628504525266,-0.6496302340755591,0.649630234075552,0.0,0.9754843072652036
Osceola,5.249245679935636,0.5488272016133846,0.0,0.0,124.0,5.79807288154902,90.53431695624428,9.465683043755725,0.0,20.534316956244282,-20.534316956244275,1.293347385089204,0.31552276812519087,5.1180663422640995,0.5411914147480107,0.0,0.0,876.0,5.65925775701211,90.43706015903858,9.56293984096142,0.0,20.43706015903858,-20.43706015903858,1.2919580022719797,0.3187646613653806,-0.09725679720570213,0.09725679720569502,0.0,0.9760584029602912
Palm Beach,6.3065874910657875,0.7636908977396365,0.6182945572005977,1.0,241.0,7.688572946006021,82.02546214173421,9.932804216110748,8.041733642155048,12.02546214173421,-12.025462141734202,1.1717923163104886,0.5991512619421933,6.419949701617777,0.8009969723787572,0.6739140157601364,1.0,1540.0,7.894860689756671,81.31808722030341,10.145802489181666,8.536110290514921,11.318087220303411,-11.318087220303411,1.1616869602900488,0.6227304259898863,-0.707374921430798,0.21299827307091768,0.49437664835987327,1.0268304333195941
Pasco,6.321445902127579,0.7061950986569638,0.9470705250823789,1.0,240.0,7.974711525866921,79.2686466666941,8.855431276308071,11.875922056997844,9.268646666694096,-9.268646666694085,1.1324092380956299,0.6910451111101972,6.2965248295466925,0.725519183630854,0.8933484184751657,1.0,1535.0,7.9153924316527124,79.54785418304265,9.165928157012017,11.286217659945345,9.547854183042645,-9.547854183042638,1.1363979169006093,0.6817381938985787,0.27920751634854923,0.3104968807039459,-0.5897043970524987,0.992561599999975
Pinellas,6.4251723341841345,0.7006142512932665,0.9814834668229524,1.0,244.0,8.107270052300352,79.25198362377306,8.641802317840325,12.106214058386604,9.251983623773057,-9.251983623773071,1.1321711946253294,0.6916005458742309,6.471411760865404,0.7587820218800619,0.9738519795175161,1.0,1548.0,8.20404576226298,78.88073699725862,9.248876028584725,11.870386974156654,8.880736997258623,-8.880736997258623,1.1268676713894088,0.7039754334247126,-0.3712466265144343,0.6070737107444,-0.2358270842299497,1.0119369046964422
Polk,5.2383383531854655,0.5259124143969472,0.0,0.0,125.0,5.764250767582412,90.8763092446528,9.123690755347212,0.0,20.876309244652802,-20.876309244652788,1.2982329892093256,0.3041230251782404,5.1140679939489715,0.5007552411423836,0.0,0.0,896.0,5.614823235091355,91.08154931730034,8.918450682699651,0.0,21.081549317300343,-21.08154931730035,1.3011649902471478,0.29728168942332167,0.20524007264754118,-0.20524007264756072,0.0,0.9740768508317814
Putnam,5.140683776856078,0.5431661718721797,0.0,0.0,118.0,5.683849948728257,90.44369262433271,9.556307375667284,0.0,20.443692624332712,-20.443692624332716,1.2920527517761817,0.3185435791889095,5.0987607215514625,0.5566007224321836,0.0,0.0,858.0,5.655361443983646,90.15799913152654,9.842000868473459,0.0,20.157999131526537,-20.15799913152654,1.2879714161646647,0.32806669561578194,-0.28569349280617473,0.28569349280617473,0.0,0.9949878154769048
Santa Rosa,6.468246542949652,0.641041189393322,0.9403137339955816,1.0,147.0,8.049601466338556,80.35486688376139,7.963638846891958,11.681494269346642,10.354866883761389,-10.3548668837614,1.14792666976802,0.6548377705412867,6.195466996822956,0.6689901223621992,0.9481257450402247,1.0,1026.0,7.812582864225381,79.30113644224673,8.562982741924872,12.135880815828399,9.30113644224673,-9.30113644224673,1.1328733777463817,0.6899621185917757,-1.0537304415146593,0.5993438950329137,0.45438654648175714,0.9705552376593638
Sarasota,6.663416746985934,0.7067183925473419,1.1515948545724688,1.0,242.0,8.521729994105746,78.19323953698186,8.293132885413648,13.513627577604506,8.193239536981864,-8.193239536981846,1.1170462790997409,0.7268920154339384,6.487967174815201,0.788109387106923,1.015923001850438,1.0,1543.0,8.291999563772562,78.24369894037247,9.504455240809992,12.251845818817548,8.243698940372468,-8.243698940372461,1.1177671277196066,0.725210035320918,0.05045940339060451,1.2113223553963444,-1.2617817587869578,0.9730418083543972
Seminole,5.266629598435348,0.5627315208670916,0.0,0.0,121.0,5.82936111930244,90.34660043613098,9.653399563869012,0.0,20.346600436130984,-20.346600436130988,1.290665720516157,0.32177998546230036,5.112212040603176,0.5968425328347688,0.0,0.0,867.0,5.709054573437947,89.54568527665421,10.454314723345782,0.0,19.54568527665421,-19.54568527665422,1.2792240753807744,0.3484771574448594,-0.8009151594767729,0.8009151594767694,0.0,0.9793619672203651
St. Johns,6.252256422874896,0.777377632241069,0.7921489380029431,1.0,227.0,7.821782993118908,79.93390290136176,9.938624389412936,10.127472709225298,9.933902901361762,-9.933902901361765,1.1419128985908824,0.6688699032879412,6.156608365423144,0.8121383346731947,0.7959912966228706,1.0,1475.0,7.7647379967192105,79.28932525507571,10.45931408138102,10.251360663543268,9.28932525507571,-9.28932525507571,1.1327046465010815,0.6903558248308097,-0.6445776462860522,0.5206896919680837,0.12388795431797028,0.9927069062834034
St. Lucie,6.498236293490208,0.7355117989925426,0.8686905683468054,1.0,231.0,8.102438660829554,80.20099337382574,9.07765957610148,10.721347050072772,10.200993373825739,-10.200993373825746,1.145728476768939,0.6599668875391418,6.350793151579029,0.8026936996372104,0.9181338299692727,1.0,1494.0,8.071620681185511,78.6805203369178,9.944641000143177,11.374838662939037,8.680520336917795,-8.680520336917787,1.12400743338454,0.7106493221027403,-1.5204730369079442,0.8669814240416969,0.6534916128662651,0.9961964562850651
Sumter,5.1608118897128925,0.521253825952731,0.0,0.0,124.0,5.682065715665623,90.82633232284488,9.173667677155136,0.0,20.826332322844877,-20.826332322844863,1.2975190331834983,0.3057889225718379,5.098500700682858,0.5317188903658738,0.0,0.0,894.0,5.630219591048731,90.55598308792017,9.444016912079825,0.0,20.55598308792017,-20.555983087920175,1.2936569012560024,0.3148005637359942,-0.2703492349247085,0.270349234924689,0.0,0.9908754795858924
Suwannee,5.241280558211249,0.560986761831685,0.0,0.0,116.0,5.802267320042934,90.3315939978523,9.668406002147691,0.0,20.331593997852295,-20.33159399785231,1.2904513428264615,0.32228020007158975,5.144119842320979,0.5527336708298212,0.0,0.0,854.0,5.696853513150802,90.2975621620975,9.702437837902501,0.0,20.297562162097506,-20.2975621620975,1.2899651737442501,0.32341459459675004,-0.03403183575478863,0.03403183575480995,0.0,0.9818323077725154
Taylor,6.469434320107775,0.6620274054900134,1.0754015018702996,1.0,226.0,8.206863227468089,78.82956180450043,8.066753242264724,13.103684953234849,8.829561804500429,-8.829561804500429,1.1261365972071489,0.7056812731833191,6.28726802152205,0.6532076585457621,0.9917665028405286,1.0,1480.0,7.93224218290834,79.26217929993706,8.234842601669845,12.5029780983931,9.26217929993706,-9.262179299937053,1.132316847141958,0.6912606900020982,0.43261749543663086,0.16808935940512093,-0.6007068548417482,0.9665376360068239
Union,5.148118221478769,0.5308925006026483,0.0,0.0,117.0,5.679010722081417,90.65167286023242,9.348327139767585,0.0,20.651672860232424,-20.651672860232416,1.2950238980033204,0.3116109046589195,5.1024699509629174,0.5297917020889839,0.0,0.0,853.0,5.632261653051903,90.59362411187146,9.406375888128538,0.0,20.593624111871463,-20.593624111871463,1.2941946301695924,0.3135458629376179,-0.05804874836096019,0.058048748360953084,0.0,0.9917680963609135
Volusia,6.190585400186702,0.7112733878975884,0.8743331794079984,1.0,211.0,7.77619196749229,79.60947242642568,9.1468085004975,11.243719073076823,9.609472426425683,-9.609472426425675,1.1372781775203669,0.6796842524524775,6.152671331897919,0.7702133923151382,0.8948774783922234,1.0,1372.0,7.81776220260528,78.70118292735395,9.852095425190388,11.446721647455638,8.701182927353955,-8.701182927353976,1.1243026132479137,0.7099605690882008,-0.9082894990717278,0.7052869246928886,0.20300257437881442,1.0053458344761512
Wakulla,6.495921169584672,0.7002855480291093,1.096543800874002,1.0,229.0,8.292750518487784,78.33252857544339,8.444551014381766,13.222920410174854,8.33252857544339,-8.33252857544338,1.119036122506334,0.7222490474852207,6.386861024011308,0.7416013891007842,1.0766077752774021,1.0,1490.0,8.205070188389495,77.84041912339731,9.038330837805384,13.121250038797298,7.840419123397311,-7.840419123397318,1.1120059874771044,0.7386526958867561,-0.4921094520460798,0.5937798234236187,-0.10167037137755663,0.9894268699024751
Walton,6.49287262976159,0.7407052266499183,1.1507977594135268,1.0,244.0,8.384375615825034,77.4401449465916,8.83435166301327,13.725503390395117,7.440144946591602,-7.440144946591612,1.1062877849513086,0.7519951684469462,6.306030582532516,0.723953171342271,1.0463503567571897,1.0,1549.0,8.076334110631977,78.08035794644789,8.963883383541958,12.955758670010152,8.08035794644789,-8.08035794644789,1.1154336849492557,0.7306547351184036,0.6402129998562884,0.12953172052868744,-0.7697447203849652,0.963260054259539
Washington,5.271234558729079,0.5389018219056994,0.0,0.0,112.0,5.81013638063478,90.72479909934883,9.27520090065119,0.0,20.72479909934883,-20.724799099348807,1.296068558562126,0.30917336335503975,5.213219980482498,0.5711610398648455,0.0,0.0,853.0,5.784381020347344,90.12580537389032,9.874194626109675,0.0,20.125805373890316,-20.125805373890323,1.2875115053412902,0.32913982087032256,-0.5989937254585129,0.5989937254584845,0.0,0.995567167687616
