state,county_fips,year,total_written_premium_usd,coverage_in_force
FL,36061,2009,5394,358600
FL,,2009,591705,148726500
FL,12061,2009,11369232,6193350600
FL,12091,2009,9006806,5269303200
FL,12079,2009,39153,13672700
FL,12073,2009,1924129,900099400
FL,12067,2009,102364,24510400
FL,12085,2009,8757302,5024173500
FL,12109,2009,15158274,8885641100
FL,12115,2009,36354164,16054346100
FL,12103,2009,91149900,29934003100
FL,12097,2009,3107658,1896078900
FL,12121,2009,262128,77570300
FL,13157,2009,2517,1000000
FL,12017,2009,5392578,1438708800
FL,12011,2009,138074870,90619676200
FL,12127,2009,16499878,10835152700
FL,21175,2009,4556,276900
FL,12005,2009,12046975,7753285400
FL,12133,2009,42751,14209300
FL,12023,2009,398363,150480900
FL,12053,2009,3562106,1036004700
FL,12047,2009,35378,10780600
FL,12059,2009,41176,14554800
FL,12041,2009,179468,48707100
FL,12035,2009,4030730,3196571900
FL,47045,2009,430,210000
FL,33001,2009,446,53200
FL,12029,2009,802738,96325900
FL,12077,2009,18395,4261000
FL,12065,2009,31180,13484300
FL,12089,2009,4665239,2961697400
FL,12086,2009,137995074,84696484000
FL,12083,2009,1676352,801610700
FL,12071,2009,76682119,32887047100
FL,54039,2009,1015,108900
FL,12101,2009,21036376,6448989100
FL,12119,2009,626525,442171600
FL,12095,2009,7078015,4639998100
FL,12113,2009,6308321,3550017300
FL,12107,2009,682047,270854800
FL,12131,2009,6911195,4364823300
FL,12015,2009,24844704,9521277800
FL,12125,2009,26289,9990200
FL,12021,2009,40712472,19176510200
FL,12003,2009,73470,32649700
FL,12000,2009,13351,5449700
FL,12009,2009,19721466,14287551100
FL,12057,2009,39545080,16886321000
FL,12051,2009,926225,253371500
FL,12033,2009,9473630,4390199000
FL,12039,2009,67143,31349800
FL,12027,2009,240317,89867300
FL,12045,2009,1321052,410945700
FL,12075,2009,1372062,211158600
FL,12081,2009,23476474,9056873800
FL,12069,2009,1803259,1070088800
FL,12087,2009,32105141,7558567600
FL,12063,2009,60352,28758800
FL,72127,2009,3252,829300
FL,12093,2009,974522,437518400
FL,12123,2009,674068,112671500
FL,12099,2009,53879727,40740750600
FL,12117,2009,3413752,2220137200
FL,12105,2009,3946822,1995890700
FL,13275,2009,5363,275000
FL,42003,2009,774,145000
FL,12111,2009,7868822,5431515500
FL,12019,2009,2403802,1590595800
FL,12001,2009,1389012,660195200
FL,12007,2009,217558,76026100
FL,12129,2009,1901293,320869200
FL,12013,2009,95387,20383600
FL,12055,2009,420986,243167200
FL,12031,2009,13747942,9685525100
FL,12043,2009,311496,102432900
FL,12037,2009,3841517,762959000
FL,12049,2009,62540,22847100
FL,12085,2010,9157857,5025065800
FL,36061,2010,5848,375100
FL,12061,2010,11466184,6180901400
FL,12067,2010,93251,22517200
FL,12073,2010,2047756,936420500
FL,,2010,684427,178246700
FL,12091,2010,9488109,5312375400
FL,12079,2010,46446,15820500
FL,12115,2010,37418421,16039852000
FL,12097,2010,3263633,1908837900
FL,12103,2010,93894545,30142460600
FL,12121,2010,277692,80779500
FL,12109,2010,15970087,8925164700
FL,13157,2010,2517,1000000
FL,12133,2010,46329,16350300
FL,12127,2010,17239074,11001731900
FL,12017,2010,5543585,1442221000
FL,21175,2010,4848,278200
FL,12011,2010,144517874,90565902600
FL,12023,2010,416210,148937900
FL,12005,2010,12557902,7860935600
FL,12029,2010,811194,94347000
FL,12035,2010,4089056,3144218100
FL,12041,2010,232396,53151800
FL,12059,2010,55691,15825700
FL,12047,2010,42063,11378600
FL,33001,2010,479,53200
FL,12053,2010,3591976,1027304400
FL,12077,2010,15188,3439600
FL,12089,2010,4763064,2971642500
FL,12071,2010,78227755,32725865900
FL,12065,2010,34096,14881200
FL,12083,2010,1797370,845997400
FL,12086,2010,136399218,80752019500
FL,12113,2010,6716121,3578067200
FL,12119,2010,691165,493041600
FL,12107,2010,675576,265466300
FL,12101,2010,21391149,6476534600
FL,54039,2010,1116,108900
FL,12095,2010,7073799,4416768000
FL,12003,2010,74305,30818000
FL,12009,2010,20079007,14343158200
FL,12125,2010,23699,9697800
FL,12021,2010,42648264,19490139200
FL,12000,2010,17071,5887200
FL,12131,2010,7153332,4360719700
FL,12015,2010,25770298,9431534800
FL,12045,2010,1372449,400645800
FL,12033,2010,9974542,4409207300
FL,12057,2010,40883051,17057469500
FL,12051,2010,954695,246742100
FL,12039,2010,75082,34241100
FL,12027,2010,254118,92837000
FL,12081,2010,24417170,9191254200
FL,12075,2010,1480530,215480400
FL,12069,2010,1832756,1066301300
FL,12063,2010,64613,29749200
FL,12087,2010,33296024,7512783600
FL,12117,2010,3480240,2197600900
FL,12093,2010,1024887,433621200
FL,42003,2010,843,145000
FL,12111,2010,7955990,5520482100
FL,72127,2010,2399,468000
FL,12099,2010,54872993,40656296600
FL,12105,2010,4024876,1994179700
FL,12123,2010,661726,111013800
FL,13275,2010,6140,300000
FL,12007,2010,254021,80356500
FL,12013,2010,99448,20982800
FL,12019,2010,2505600,1627714300
FL,12129,2010,1958871,315697300
FL,12001,2010,1489832,682849100
FL,12055,2010,453788,250164100
FL,12043,2010,320703,97908700
FL,12031,2010,13794793,9752640400
FL,12049,2010,63064,23160300
FL,12037,2010,3929047,751554100
FL,12091,2011,9069295,5251078500
FL,12061,2011,11305130,6085072200
FL,12067,2011,95030,22948500
FL,12073,2011,2114843,954458600
FL,12079,2011,47785,16707100
FL,,2011,756892,191782800
FL,36061,2011,6546,393300
FL,12085,2011,9319458,4982268500
FL,12109,2011,16651953,9033908400
FL,12115,2011,38033892,16085721800
FL,12103,2011,94944763,30382052500
FL,12097,2011,3287091,1889075800
FL,13157,2011,2527,1000000
FL,12121,2011,273471,79406100
FL,12011,2011,144571171,90291847000
FL,12005,2011,12656511,7956721700
FL,12017,2011,5571071,1427014800
FL,12023,2011,417563,147153900
FL,21175,2011,4589,279600
FL,12127,2011,17538194,11017950000
FL,12133,2011,59368,20121400
FL,12053,2011,3531315,1022146800
FL,12059,2011,66005,20112200
FL,12035,2011,4298066,3096395100
FL,33001,2011,515,58500
FL,12041,2011,234152,51969100
FL,12029,2011,851091,89650800
FL,12047,2011,40139,11183300
FL,12065,2011,35014,15383100
FL,12086,2011,135595059,79360120600
FL,12089,2011,4791821,2994533600
FL,12071,2011,80141132,32656722300
FL,12077,2011,33484,4987700
FL,12083,2011,1948033,866051800
FL,54039,2011,1183,118800
FL,12101,2011,21460559,6401874800
FL,12107,2011,680883,261783700
FL,12119,2011,770407,548098100
FL,12113,2011,6605824,3552705900
FL,12095,2011,6597612,4147014800
FL,12131,2011,7452511,4415549800
FL,12000,2011,26582,9938500
FL,12003,2011,76947,30480500
FL,12015,2011,26110508,9335257300
FL,12021,2011,42283857,19391836800
FL,12125,2011,28823,10921100
FL,12009,2011,20493444,14401609600
FL,12027,2011,246615,88558900
FL,12033,2011,9923025,4447665900
FL,12045,2011,1400507,396789900
FL,12051,2011,855817,231117500
FL,12039,2011,85591,37935800
FL,12057,2011,42423537,17326851400
FL,12081,2011,24523830,9301910400
FL,12087,2011,34212092,7458385900
FL,12063,2011,83253,33901100
FL,12075,2011,1506900,212613600
FL,12069,2011,1876659,1069219200
FL,12117,2011,3500106,2164736900
FL,12093,2011,1024547,428401500
FL,12111,2011,7731877,5451523100
FL,12099,2011,55305985,40628448800
FL,12105,2011,4056033,1976208600
FL,72127,2011,2667,468000
FL,12123,2011,671242,111347600
FL,42003,2011,927,158800
FL,13275,2011,6798,305100
FL,12129,2011,1889118,299823800
FL,12019,2011,2589237,1654484800
FL,12007,2011,241078,76965300
FL,12013,2011,102290,21566000
FL,12001,2011,1502158,681300200
FL,12055,2011,461715,247497900
FL,12037,2011,3996271,747019400
FL,12031,2011,14266087,9933149400
FL,12049,2011,62203,21110700
FL,12043,2011,333378,97501300
FL,12079,2012,51183,16402600
FL,12091,2012,9369731,5306094800
FL,36061,2012,7128,393300
FL,12067,2012,90315,23288100
FL,12073,2012,2166509,973392400
FL,12061,2012,11067427,6095632600
FL,12085,2012,9586431,5017082000
FL,,2012,819038,206738700
FL,12109,2012,17149542,9196176300
FL,12115,2012,39586293,16251643800
FL,12121,2012,343270,109456900
FL,12103,2012,98026222,30581366000
FL,12097,2012,3232875,1877038600
FL,13157,2012,2603,1000000
FL,12127,2012,17826737,11047438600
FL,12005,2012,12890712,7969357800
FL,12133,2012,61380,21557200
FL,12017,2012,5545098,1425378400
FL,12011,2012,142655531,90207449000
FL,12023,2012,477271,174547700
FL,12029,2012,760641,83917200
FL,12053,2012,3703953,1109711200
FL,12041,2012,239053,51962300
FL,12059,2012,78593,21916000
FL,33001,2012,515,58500
FL,12035,2012,4326026,3076150200
FL,12047,2012,39567,13324500
FL,12071,2012,82753293,32799585400
FL,12077,2012,30989,4703100
FL,12089,2012,4927042,3032493900
FL,12065,2012,39060,16085000
FL,12086,2012,137279635,78719121800
FL,12083,2012,2101876,898711100
FL,12107,2012,748842,277829400
FL,12101,2012,21969067,6574517100
FL,12095,2012,6628848,4134282400
FL,12119,2012,1008422,739171500
FL,54039,2012,1381,129700
FL,12113,2012,6301136,3657212200
FL,12015,2012,26765938,9288445800
FL,12131,2012,7782055,4586864300
FL,12000,2012,29682,11282800
FL,12021,2012,46830804,23480181400
FL,12009,2012,20593143,14375635900
FL,12003,2012,82819,32492000
FL,12125,2012,33299,11884700
FL,12027,2012,254660,88963600
FL,12039,2012,92342,39703000
FL,12057,2012,44120310,17494300000
FL,12051,2012,857110,224877900
FL,12045,2012,1381176,391447100
FL,12033,2012,9514232,4569861500
FL,12087,2012,35298761,7454766900
FL,12069,2012,1846104,1037666500
FL,12081,2012,25421751,9478449700
FL,12075,2012,1514934,211248700
FL,12063,2012,86174,33299500
FL,12123,2012,664251,114155400
FL,12093,2012,1030662,427208900
FL,72127,2012,2973,468000
FL,42003,2012,1002,173900
FL,12117,2012,3428813,2117566600
FL,13275,2012,7282,307900
FL,12111,2012,7408429,5282977800
FL,12105,2012,4208032,2077314800
FL,12099,2012,55726867,40781313600
FL,12007,2012,293745,93271600
FL,12001,2012,1572674,695611400
FL,12019,2012,2696264,1691737200
FL,12013,2012,102173,21323400
FL,12129,2012,1922969,304894100
FL,12043,2012,310351,90612100
FL,12031,2012,14412662,10036455600
FL,12037,2012,4033069,743208500
FL,12049,2012,63640,20719100
FL,12055,2012,448572,240153900
FL,12067,2013,90424,22888000
FL,12079,2013,52506,18050600
FL,12061,2013,11223286,6037222200
FL,12073,2013,2290061,985592900
FL,12085,2013,10082442,5050551300
FL,,2013,915719,219995000
FL,36061,2013,7500,393300
FL,12091,2013,10048599,5234886000
FL,12115,2013,41780045,16286039200
FL,13157,2013,2858,1000000
FL,12109,2013,18060593,9295822500
FL,12097,2013,3804017,2201958500
FL,12121,2013,381496,118144300
FL,12103,2013,103001642,30555532900
FL,12005,2013,13843774,8159550400
FL,12133,2013,65280,22960400
FL,12127,2013,18446111,10935033800
FL,12011,2013,134917123,87864102900
FL,12017,2013,5716738,1380799500
FL,12023,2013,519803,181954400
FL,12035,2013,4682100,3103956800
FL,12041,2013,249169,52076900
FL,12029,2013,707831,78484700
FL,12059,2013,90523,23934400
FL,12053,2013,3851089,1099360500
FL,12047,2013,38357,12808400
FL,12083,2013,2284166,904361200
FL,12089,2013,5188248,3023840500
FL,12071,2013,85936274,32690859300
FL,12065,2013,43321,17938000
FL,12086,2013,139807786,78180309800
FL,12077,2013,35799,4269800
FL,54039,2013,1729,129700
FL,12119,2013,1240463,834689200
FL,12107,2013,783345,273482300
FL,12095,2013,7082555,4134636000
FL,12101,2013,21926690,6479287600
FL,12113,2013,6642696,3613082800
FL,12003,2013,99450,35267700
FL,12009,2013,21378175,14224803600
FL,12131,2013,8547689,4751067700
FL,12000,2013,33749,13235000
FL,12125,2013,33440,11589400
FL,12015,2013,27126164,9258997300
FL,12021,2013,48926438,23576870000
FL,12057,2013,46564555,17633676500
FL,12045,2013,1451117,391962600
FL,12027,2013,269595,89232500
FL,12033,2013,9651620,4583218500
FL,12051,2013,844392,219353400
FL,12039,2013,116199,47587700
FL,12087,2013,36776433,7448292900
FL,12069,2013,1933907,1030384300
FL,12063,2013,79148,31466500
FL,12081,2013,26942054,9548317000
FL,12075,2013,1561938,204144900
FL,12117,2013,3714728,2140608200
FL,13275,2013,7503,310800
FL,42003,2013,1105,173900
FL,12123,2013,683882,111213800
FL,12111,2013,7869910,5212025500
FL,12093,2013,1078828,425631600
FL,72127,2013,3797,968000
FL,12099,2013,59866160,41446518500
FL,12105,2013,4558568,2136535600
FL,12013,2013,88753,22127100
FL,12007,2013,299002,91947300
FL,12001,2013,1702952,701192400
FL,12129,2013,1983925,307239500
FL,12019,2013,2888064,1691811900
FL,12043,2013,284661,86557300
FL,12037,2013,4020060,743952700
FL,12049,2013,67601,21728200
FL,12031,2013,15897019,10359593800
FL,12055,2013,474440,245681300
FL,12091,2014,10274045,5320517200
FL,12067,2014,98429,23845600
FL,,2014,1016925,250938100
FL,36061,2014,1356,93600
FL,12079,2014,52960,18788900
FL,12085,2014,9822473,4956835500
FL,12061,2014,10842343,5933981800
FL,12073,2014,2244550,964939500
FL,12097,2014,3827323,2131226700
FL,12103,2014,99955460,29692646500
FL,13157,2014,2858,1000000
FL,12115,2014,40920430,15944455600
FL,12121,2014,382935,120639900
FL,12109,2014,18151335,9395599200
FL,12011,2014,120415765,84490745600
FL,12133,2014,76897,25512000
FL,12127,2014,18352023,11010396100
FL,12023,2014,523350,180946800
FL,12017,2014,5689716,1346177100
FL,12005,2014,13839619,8162032400
FL,12035,2014,4586805,3052858700
FL,12047,2014,38872,12028800
FL,12059,2014,87100,22566900
FL,12041,2014,215049,48592600
FL,12029,2014,700445,76264400
FL,12053,2014,3663212,1016413700
FL,12071,2014,85455487,32201814700
FL,12089,2014,5195881,3033373700
FL,13253,2014,392,350000
FL,12086,2014,138252179,78243869500
FL,12083,2014,2308621,887618000
FL,12077,2014,38939,5431000
FL,12065,2014,47021,19065100
FL,12107,2014,796892,275758900
FL,12113,2014,7008276,3910491000
FL,12095,2014,6900169,4071431400
FL,54039,2014,2064,129700
FL,12119,2014,1349612,928419900
FL,12101,2014,21211850,6264707800
FL,12021,2014,48747704,23852377100
FL,12009,2014,20588121,13827138900
FL,12125,2014,32524,10569400
FL,12015,2014,26397805,9060636200
FL,12000,2014,38328,16830900
FL,12003,2014,92811,34714200
FL,12131,2014,8716705,4970318400
FL,12045,2014,1509527,396453900
FL,12027,2014,276391,88667300
FL,12051,2014,772953,210702100
FL,12039,2014,114501,48533400
FL,12033,2014,10159365,5122957100
FL,12057,2014,45713946,17214923500
FL,12069,2014,1841903,995163800
FL,12063,2014,84806,32936000
FL,12087,2014,36743102,7405188200
FL,12075,2014,1543306,194780000
FL,12081,2014,26830662,9551806500
FL,72127,2014,4326,968000
FL,12105,2014,4582752,2122360700
FL,12093,2014,1045156,415149400
FL,12111,2014,7689290,5123581600
FL,12123,2014,691815,108876200
FL,12099,2014,59320540,41410370000
FL,12117,2014,3649430,2086807900
FL,12129,2014,1955465,305583300
FL,12013,2014,90291,22371400
FL,12001,2014,1653066,697536300
FL,12007,2014,310857,92680400
FL,12019,2014,2967600,1712126700
FL,12055,2014,487360,244596800
FL,12049,2014,93296,23244800
FL,12043,2014,249651,82416900
FL,12037,2014,4049236,743626100
FL,12031,2014,15392113,10137028600
FL,12091,2015,9159542,5105764200
FL,12085,2015,8688976,4751342100
FL,12079,2015,45210,17028400
FL,12067,2015,89133,22389800
FL,,2015,1047831,270142900
FL,12073,2015,2138558,955496200
FL,12061,2015,10116263,5818215000
FL,12121,2015,362095,115897800
FL,12115,2015,38869096,15575578900
FL,12109,2015,17209743,9261978600
FL,12103,2015,97195256,29238164000
FL,12097,2015,3557614,2100677100
FL,13157,2015,2650,1000000
FL,12017,2015,5263637,1251307100
FL,12133,2015,76158,25277800
FL,12011,2015,83629414,60156173400
FL,12023,2015,485427,173851400
FL,12005,2015,12544777,7964643200
FL,12127,2015,16722516,10680304600
FL,12047,2015,37454,11921900
FL,12041,2015,208098,45459300
FL,12035,2015,4194591,2989646100
FL,12029,2015,621879,71889900
FL,12059,2015,77045,20950500
FL,12053,2015,3239977,947752500
FL,12086,2015,135014502,78238762500
FL,12077,2015,10869,3180000
FL,12083,2015,2191125,873130500
FL,12071,2015,83702706,31759611000
FL,12065,2015,40343,18596900
FL,12089,2015,4917511,3003999500
FL,12113,2015,6523226,3866222200
FL,12101,2015,19299934,5878294200
FL,12107,2015,740819,268010400
FL,54039,2015,307,22300
FL,12119,2015,1190234,895082800
FL,12095,2015,6273581,3920154900
FL,12125,2015,35043,11424600
FL,12003,2015,82441,31429500
FL,12009,2015,18071461,13055011200
FL,12021,2015,46331358,24104081300
FL,12000,2015,37440,17187500
FL,12015,2015,25242307,8828470600
FL,12131,2015,7861554,5024661900
FL,12045,2015,1433401,385795000
FL,12033,2015,9758428,5112622900
FL,12057,2015,43798305,16982089300
FL,12051,2015,826614,324195100
FL,12039,2015,106236,48330700
FL,12027,2015,261652,84454700
FL,12069,2015,1677865,955441000
FL,12075,2015,1459858,185562900
FL,12087,2015,36107640,7353029100
FL,12081,2015,25752643,9352098600
FL,12063,2015,76151,30291100
FL,12111,2015,6951762,4870461800
FL,12105,2015,4248145,2067004600
FL,12123,2015,618846,102242500
FL,12093,2015,954403,397810100
FL,12099,2015,55277193,40272436700
FL,72127,2015,4554,968000
FL,12117,2015,3339870,2000638300
FL,12007,2015,306209,93136100
FL,12001,2015,1553747,672757400
FL,12019,2015,2583338,1618872800
FL,12129,2015,1847341,309702900
FL,12013,2015,85978,21762200
FL,12037,2015,3832843,747927900
FL,12043,2015,159910,56495800
FL,12049,2015,66219,22302600
FL,12055,2015,429795,231296600
FL,12031,2015,13711642,9819944500
FL,12079,2016,45985,15336000
FL,12091,2016,8546969,4996149500
FL,12085,2016,8276448,4618513200
FL,12061,2016,10190759,5799758200
FL,,2016,1218034,308810700
FL,12067,2016,94731,22797800
FL,12073,2016,2025961,920055334
FL,12097,2016,3569363,2070405400
FL,12115,2016,38511635,15471427900
FL,13157,2016,2650,1000000
FL,12109,2016,17477769,9345546000
FL,12103,2016,95541176,28933492900
FL,12121,2016,351662,113224300
FL,12023,2016,475557,169822700
FL,12127,2016,16197685,10458222800
FL,12017,2016,5180026,1223700700
FL,12133,2016,61204,22019100
FL,12011,2016,75419394,55320320900
FL,12005,2016,12270230,7862087900
FL,12053,2016,3065177,901834100
FL,12035,2016,4107010,2991144700
FL,12059,2016,76752,20430600
FL,12047,2016,35701,10642400
FL,12041,2016,211498,42897000
FL,12029,2016,578799,65104800
FL,12065,2016,39677,18449700
FL,12071,2016,86678781,31599883100
FL,12077,2016,12778,3083800
FL,12086,2016,136625987,78138888300
FL,12083,2016,2067398,858728500
FL,12089,2016,4881835,3008387200
FL,12107,2016,728425,260185500
FL,54039,2016,351,129700
FL,12113,2016,6676808,3947730200
FL,12119,2016,1155754,868711500
FL,12095,2016,5956385,3789724700
FL,12101,2016,18690224,5637008400
FL,12009,2016,17439897,12843832000
FL,12003,2016,85787,29682900
FL,12021,2016,45308015,24274077800
FL,12125,2016,36396,11708200
FL,12000,2016,45802,19402600
FL,12131,2016,7675786,4990835900
FL,12015,2016,26054507,8774939000
FL,12027,2016,274556,83174300
FL,12045,2016,1478434,390622700
FL,12051,2016,682054,311346100
FL,12033,2016,9439512,5091309500
FL,12039,2016,109216,49190600
FL,12057,2016,43827428,16739939800
FL,12087,2016,38452661,7372739500
FL,12063,2016,65097,28493000
FL,12069,2016,1605273,921996600
FL,12075,2016,1420410,178222600
FL,12081,2016,26185310,9316348300
FL,12093,2016,864250,356677900
FL,12117,2016,3296121,1930215100
FL,12111,2016,6840933,4738342300
FL,12105,2016,3899626,2096097700
FL,12123,2016,538775,91902700
FL,72127,2016,5881,1417600
FL,12099,2016,54496035,39990624900
FL,12019,2016,2549543,1607148600
FL,12129,2016,1847024,301139500
FL,12013,2016,78030,20779300
FL,12001,2016,1523167,666393500
FL,12007,2016,306149,89404900
FL,12031,2016,13326084,9655309200
FL,12037,2016,3896295,738978700
FL,12043,2016,140046,54715000
FL,12049,2016,65361,21392000
FL,12055,2016,410894,220226600
FL,12079,2017,53882,17176900
FL,,2017,1373517,342280700
FL,12067,2017,102503,24000400
FL,12073,2017,1976953,951302834
FL,12091,2017,8745657,5124467300
FL,12061,2017,10313740,5852974800
FL,12085,2017,8445091,4692633800
FL,12121,2017,344787,115182700
FL,12115,2017,39337125,15683048900
FL,12097,2017,3700827,2099183600
FL,12109,2017,18394690,9844041500
FL,12103,2017,95728983,29271382100
FL,12011,2017,72783074,52839340800
FL,12005,2017,12544476,8004978300
FL,12017,2017,5346959,1226984300
FL,12133,2017,66465,22847400
FL,12023,2017,515081,177526700
FL,12127,2017,16059496,10701349500
FL,12029,2017,484639,58503700
FL,12035,2017,4168607,3170574300
FL,12047,2017,35919,11099400
FL,12041,2017,176471,42189000
FL,12059,2017,72719,19809200
FL,12053,2017,3173622,909094700
FL,12089,2017,4727534,3150592000
FL,12071,2017,88620036,32227298300
FL,12083,2017,2055531,878769100
FL,12077,2017,14465,3568400
FL,12065,2017,44330,19953200
FL,12086,2017,138670471,78728571300
FL,12107,2017,737632,269667300
FL,12113,2017,7071261,4220823500
FL,12101,2017,18626145,5661835300
FL,12095,2017,6280309,4048156300
FL,12119,2017,1210778,910095600
FL,54039,2017,439,22300
FL,12009,2017,17961316,13232099200
FL,12003,2017,96440,33346800
FL,12125,2017,38831,11911400
FL,12000,2017,51572,22164100
FL,12021,2017,47050797,24763292100
FL,12131,2017,7667906,5036306600
FL,12015,2017,26668236,8988698400
FL,12051,2017,673746,295341300
FL,12033,2017,9512166,5310044300
FL,12027,2017,278957,87354100
FL,12039,2017,105985,49232000
FL,12057,2017,44933014,17446774500
FL,12045,2017,1475010,399292600
FL,12069,2017,1732836,999868500
FL,12087,2017,34600899,7444709000
FL,12081,2017,27173702,9714016300
FL,12075,2017,1413592,169594500
FL,12063,2017,69528,29825900
FL,45019,2017,3086,280000
FL,12099,2017,53076042,40765399100
FL,12123,2017,568816,93059400
FL,12111,2017,7083150,4856496900
FL,12105,2017,3631513,1961224300
FL,12093,2017,875081,346130400
FL,72127,2017,515,500000
FL,12117,2017,3539136,2094039700
FL,12001,2017,1621507,713321300
FL,12019,2017,2803519,1750442000
FL,12007,2017,318431,96708100
FL,12013,2017,71064,20332400
FL,12129,2017,1847802,302461800
FL,12037,2017,3729368,726927900
FL,12043,2017,120922,52160300
FL,12049,2017,61856,19634000
FL,12031,2017,14128104,10237769200
FL,12055,2017,413415,214029700
FL,12079,2018,57842,18119300
FL,,2018,1616604,394984300
FL,12061,2018,10411030,5937301200
FL,12067,2018,94141,21459500
FL,12091,2018,8934683,5230692900
FL,12085,2018,8270906,4716673900
FL,12073,2018,1940688,939709134
FL,12115,2018,40064473,15747807400
FL,12103,2018,97383433,29538336300
FL,12109,2018,17971557,10372450700
FL,12097,2018,3831281,2137887200
FL,12121,2018,311924,113073500
FL,12023,2018,514024,178992200
FL,12017,2018,5565325,1207320200
FL,12011,2018,71469076,51201197300
FL,12133,2018,71099,23809700
FL,12127,2018,16317210,10954849200
FL,12005,2018,12690006,8078503000
FL,12029,2018,476435,69089300
FL,12035,2018,4427797,3484824400
FL,12041,2018,156700,41475700
FL,12059,2018,71207,20294500
FL,12053,2018,3219234,888411300
FL,12047,2018,39877,11033300
FL,12089,2018,4637156,3174953200
FL,12083,2018,2042865,878415400
FL,12086,2018,142535425,79865130700
FL,12077,2018,13143,2865100
FL,12071,2018,92092215,33385959200
FL,12065,2018,45022,19437100
FL,12107,2018,785084,279943200
FL,12101,2018,18664162,5685637900
FL,12113,2018,7204486,4354744500
FL,54039,2018,577,23400
FL,12095,2018,6687860,4198192900
FL,12119,2018,1263229,955045600
FL,12000,2018,60106,24853400
FL,12131,2018,8002066,5224162300
FL,12021,2018,49552006,25743221900
FL,12125,2018,36584,11597300
FL,12003,2018,114328,39548900
FL,12015,2018,27537559,9289906600
FL,12009,2018,18562009,13672336600
FL,12039,2018,88394,45185700
FL,12027,2018,303715,98642700
FL,12051,2018,700695,292770700
FL,12045,2018,1505508,412849900
FL,12057,2018,45967166,17782500700
FL,12033,2018,9872991,5430019200
FL,12063,2018,69023,27909700
FL,12087,2018,35979629,7536188300
FL,12069,2018,1774495,1044854700
FL,12075,2018,1286705,166579700
FL,12081,2018,27767026,9961749300
FL,12123,2018,575598,92794600
FL,45019,2018,3395,280000
FL,72127,2018,515,500000
FL,12117,2018,3626606,2176499900
FL,12111,2018,7349980,4948161900
FL,12105,2018,3654304,1909608500
FL,12093,2018,875892,338795100
FL,12099,2018,50016616,37981840900
FL,12129,2018,1756682,294440000
FL,12001,2018,1721037,792517800
FL,12019,2018,2850357,1813086600
FL,12013,2018,70403,20094000
FL,12007,2018,331302,109828300
FL,12037,2018,3647133,718346800
FL,12031,2018,14418551,10580222000
FL,12055,2018,447178,240457300
FL,12049,2018,68364,21434100
FL,12043,2018,113954,51327100
FL,12085,2019,7982050,4728531700
FL,12073,2019,1925641,919116234
FL,12079,2019,56456,17898500
FL,,2019,1861122,454784000
FL,12061,2019,10928553,5996320700
FL,12067,2019,106785,21593900
FL,12091,2019,9067788,5206707100
FL,12121,2019,307462,105070100
FL,12115,2019,41622972,15739685700
FL,12109,2019,18070897,10399192400
FL,12103,2019,101625880,29598712647
FL,12097,2019,4043321,2123126600
FL,12023,2019,515299,178105400
FL,12011,2019,72612691,49900056325
FL,12017,2019,5832055,1225272700
FL,12005,2019,12954364,8042656800
FL,12133,2019,86427,31403400
FL,12127,2019,16849628,10828782200
FL,12035,2019,4438973,3388761800
FL,12041,2019,147004,39054100
FL,12047,2019,30163,9032500
FL,12053,2019,3185038,861508100
FL,12029,2019,363277,67517700
FL,12059,2019,64399,18977700
FL,12065,2019,43083,20474900
FL,12083,2019,2096353,874485300
FL,12089,2019,4916204,3195478800
FL,12071,2019,96699834,33579410800
FL,12077,2019,15352,2648200
FL,12086,2019,144721254,80236813300
FL,12107,2019,798804,273858900
FL,12113,2019,7435726,4356992700
FL,12119,2019,1310071,924022500
FL,12095,2019,6828699,4136849700
FL,54039,2019,760,24600
FL,12101,2019,18463880,5664711400
FL,12125,2019,38632,11315300
FL,12021,2019,52308791,26317822800
FL,12003,2019,119618,38231300
FL,12000,2019,68755,26825300
FL,12131,2019,8381175,5255760500
FL,12015,2019,28914903,9460177300
FL,12009,2019,19741606,13772763300
FL,12051,2019,698449,292996800
FL,12027,2019,322665,102368400
FL,12033,2019,10142489,5426052100
FL,12057,2019,46906524,17717748900
FL,12039,2019,75005,39374700
FL,12045,2019,1431168,427654000
FL,12063,2019,83419,31436900
FL,12087,2019,38561205,7710114450
FL,12075,2019,1076670,166294600
FL,12069,2019,1836108,1040671800
FL,12081,2019,29064022,10017204000
FL,12111,2019,7383061,5008812700
FL,12099,2019,51194560,36721537700
FL,45019,2019,2896,280000
FL,12123,2019,587165,102362100
FL,12117,2019,3701074,2150778400
FL,72127,2019,516,500000
FL,12093,2019,867084,325960000
FL,12105,2019,3743858,1845717300
FL,12013,2019,74327,19449000
FL,12019,2019,2947370,1783054400
FL,12007,2019,321544,106779000
FL,12001,2019,1744248,776409800
FL,12129,2019,1751155,292947900
FL,12031,2019,15246991,10581315600
FL,12043,2019,111233,53390500
FL,12037,2019,3531308,698895700
FL,12055,2019,461858,236613300
FL,12049,2019,74410,21028500
FL,12073,2020,1904836,876816959
FL,12061,2020,11538907,6065205000
FL,12067,2020,101272,20380800
FL,12085,2020,7665683,4787040500
FL,12079,2020,56334,17047700
FL,12091,2020,8961838,5180914100
FL,,2020,1989406,544468900
FL,12097,2020,4121660,2074652900
FL,12115,2020,42626482,15648762400
FL,12103,2020,103864722,29679185617
FL,12109,2020,18537228,10394509160
FL,12121,2020,306647,104234000
FL,12133,2020,84993,27631600
FL,12023,2020,504805,170626100
FL,12011,2020,73143979,49032794725
FL,12005,2020,13476865,8159162900
FL,12017,2020,6020388,1222156400
FL,12127,2020,17293700,10785868900
FL,12047,2020,23657,8260200
FL,12035,2020,4593324,3372628900
FL,12059,2020,69848,19008600
FL,12029,2020,300441,65954600
FL,12053,2020,2851835,813704300
FL,12041,2020,141101,37665100
FL,12083,2020,2075938,836758600
FL,12077,2020,14897,2941200
FL,12086,2020,146912594,81071461200
FL,12071,2020,101343080,34224707773
FL,12065,2020,42079,18874400
FL,12089,2020,5198011,3218301500
FL,12095,2020,6819522,3997703900
FL,12101,2020,17832446,5658961200
FL,54039,2020,1040,25800
FL,12113,2020,7501888,4330883700
FL,12107,2020,813037,264210500
FL,12119,2020,1262534,863780000
FL,12009,2020,20098887,13697609700
FL,12125,2020,38978,11198500
FL,12000,2020,84796,30491000
FL,12015,2020,31253511,9744598820
FL,12003,2020,116805,37413200
FL,12131,2020,8367379,5120230000
FL,12021,2020,55235935,27047378800
FL,12045,2020,1413269,452084900
FL,12039,2020,59520,32125600
FL,12033,2020,10120605,5402920600
FL,12051,2020,574481,243317300
FL,12057,2020,47069165,17674779900
FL,12027,2020,310904,100335300
FL,12081,2020,29080502,9876462000
FL,12087,2020,39959885,7856134400
FL,12069,2020,1840748,1021229400
FL,12063,2020,85116,29581600
FL,12075,2020,1160644,165012500
FL,12117,2020,3673826,2075009000
FL,12105,2020,3815102,1795251500
FL,12093,2020,864931,329267400
FL,12111,2020,7064234,4942122600
FL,12099,2020,52479819,36105233300
FL,12123,2020,616651,104854600
FL,72127,2020,517,500000
FL,12001,2020,1707706,746286400
FL,12007,2020,314761,102934500
FL,12019,2020,2962282,1733994500
FL,12129,2020,1789611,292943200
FL,12013,2020,74525,17535000
FL,12055,2020,466195,236117700
FL,12037,2020,3451388,692332100
FL,12043,2020,109483,50747500
FL,12031,2020,15925842,10515739400
FL,12049,2020,70902,20020000
FL,12067,2021,117164,24123200
FL,12061,2021,11993557,5957105100
FL,12085,2021,7886842,4559867300
FL,12073,2021,1923257,844461859
FL,,2021,2807323,880867900
FL,12091,2021,8960925,5104429300
FL,72113,2021,211,250000
FL,12079,2021,56794,17346800
FL,12115,2021,44044530,15318547800
FL,12097,2021,4123831,2010355400
FL,12121,2021,328351,103658500
FL,12103,2021,104467728,29711193570
FL,72021,2021,285,250000
FL,12109,2021,19250504,10140419060
FL,12005,2021,13771364,8222311000
FL,12133,2021,99723,32652600
FL,12023,2021,535091,170838100
FL,12011,2021,75085715,47890076325
FL,12127,2021,18094587,10785151000
FL,12017,2021,6540934,1277824900
FL,12047,2021,24261,8960200
FL,12035,2021,4986261,3383628600
FL,12059,2021,72218,18968500
FL,12029,2021,328383,71702400
FL,12053,2021,2639384,813127000
FL,12041,2021,139120,38391300
FL,12071,2021,105192424,34583683033
FL,12077,2021,14280,2836600
FL,12086,2021,151805581,81404717000
FL,12089,2021,5451296,3135404400
FL,12083,2021,2101094,811354400
FL,12065,2021,45830,18409200
FL,12119,2021,1324078,824710800
FL,12113,2021,7513436,4224842600
FL,54039,2021,1413,27100
FL,12107,2021,836449,261584200
FL,12095,2021,7034491,3784318100
FL,12101,2021,18203711,5483672700
FL,12009,2021,20977538,13430867200
FL,12125,2021,41539,11737100
FL,12015,2021,32902354,10040255500
FL,12131,2021,8373811,5025588700
FL,12021,2021,58614554,27287854900
FL,12000,2021,102169,37681000
FL,12003,2021,127621,38987300
FL,12057,2021,49944134,17643796400
FL,12027,2021,332507,97481200
FL,12051,2021,641632,228471900
FL,12033,2021,10800971,5348841200
FL,12039,2021,54490,27157400
FL,12045,2021,1319894,473580000
FL,12069,2021,1952581,1000993400
FL,12087,2021,41787873,8038655700
FL,12063,2021,83104,28161600
FL,12075,2021,1160969,164625400
FL,12081,2021,28250653,9639245200
FL,12099,2021,53949377,34956429800
FL,72127,2021,517,500000
FL,12123,2021,593238,103265800
FL,12117,2021,3667304,1970400100
FL,12105,2021,3956183,1758651200
FL,12111,2021,7299621,4760569600
FL,12093,2021,904588,329364800
FL,12001,2021,1778389,738275800
FL,12007,2021,321467,100102700
FL,12019,2021,3059242,1658187400
FL,12013,2021,72136,17020100
FL,12129,2021,1755183,288788300
FL,12049,2021,64527,20576600
FL,12037,2021,3498491,686756400
FL,12043,2021,104659,47747100
FL,12031,2021,16909584,10228716200
FL,12055,2021,466047,218675200
FL,12073,2022,1821066,814382000
FL,12061,2022,12655507,5745447900
FL,12067,2022,102069,25145700
FL,,2022,9950750,1462352800
FL,12079,2022,51475,17187800
FL,12091,2022,8566503,5100116200
FL,12085,2022,8205048,4309735900
FL,12097,2022,3711399,2104677600
FL,12103,2022,107933730,29848926400
FL,12109,2022,19365918,9855635560
FL,12115,2022,45768788,14991543200
FL,12121,2022,317402,101608200
FL,12005,2022,12676377,8283463100
FL,12011,2022,75879537,46529549500
FL,12127,2022,17172995,10767723600
FL,12017,2022,7091442,1302720100
FL,12133,2022,93109,28671700
FL,12023,2022,430454,166238100
FL,12041,2022,125743,38148500
FL,12047,2022,25143,9175500
FL,12059,2022,69760,19423300
FL,12035,2022,5398832,3188672100
FL,12029,2022,378055,78584300
FL,12053,2022,2693422,793146200
FL,12071,2022,117217928,34214160800
FL,12077,2022,10276,3384000
FL,12086,2022,151611158,82479004200
FL,12089,2022,5427079,3044205400
FL,12065,2022,42358,18468500
FL,12083,2022,1569237,821641500
FL,12119,2022,1200797,783691500
FL,54039,2022,1768,27100
FL,12101,2022,18792687,5528459100
FL,12107,2022,841738,251170500
FL,12095,2022,6214037,3840328500
FL,12113,2022,6990261,4028402300
FL,12131,2022,6829830,4862006000
FL,12015,2022,38128098,9977185800
FL,12125,2022,41462,12847000
FL,12009,2022,21133255,12722446300
FL,12003,2022,118995,41447600
FL,12021,2022,68820898,26965531100
FL,12000,2022,162627,58030200
FL,12045,2022,1433587,472370900
FL,12039,2022,57730,25274200
FL,12057,2022,55569789,17581219200
FL,12033,2022,10103768,5061180200
FL,12027,2022,280529,96366400
FL,12051,2022,606459,212812300
FL,12081,2022,28016217,9329132800
FL,12063,2022,80034,28662000
FL,12075,2022,1115557,171541800
FL,12069,2022,1882910,972531200
FL,12087,2022,43402847,8188504550
FL,12105,2022,3206778,1727244100
FL,12093,2022,789730,312202700
FL,12123,2022,617510,109966500
FL,12117,2022,3456673,1969720800
FL,72127,2022,517,500000
FL,12111,2022,7635882,4645043900
FL,12099,2022,51325622,34278590800
FL,12019,2022,3039515,1527943400
FL,12007,2022,282216,97976000
FL,12001,2022,1463472,712921000
FL,12129,2022,1661392,289769700
FL,12013,2022,61700,17120800
FL,12031,2022,17482926,9684377200
FL,12055,2022,397126,227730900
FL,12049,2022,63251,21348900
FL,12043,2022,102126,47492800
FL,12037,2022,3246402,670256500
FL,12067,2023,113987,28470000
FL,12061,2023,14266870,5614498000
FL,12091,2023,9379870,5068517000
FL,12085,2023,9478748,4391514000
FL,12073,2023,1948159,810698000
FL,,2023,16468487,1565519400
FL,12079,2023,52322,17938000
FL,12121,2023,338525,99007000
FL,12097,2023,4165594,2443619000
FL,12115,2023,56527787,15680519000
FL,12109,2023,21664449,9815944000
FL,12103,2023,138881920,32289859000
FL,12005,2023,13098840,8368051000
FL,12011,2023,87211865,48086824000
FL,12023,2023,446833,167884000
FL,12127,2023,20644578,11757414000
FL,12017,2023,9089416,1445284000
FL,12133,2023,91251,29026000
FL,12035,2023,6355774,3218853000
FL,12029,2023,611598,103390000
FL,12047,2023,31687,9335000
FL,12053,2023,3685983,884757000
FL,12041,2023,151391,42712000
FL,12059,2023,65355,18974000
FL,12065,2023,45682,19248000
FL,12077,2023,10293,3108000
FL,12089,2023,5908558,2971312000
FL,12083,2023,1735288,929976000
FL,12086,2023,175834799,86731531000
FL,12071,2023,151866973,35587566000
FL,12107,2023,948406,255039000
FL,12113,2023,7455044,3915408000
FL,12119,2023,1254220,804236000
FL,12095,2023,7347990,4524689000
FL,12101,2023,23300377,6053308000
FL,12015,2023,50726007,10580256000
FL,12021,2023,87333917,27604616000
FL,12003,2023,109068,37268000
FL,12125,2023,43587,14062000
FL,12000,2023,223706,65224200
FL,12131,2023,7232265,4909409000
FL,12009,2023,23546251,12901464000
FL,12027,2023,319364,107142000
FL,12057,2023,67204240,18351013000
FL,12045,2023,1891674,513911000
FL,12039,2023,63691,25830000
FL,12033,2023,10852448,5002018000
FL,12051,2023,644838,219227000
FL,12087,2023,51029827,8556077000
FL,12081,2023,35502316,9890592000
FL,12075,2023,1386387,195016000
FL,12069,2023,2053626,1028784000
FL,12063,2023,88170,28658000
FL,72127,2023,612,500000
FL,12105,2023,3458587,1921520000
FL,12117,2023,4022844,2149799000
FL,12123,2023,820388,123703000
FL,12111,2023,8835985,5017114000
FL,12099,2023,56872766,35483431000
FL,12093,2023,905019,322064000
FL,12007,2023,313006,103843000
FL,12019,2023,3314970,1493895000
FL,12001,2023,1493584,768465000
FL,12013,2023,78790,19142000
FL,12129,2023,1972314,299295000
FL,12043,2023,102734,43517000
FL,12031,2023,19075824,9418960000
FL,12037,2023,3949761,688684000
FL,12055,2023,441943,256205000
FL,12049,2023,80892,26642000
FL,12061,2024,16054373,5600731000
FL,12085,2024,10575305,4375738000
FL,12067,2024,128158,30410000
FL,12073,2024,2204157,851738000
FL,12091,2024,10229318,5019237000
FL,12079,2024,67147,21153000
FL,,2024,41751806,2307166800
FL,12103,2024,155448582,33227109000
FL,12097,2024,4445835,2519150000
FL,12109,2024,24093893,9766130000
FL,12115,2024,65276801,16817361000
FL,12121,2024,371274,100258000
FL,12133,2024,96453,26797000
FL,12023,2024,484615,171037000
FL,12127,2024,23184200,12214638000
FL,12011,2024,117001660,59941024000
FL,12017,2024,10274770,1480811000
FL,12005,2024,14174973,8521217000
FL,12053,2024,4374061,954453000
FL,12041,2024,167472,42381000
FL,12029,2024,657378,109131000
FL,12035,2024,7273436,3256858000
FL,12047,2024,32629,9116000
FL,12059,2024,81135,21908000
FL,12089,2024,6330255,2850221000
FL,12077,2024,12415,3468000
FL,12071,2024,174665554,35562561000
FL,12065,2024,51163,19598000
FL,12086,2024,194398260,89596167000
FL,12083,2024,1909840,982257000
FL,12101,2024,26590006,6452908000
FL,12113,2024,8096277,3858815000
FL,12107,2024,1084706,257478000
FL,12095,2024,8114985,4945761000
FL,12119,2024,1323361,822122000
FL,12015,2024,59054945,10743804000
FL,12131,2024,7785350,4859999000
FL,12000,2024,240370,82268200
FL,12003,2024,119685,37300000
FL,12021,2024,104807729,27574442000
FL,12009,2024,26037763,12862978000
FL,12125,2024,49944,15303000
FL,12027,2024,378315,118407000
FL,12045,2024,2209579,526367000
FL,12039,2024,71364,25816000
FL,12033,2024,11726253,4966675000
FL,12051,2024,718646,220771000
FL,12057,2024,75567766,18811670000
FL,12075,2024,1607568,203942000
FL,12063,2024,91873,28487000
FL,12081,2024,40416000,10441524000
FL,12087,2024,57453854,8637578000
FL,12069,2024,2310216,1119396000
FL,12117,2024,4523023,2273839000
FL,72127,2024,347,500000
FL,12111,2024,9918288,5205250000
FL,12123,2024,813222,114567000
FL,12093,2024,1025656,329110000
FL,12105,2024,3758994,2023990000
FL,12099,2024,62050596,36108200000
FL,12001,2024,1597213,790406000
FL,12013,2024,79070,18584000
FL,12007,2024,388575,110039000
FL,12129,2024,2201397,303039000
FL,12019,2024,3520799,1429186000
FL,12043,2024,128376,44709000
FL,12031,2024,21115082,9286414000
FL,12049,2024,94803,29586000
FL,12055,2024,490667,273393000
FL,12037,2024,4466665,690401000
FL,12061,2025,12700512,4027403000
FL,12079,2025,42098,14076000
FL,12091,2025,7624075,3567455000
FL,12073,2025,1382454,511994000
FL,12067,2025,80093,18433000
FL,12085,2025,7196654,2758053000
FL,,2025,47999976,2259654000
FL,12121,2025,269320,64004000
FL,12103,2025,112355535,22641014000
FL,12109,2025,16902224,6187026000
FL,12115,2025,49777675,11767306000
FL,12097,2025,2898211,1620849000
FL,12127,2025,16270131,8381270000
FL,12023,2025,328107,109376000
FL,12005,2025,9777434,5847465000
FL,12011,2025,69373330,33040997000
FL,12017,2025,7276002,976656000
FL,12133,2025,65529,20084000
FL,12041,2025,113988,28238000
FL,12053,2025,3304636,686231000
FL,12047,2025,27479,6759000
FL,12035,2025,5112483,2080850000
FL,12029,2025,500740,83157000
FL,12059,2025,53598,13903000
FL,12086,2025,133763217,58839421000
FL,12083,2025,1332334,670706000
FL,12077,2025,4722,650000
FL,12065,2025,36421,12419000
FL,12089,2025,4559161,1992139000
FL,12071,2025,135297018,24220657000
FL,12113,2025,5799509,2566521000
FL,12107,2025,749398,164483000
FL,12101,2025,18635952,4297558000
FL,12095,2025,5294157,3185259000
FL,12119,2025,856309,511164000
FL,12021,2025,80729583,19237644000
FL,12003,2025,82868,23930000
FL,12015,2025,46047571,7547150000
FL,12125,2025,33072,9248000
FL,12009,2025,18888685,8324767000
FL,12131,2025,5286806,3153593000
FL,12000,2025,3376165,178811800
FL,12039,2025,49192,18084000
FL,12027,2025,275160,82575000
FL,12057,2025,54512385,12325010000
FL,12051,2025,473981,145599000
FL,12045,2025,1570660,340633000
FL,12033,2025,8362805,3381314000
FL,12063,2025,54219,18390000
FL,12069,2025,1605098,763955000
FL,12075,2025,1118851,126691000
FL,12081,2025,30867986,7111883000
FL,12087,2025,42568384,6024448000
FL,12105,2025,2658396,1407129000
FL,12099,2025,45091749,24927382000
FL,12123,2025,577360,83224000
FL,12117,2025,3020670,1457100000
FL,72127,2025,410,500000
FL,12111,2025,7621751,3761364000
FL,12093,2025,692312,206095000
FL,12001,2025,1108638,509667000
FL,12013,2025,48179,10906000
FL,12019,2025,2356880,888766000
FL,12129,2025,1556938,193055000
FL,12007,2025,235932,73584000
FL,12031,2025,13953148,5667548000
FL,12037,2025,3125635,447652000
FL,12049,2025,72534,20353000
FL,12043,2025,99011,30018000
FL,12055,2025,335693,187157000