level_index,level_label,wind_reduction_pct,flood_reduction_pct,mean_prescribed_reduction_pct,total_loss_billion,total_loss_billion_p10,total_loss_billion_p90,defaults,defaults_p10,defaults_p90,rfr_billion,rfr_billion_p10,rfr_billion_p90
0,0,0,0,0.0,48.471978566808204,23.581950128951426,70.2655149220662,5.174599999999999,2.63546,6.9663200000000005,5.45254473968607,2.5538034871963124,8.60606491343705
1,20,20,13,16.5,42.63657200270286,21.65052260060402,59.45154071282511,4.7642,2.46764,6.34852,4.517505915061469,2.283359885093491,6.762191216037551
2,30,30,20,25.0,39.6941073297786,20.676799739411095,53.99972321207195,4.5325999999999995,2.37478,5.9964,4.068323730007543,2.155918442033237,5.870823655271265
3,40,40,27,33.5,36.751642656854344,19.703076878218173,48.54790571131879,4.272399999999999,2.27014,5.59976,3.6407124866052474,2.0355757343645227,5.0150846599782355
4,50,50,33,41.5,33.85870076567326,18.745372211063692,43.18574900283085,4.001499999999999,2.15826,5.15844,3.2471049248737964,1.926020717868352,4.217709446582646
5,60,60,40,50.0,30.916236092749,17.77164934987077,37.7525838264183,3.6883,2.03454,4.65318,2.883029142692134,1.825417126230166,3.4657553055748287
6,70,70,47,58.5,27.973771419824743,16.797926488677845,32.42023966435885,3.3384,1.8968999999999996,4.04682,2.569670360904059,1.7369826132136232,2.803401001990938
7,80,80,53,66.5,25.08082952864365,15.840221821523361,27.175587215078856,2.9213,1.7388199999999998,3.3013999999999997,2.2075324465207204,1.6662605128060155,2.337578917889952
8,90,90,60,75.0,20.717933270211482,14.866498960330441,22.411415687222583,2.2423,1.55384,2.3983999999999996,1.9850618872044006,1.5530765457170503,2.107241613066287
9,100,100,67,83.5,16.840263799065074,13.16753821633985,18.517560945764824,1.559,1.21766,1.80558,1.8754985852141293,1.4718377796511708,2.051355826336573
10,110,100,70,85.0,16.798838018980984,13.023735204774091,18.327915674057614,1.559,1.21766,1.80558,1.8477593245131383,1.4556716307423267,2.04235685737458
11,120,100,80,90.0,16.41125589071629,12.544391832888222,17.795563246227324,1.559,1.21766,1.80558,1.766895430888668,1.408826349299659,2.0174098061899586
12,130,100,90,95.0,15.573720352637013,12.065048461002355,17.443192182322868,1.559,1.21766,1.80558,1.7118673885205433,1.3798145209398565,2.0031331360694535
