metric,ensemble_statistic,baseline,mean_prescribed_reduction_pct,wind_reduction_pct,flood_reduction_pct
total_loss_billion,median,19.343788695230298,78.0121775396929,93.54373828199165,62.480616797394156
total_loss_billion,p10,19.343788695230298,36.501244081271004,43.75155510158876,29.25093306095325
total_loss_billion,p90,19.343788695230298,81.69640527529609,97.87812385328951,65.51468669730266
defaults,median,2.1399,76.27381823503586,91.49860968827748,61.04902678179424
defaults,p10,2.1399,42.76139670223084,51.48399612027158,34.0387972841901
defaults,p90,2.1399,78.70643702978981,94.3605141526939,63.05235990688573
rfr_billion,median,2.1154360061673643,70.01875657349552,84.13971361587708,55.89779953111396
rfr_billion,p10,2.1154360061673643,27.859339892926258,33.3639292857956,22.35475050005692
rfr_billion,p90,2.1154360061673643,74.69760720517036,89.64424377078865,59.75097063955206
