gcm,level_index,level_label,wind_reduction_pct,flood_reduction_pct,mean_prescribed_reduction_pct,metric,era5_plus_gcm_delta
canesm,0,0,0,0,0.0,total_loss_billion,25.074996046395693
canesm,0,0,0,0,0.0,defaults,2.8421
canesm,0,0,0,0,0.0,rfr_billion,2.6951704827275473
cnrm6,0,0,0,0,0.0,total_loss_billion,71.6540140197665
cnrm6,0,0,0,0,0.0,defaults,6.8132
cnrm6,0,0,0,0,0.0,rfr_billion,8.969865304990224
ecearth6,0,0,0,0,0.0,total_loss_billion,68.18276627551575
ecearth6,0,0,0,0,0.0,defaults,7.0684000000000005
ecearth6,0,0,0,0,0.0,rfr_billion,8.06036432610729
ipsl6,0,0,0,0,0.0,total_loss_billion,48.471978566808204
ipsl6,0,0,0,0,0.0,defaults,5.174599999999999
ipsl6,0,0,0,0,0.0,rfr_billion,5.45254473968607
miroc6,0,0,0,0,0.0,total_loss_billion,22.586586183988583
miroc6,0,0,0,0,0.0,defaults,2.4977
miroc6,0,0,0,0,0.0,rfr_billion,2.4595588235088224
canesm,1,20,20,13,16.5,total_loss_billion,23.433573034274115
canesm,1,20,20,13,16.5,defaults,2.6816
canesm,1,20,20,13,16.5,rfr_billion,2.483276773508738
cnrm6,1,20,20,13,16.5,total_loss_billion,60.366084614722084
cnrm6,1,20,20,13,16.5,defaults,6.2008
cnrm6,1,20,20,13,16.5,rfr_billion,7.017526416593823
ecearth6,1,20,20,13,16.5,total_loss_billion,58.07972485997964
ecearth6,1,20,20,13,16.5,defaults,6.447
ecearth6,1,20,20,13,16.5,rfr_billion,6.379188415203144
ipsl6,1,20,20,13,16.5,total_loss_billion,42.63657200270286
ipsl6,1,20,20,13,16.5,defaults,4.7642
ipsl6,1,20,20,13,16.5,rfr_billion,4.517505915061469
miroc6,1,20,20,13,16.5,total_loss_billion,20.461822311490625
miroc6,1,20,20,13,16.5,defaults,2.3249999999999997
miroc6,1,20,20,13,16.5,rfr_billion,2.150081959483326
canesm,2,30,30,20,25.0,total_loss_billion,22.605957231532642
canesm,2,30,30,20,25.0,defaults,2.5860999999999996
canesm,2,30,30,20,25.0,rfr_billion,2.385080362997473
cnrm6,2,30,30,20,25.0,total_loss_billion,54.6753204365815
cnrm6,2,30,30,20,25.0,defaults,5.8524
cnrm6,2,30,30,20,25.0,rfr_billion,6.070642363402602
ecearth6,2,30,30,20,25.0,total_loss_billion,52.98632737530762
ecearth6,2,30,30,20,25.0,defaults,6.0924000000000005
ecearth6,2,30,30,20,25.0,rfr_billion,5.571095593074261
ipsl6,2,30,30,20,25.0,total_loss_billion,39.6941073297786
ipsl6,2,30,30,20,25.0,defaults,4.5325999999999995
ipsl6,2,30,30,20,25.0,rfr_billion,4.068323730007543
miroc6,2,30,30,20,25.0,total_loss_billion,19.3906947446634
miroc6,2,30,30,20,25.0,defaults,2.2338999999999998
miroc6,2,30,30,20,25.0,rfr_billion,2.0031438280570795
canesm,3,40,40,27,33.5,total_loss_billion,21.778341428791173
canesm,3,40,40,27,33.5,defaults,2.4835
canesm,3,40,40,27,33.5,rfr_billion,2.293529874681124
cnrm6,3,40,40,27,33.5,total_loss_billion,48.98455625844092
cnrm6,3,40,40,27,33.5,defaults,5.4665
cnrm6,3,40,40,27,33.5,rfr_billion,5.160156801294551
ecearth6,3,40,40,27,33.5,total_loss_billion,47.89292989063561
ecearth6,3,40,40,27,33.5,defaults,5.6886
ecearth6,3,40,40,27,33.5,rfr_billion,4.797476448003763
ipsl6,3,40,40,27,33.5,total_loss_billion,36.751642656854344
ipsl6,3,40,40,27,33.5,defaults,4.272399999999999
ipsl6,3,40,40,27,33.5,rfr_billion,3.6407124866052474
miroc6,3,40,40,27,33.5,total_loss_billion,18.319567177836173
miroc6,3,40,40,27,33.5,defaults,2.1279
miroc6,3,40,40,27,33.5,rfr_billion,1.8636063074867886
canesm,4,50,50,33,41.5,total_loss_billion,20.964534219411064
canesm,4,50,50,33,41.5,defaults,2.3724
canesm,4,50,50,33,41.5,rfr_billion,2.2114473443715688
cnrm6,4,50,50,33,41.5,total_loss_billion,43.38739103153708
cnrm6,4,50,50,33,41.5,defaults,5.0289
cnrm6,4,50,50,33,41.5,rfr_billion,4.310456207327421
ecearth6,4,50,50,33,41.5,total_loss_billion,42.88328595977151
ecearth6,4,50,50,33,41.5,defaults,5.2448
ecearth6,4,50,50,33,41.5,rfr_billion,4.078589305465482
ipsl6,4,50,50,33,41.5,total_loss_billion,33.85870076567326
ipsl6,4,50,50,33,41.5,defaults,4.001499999999999
ipsl6,4,50,50,33,41.5,rfr_billion,3.2471049248737964
miroc6,4,50,50,33,41.5,total_loss_billion,17.265930872165445
miroc6,4,50,50,33,41.5,defaults,2.0155
miroc6,4,50,50,33,41.5,rfr_billion,1.7357363001995407
canesm,5,60,60,40,50.0,total_loss_billion,20.136918416669594
canesm,5,60,60,40,50.0,defaults,2.2541999999999995
canesm,5,60,60,40,50.0,rfr_billion,2.136855646918906
cnrm6,5,60,60,40,50.0,total_loss_billion,37.696626853396495
cnrm6,5,60,60,40,50.0,defaults,4.524900000000001
cnrm6,5,60,60,40,50.0,rfr_billion,3.5046805165036083
ecearth6,5,60,60,40,50.0,total_loss_billion,37.7898884750995
ecearth6,5,60,60,40,50.0,defaults,4.7387
ecearth6,5,60,60,40,50.0,rfr_billion,3.4073674891816594
ipsl6,5,60,60,40,50.0,total_loss_billion,30.916236092749
ipsl6,5,60,60,40,50.0,defaults,3.6883
ipsl6,5,60,60,40,50.0,rfr_billion,2.883029142692134
miroc6,5,60,60,40,50.0,total_loss_billion,16.19480330533822
miroc6,5,60,60,40,50.0,defaults,1.8880999999999997
miroc6,5,60,60,40,50.0,rfr_billion,1.6177914457710056
canesm,6,70,70,47,58.5,total_loss_billion,19.30930261392812
canesm,6,70,70,47,58.5,defaults,2.1224999999999996
canesm,6,70,70,47,58.5,rfr_billion,2.0719951895298894
cnrm6,6,70,70,47,58.5,total_loss_billion,32.00586267525591
cnrm6,6,70,70,47,58.5,defaults,3.9348
cnrm6,6,70,70,47,58.5,rfr_billion,2.785372532774817
ecearth6,6,70,70,47,58.5,total_loss_billion,32.696490990427485
ecearth6,6,70,70,47,58.5,defaults,4.1215
ecearth6,6,70,70,47,58.5,rfr_billion,2.8154199814683523
ipsl6,6,70,70,47,58.5,total_loss_billion,27.973771419824743
ipsl6,6,70,70,47,58.5,defaults,3.3384
ipsl6,6,70,70,47,58.5,rfr_billion,2.569670360904059
miroc6,6,70,70,47,58.5,total_loss_billion,15.123675738510993
miroc6,6,70,70,47,58.5,defaults,1.7464999999999997
miroc6,6,70,70,47,58.5,rfr_billion,1.5136408956694456
canesm,7,80,80,53,66.5,total_loss_billion,18.495495404548013
canesm,7,80,80,53,66.5,defaults,1.9774999999999998
canesm,7,80,80,53,66.5,rfr_billion,2.019442085759633
cnrm6,7,80,80,53,66.5,total_loss_billion,26.408697448352058
cnrm6,7,80,80,53,66.5,defaults,3.1868
cnrm6,7,80,80,53,66.5,rfr_billion,2.2075324465207204
ecearth6,7,80,80,53,66.5,total_loss_billion,27.68684705956339
ecearth6,7,80,80,53,66.5,defaults,3.3777999999999997
ecearth6,7,80,80,53,66.5,rfr_billion,2.342788891996377
ipsl6,7,80,80,53,66.5,total_loss_billion,25.08082952864365
ipsl6,7,80,80,53,66.5,defaults,2.9213
ipsl6,7,80,80,53,66.5,rfr_billion,2.329763956730315
miroc6,7,80,80,53,66.5,total_loss_billion,14.070039432840261
miroc6,7,80,80,53,66.5,defaults,1.5796999999999999
miroc6,7,80,80,53,66.5,rfr_billion,1.430806130836937
canesm,8,90,90,60,75.0,total_loss_billion,17.667879601806543
canesm,8,90,90,60,75.0,defaults,1.8101
canesm,8,90,90,60,75.0,rfr_billion,1.9850618872044006
cnrm6,8,90,90,60,75.0,total_loss_billion,20.717933270211482
cnrm6,8,90,90,60,75.0,defaults,2.2423
cnrm6,8,90,90,60,75.0,rfr_billion,1.8178848498040243
ecearth6,8,90,90,60,75.0,total_loss_billion,22.593449574891373
ecearth6,8,90,90,60,75.0,defaults,2.4181999999999997
ecearth6,8,90,90,60,75.0,rfr_billion,2.010476432499587
ipsl6,8,90,90,60,75.0,total_loss_billion,22.138364855719395
ipsl6,8,90,90,60,75.0,defaults,2.3687
ipsl6,8,90,90,60,75.0,rfr_billion,2.1717517334440872
miroc6,8,90,90,60,75.0,total_loss_billion,12.998911866013039
miroc6,8,90,90,60,75.0,defaults,1.383
miroc6,8,90,90,60,75.0,rfr_billion,1.3765376763257342
canesm,9,100,100,67,83.5,total_loss_billion,16.840263799065074
canesm,9,100,100,67,83.5,defaults,1.716
canesm,9,100,100,67,83.5,rfr_billion,1.9707314994614356
cnrm6,9,100,100,67,83.5,total_loss_billion,15.027169092070906
cnrm6,9,100,100,67,83.5,defaults,1.2123
cnrm6,9,100,100,67,83.5,rfr_billion,1.6480764083053878
ecearth6,9,100,100,67,83.5,total_loss_billion,17.500052090219356
ecearth6,9,100,100,67,83.5,defaults,1.559
ecearth6,9,100,100,67,83.5,rfr_billion,1.8754985852141293
ipsl6,9,100,100,67,83.5,total_loss_billion,19.19590018279514
ipsl6,9,100,100,67,83.5,defaults,1.8653
ipsl6,9,100,100,67,83.5,rfr_billion,2.1051053775866646
miroc6,9,100,100,67,83.5,total_loss_billion,11.927784299185813
miroc6,9,100,100,67,83.5,defaults,1.2256999999999998
miroc6,9,100,100,67,83.5,rfr_billion,1.3543453605483593
canesm,10,110,100,70,85.0,total_loss_billion,16.798838018980984
canesm,10,110,100,70,85.0,defaults,1.716
canesm,10,110,100,70,85.0,rfr_billion,1.9673440814131586
cnrm6,10,110,100,70,85.0,total_loss_billion,14.746372238360735
cnrm6,10,110,100,70,85.0,defaults,1.2123
cnrm6,10,110,100,70,85.0,rfr_billion,1.6144084220722208
ecearth6,10,110,100,70,85.0,total_loss_billion,17.248791428795577
ecearth6,10,110,100,70,85.0,defaults,1.559
ecearth6,10,110,100,70,85.0,rfr_billion,1.8477593245131383
ipsl6,10,110,100,70,85.0,total_loss_billion,19.04733183756564
ipsl6,10,110,100,70,85.0,defaults,1.8653
ipsl6,10,110,100,70,85.0,rfr_billion,2.0923653746821946
miroc6,10,110,100,70,85.0,total_loss_billion,11.875310515716329
miroc6,10,110,100,70,85.0,defaults,1.2256999999999998
miroc6,10,110,100,70,85.0,rfr_billion,1.3498471031890642
canesm,11,120,100,80,90.0,total_loss_billion,16.660752085367356
canesm,11,120,100,80,90.0,defaults,1.716
canesm,11,120,100,80,90.0,rfr_billion,1.9580279917292214
cnrm6,11,120,100,80,90.0,total_loss_billion,13.810382725993488
cnrm6,11,120,100,80,90.0,defaults,1.2123
cnrm6,11,120,100,80,90.0,rfr_billion,1.5153564053671564
ecearth6,11,120,100,80,90.0,total_loss_billion,16.41125589071629
ecearth6,11,120,100,80,90.0,defaults,1.559
ecearth6,11,120,100,80,90.0,rfr_billion,1.766895430888668
ipsl6,11,120,100,80,90.0,total_loss_billion,18.552104020133967
ipsl6,11,120,100,80,90.0,defaults,1.8653
ipsl6,11,120,100,80,90.0,rfr_billion,2.0569976824971166
miroc6,11,120,100,80,90.0,total_loss_billion,11.700397904151377
miroc6,11,120,100,80,90.0,defaults,1.2256999999999998
miroc6,11,120,100,80,90.0,rfr_billion,1.3378063119213277
canesm,12,130,100,90,95.0,total_loss_billion,16.52266615175373
canesm,12,130,100,90,95.0,defaults,1.716
canesm,12,130,100,90,95.0,rfr_billion,1.951841446827598
cnrm6,12,130,100,90,95.0,total_loss_billion,12.874393213626245
cnrm6,12,130,100,90,95.0,defaults,1.2123
cnrm6,12,130,100,90,95.0,rfr_billion,1.4525581758839579
ecearth6,12,130,100,90,95.0,total_loss_billion,15.573720352637013
ecearth6,12,130,100,90,95.0,defaults,1.559
ecearth6,12,130,100,90,95.0,rfr_billion,1.7118673885205433
ipsl6,12,130,100,90,95.0,total_loss_billion,18.056876202702295
ipsl6,12,130,100,90,95.0,defaults,1.8653
ipsl6,12,130,100,90,95.0,rfr_billion,2.037327595564024
miroc6,12,130,100,90,95.0,total_loss_billion,11.525485292586428
miroc6,12,130,100,90,95.0,defaults,1.2256999999999998
miroc6,12,130,100,90,95.0,rfr_billion,1.331318750977122
