scenario,metric,estimate,p10,p90
ssp245cal,Private defaults > 10,21.09,10.668,29.668
ssp245cal,Largest deficit > USD 1 billion,14.44,6.783999999999999,19.915999999999997
ssp245cal,FHCF statewide cap reached,0.0,0.0,0.0
ssp245cal,FIGA assessment capacity exceeded,32.24,17.002000000000002,42.214
ssp245cal,Citizens assessment capacity exceeded,31.269999999999996,16.49,39.928
ssp245cal,NFIP claims > twice annual premium,12.76,5.888,17.073999999999998
ssp245cal,Residual requirement > 1% of Florida GDP,8.65,3.968,12.576
ssp245cal,Residual requirement > 10% of Florida GDP,0.14,0.096,0.53
ssp245_2cal,Private defaults > 10,28.619999999999997,12.378,31.374000000000002
ssp245_2cal,Largest deficit > USD 1 billion,19.53,7.9719999999999995,21.436
ssp245_2cal,FHCF statewide cap reached,0.0,0.0,0.0
ssp245_2cal,FIGA assessment capacity exceeded,41.230000000000004,19.032,44.74
ssp245_2cal,Citizens assessment capacity exceeded,40.64,18.658,42.406
ssp245_2cal,NFIP claims > twice annual premium,16.41,6.842,18.2
ssp245_2cal,Residual requirement > 1% of Florida GDP,11.71,4.922,13.784
ssp245_2cal,Residual requirement > 10% of Florida GDP,0.2,0.126,0.602
ssp585cal,Private defaults > 10,24.9,11.424,34.504
ssp585cal,Largest deficit > USD 1 billion,16.02,7.398,23.744
ssp585cal,FHCF statewide cap reached,0.0,0.0,0.0
ssp585cal,FIGA assessment capacity exceeded,36.33,18.195999999999998,48.324
ssp585cal,Citizens assessment capacity exceeded,34.660000000000004,17.518,45.577999999999996
ssp585cal,NFIP claims > twice annual premium,14.04,6.478,20.232
ssp585cal,Residual requirement > 1% of Florida GDP,9.639999999999999,4.742,14.676
ssp585cal,Residual requirement > 10% of Florida GDP,0.21000000000000002,0.11599999999999999,0.8259999999999998
ssp585_2cal,Private defaults > 10,35.12,14.575999999999999,52.444
ssp585_2cal,Largest deficit > USD 1 billion,24.679999999999996,9.34,40.088
ssp585_2cal,FHCF statewide cap reached,0.0,0.0,0.0
ssp585_2cal,FIGA assessment capacity exceeded,50.79,22.068,66.33
ssp585_2cal,Citizens assessment capacity exceeded,47.33,20.637999999999998,63.12
ssp585_2cal,NFIP claims > twice annual premium,20.66,7.948,33.272
ssp585_2cal,Residual requirement > 1% of Florida GDP,16.599999999999998,5.867999999999999,27.970000000000002
ssp585_2cal,Residual requirement > 10% of Florida GDP,0.7999999999999999,0.19,2.486
market_exit_moderate,Private defaults > 10,-0.8500000000000001,-0.96,-0.73
market_exit_moderate,Largest deficit > USD 1 billion,-0.6799999999999999,-0.7799999999999999,-0.5700000000000001
market_exit_moderate,FHCF statewide cap reached,0.0,0.0,0.0
market_exit_moderate,FIGA assessment capacity exceeded,-1.04,-1.16,-0.91
market_exit_moderate,Citizens assessment capacity exceeded,4.26,3.9899999999999998,4.52
market_exit_moderate,NFIP claims > twice annual premium,0.0,0.0,0.0
market_exit_moderate,Residual requirement > 1% of Florida GDP,0.4,0.33,0.49
market_exit_moderate,Residual requirement > 10% of Florida GDP,0.04,0.02,0.06
penetration_major,Private defaults > 10,-0.88,-1.04,-0.72
penetration_major,Largest deficit > USD 1 billion,1.39,1.24,1.54
penetration_major,FHCF statewide cap reached,0.0,0.0,0.0
penetration_major,FIGA assessment capacity exceeded,-4.63,-4.9,-4.37
penetration_major,Citizens assessment capacity exceeded,2.29,2.1,2.4899999999999998
penetration_major,NFIP claims > twice annual premium,4.279999999999999,4.03,4.52
penetration_major,Residual requirement > 1% of Florida GDP,1.76,1.6,1.9300000000000002
penetration_major,Residual requirement > 10% of Florida GDP,0.35000000000000003,0.27999999999999997,0.43
building_codes_major,Private defaults > 10,-1.8800000000000001,-2.04,-1.71
building_codes_major,Largest deficit > USD 1 billion,-1.48,-1.63,-1.32
building_codes_major,FHCF statewide cap reached,0.0,0.0,0.0
building_codes_major,FIGA assessment capacity exceeded,-2.11,-2.29,-1.9300000000000002
building_codes_major,Citizens assessment capacity exceeded,-1.8800000000000001,-2.0500000000000003,-1.7000000000000002
building_codes_major,NFIP claims > twice annual premium,-1.09,-1.23,-0.95
building_codes_major,Residual requirement > 1% of Florida GDP,-1.3299999999999998,-1.48,-1.18
building_codes_major,Residual requirement > 10% of Florida GDP,-0.06999999999999999,-0.1,-0.04
