return_period,total_loss_billion,rfr_billion,rfr_p10_billion,rfr_p90_billion
2.0,0.0749763829656643,0.0,0.0,0.0
2.0359327761913217,0.08639256487159151,0.0,0.0,0.0
2.0725111345850515,0.10004165928230567,0.0,0.0,0.0
2.109746673961585,0.1184465118246068,0.0,0.0,0.0
2.147651201489509,0.14236345989647886,0.0,0.0,0.0
2.186236736469582,0.16173768876477881,0.0,0.0,0.0
2.2255155141459855,0.18278106598620206,0.0,0.0,0.0
2.2654999895860466,0.20697350719155055,0.0,0.0,0.0
2.306202841629666,0.23282667764451223,0.0,0.0,0.0
2.3476369769097003,0.2652259349923108,0.0,0.0,0.0
2.389815533944584,0.29388428393162,0.0,0.0,0.0
2.4327518873044713,0.33556838416681045,0.0,0.0,0.0
2.4764596518522355,0.38270502021333963,0.0,0.0,0.0
2.520952687060658,0.4296956402532675,0.0,0.0,0.0
2.566245101407189,0.46225736120904465,0.0,0.0,0.0
2.6123512568476595,0.508462138837041,0.0,0.0,0.0
2.659285773370372,0.5649856281310579,0.0,0.0,0.0
2.707063533632014,0.6135434930791159,0.0,0.0,0.0
2.755699687676858,0.6801425068876937,0.0,0.0,0.0
2.805209657740752,0.7699305533933741,0.0,0.0,0.0
2.855609143141419,0.8428536285995003,0.0,0.0,0.0
2.9069141252566153,0.9112264612715648,0.0,0.0,0.0
2.959140872591734,0.9812488192920255,0.0,0.0,0.0
3.01230594593845,1.0783666597227688,0.0,0.0,0.0
3.0664262036260475,1.1736631859960223,0.0,0.0,0.0
3.121518806867097,1.2677524081356757,0.0,0.0,0.0
3.177601225199176,1.3648199104392074,0.0,0.0,0.0
3.234691242024352,1.4597049619308202,0.0,0.0,0.0
3.292806960248197,1.5656087233138025,0.0,0.0,0.0
3.3519668080201095,1.6828263107116905,0.0,0.0,0.0
3.4121895445767723,1.8051145639297592,0.0,0.0,0.0
3.473494266190595,1.958011963129376,0.0,0.0,0.0
3.535900412225029,2.0912525033494083,0.0,0.0,0.0
3.599427771298671,2.243345946650562,0.0,0.0,0.0
3.6640964875601227,2.48644730130864,0.0,0.0,0.0
3.729927067075576,2.756597501240513,0.0,0.0,0.0
3.796940384331167,2.927133267252894,0.0,0.0,0.0
3.8651576888521486,3.111670123964881,0.0,0.0,0.0
3.934600611940994,3.346056819499959,0.0,0.0,0.0
4.005291173536551,3.513980210374408,0.0,0.0,0.0
4.077251789196434,3.7276616124888475,0.0,0.0,0.0
4.150505277204864,4.02084401611912,0.0,0.0,0.0
4.225074865808216,4.258595906766181,0.0,0.0,0.0
4.300984200580548,4.518195655677433,0.0,0.0,0.0
4.3782573519214845,4.745190966504999,0.0,0.0,0.0
4.456918822688787,5.04552220478809,0.0,0.0,0.0
4.5369935559680705,5.219100992728607,0.0,0.0,0.0
4.618506942982105,5.462106513951983,0.0,0.0,0.0
4.701484831142227,5.876198124680893,0.0,0.0,0.0
4.785953532244391,6.35121920361207,0.0,0.0,0.0
4.871939830812493,6.809185254607915,0.0,0.0,0.0
4.959470992591579,7.397357818165303,0.0,0.0,0.0
5.048574773193652,7.888686871581255,0.0,0.0,0.0
5.1392794268988125,8.377422475619406,0.0,0.0,0.0
5.231613715614522,8.824730950613324,0.0,0.0,0.0
5.3256069179958345,9.318211460848902,0.0,0.0,0.0
5.421288838729485,9.992241105033191,0.0,0.0,0.0
5.518689817984774,10.477773620246362,0.0,0.0,0.0
5.617840741034262,10.931594326465087,0.0,0.0,0.0
5.718773048047298,11.247516900133506,0.0,0.0,0.0
5.821518744059523,11.7483259496367,0.0,0.0,0.0
5.926110409121461,12.218899333188123,0.0,0.0,0.0
6.032581208629472,12.923200512901706,0.0,0.0,0.0
6.140964903842301,13.593887438974585,0.0,0.0,0.0
6.251295862586565,14.039047635041884,0.0,0.0,0.0
6.3636090701545935,15.176263525549897,0.0,0.0,0.0
6.477940140398059,15.79622354208093,0.0,0.0,0.034436506214619536
6.59432532702091,16.206306114215018,0.00565808125620519,0.0,0.08275871643188025
6.712801535075214,16.84848745648651,0.05905926636361355,0.0,0.13806834480507837
6.8334063326635235,18.05347836909427,0.10130063665275908,0.01702085116990958,0.1840709747251916
6.956177962851504,18.951340106242913,0.14797033729734457,0.0641164211525374,0.20010420225
7.081155355794581,20.3704920843861,0.1898640303017706,0.11149109725028701,0.20010420225
7.208378141082454,21.30581748297637,0.20010420225,0.1578164371763594,0.20010420225
7.33788666030542,22.129642757962927,0.20010420225,0.20010420224999975,0.21183854195867177
7.46972197984644,23.988776139299095,0.20010420225,0.20010420225,0.2556479213019741
7.60392590390305,24.728833990652674,0.215791969625864,0.20010420225,0.2892845398598658
7.740540987743222,25.253266973779816,0.26045569245672323,0.20010420225000025,0.32436016709330245
7.879610551199386,26.16569726132427,0.2968612175656836,0.22314641633829185,0.3614332889441383
8.021178692404899,26.996389973829626,0.33236127771653934,0.2658833054875869,0.3875857462190739
8.165290301777292,27.424125868871357,0.3657214793849537,0.30248147473123765,0.42455379338899796
8.311991076252758,28.688949053732426,0.39747740852962044,0.33345094819022403,0.45086408577317166
8.461327533776386,29.462586453768058,0.42867083249631627,0.3699649687981315,0.48132701178426196
8.613347028052713,30.19317207217536,0.4525977492333592,0.40236637363954963,0.5041181075589559
8.76809776356132,31.354754709561384,0.4822895741663706,0.42995720978852764,0.5391268878041867
8.92562881084216,32.340938514209455,0.5049380364447367,0.4599020964552514,0.5609117492690738
9.085990122055561,34.0555370096279,0.5399931593363402,0.48328580329628457,0.5844496523093735
9.249232546821753,35.09224174507968,0.5612720209490596,0.507532259968744,0.6019221406592686
9.415407848344971,35.71817928079126,0.5844557502879424,0.5397520090763104,0.6345799701607099
9.584568719827267,36.65630020969367,0.6014154699325797,0.5595004839024718,0.6470061071627148
9.756768801177216,37.98741750018838,0.6330201553329068,0.5843220950555172,0.6748140066206576
9.932062696018802,39.313455080294524,0.6466402151204833,0.5992326569339778,0.7272405357726205
10.110505989005912,40.55251994773792,0.6695123727868761,0.6319481952350909,0.7916324733377107
10.292155263447896,42.13911935918863,0.7231692963091536,0.6440313285140159,0.8312995799158441
10.4770681192518,43.31984261010626,0.7892015411460199,0.6655440194471358,0.8674206878123562
10.665303191186954,44.18760194186473,0.8212549838055649,0.713326296321789,0.8902302465022518
10.856920167477714,46.17987737035004,0.8634836367646275,0.7816744527808583,0.9305880935914809
11.051979808730227,48.43702137716502,0.8836718080423209,0.8108816316827631,0.9568222458114276
11.250543967199283,49.2893635745031,0.9184136741103074,0.8591077509738345,0.9901390886431544
11.45267560640128,50.219015827852935,0.9458634931331578,0.8791822292841557,1.059941923036243
11.658438821079596,51.95547959973836,0.9858042053307163,0.9080781585490547,1.1248157610740026
11.86789885752863,54.11531898579002,1.0442396459034236,0.9390328848282691,1.1783398320753697
12.08112213428304,55.835137556863245,1.1073831370659675,0.976615009755551,1.2434483238077116
12.298176263178648,57.090238488206055,1.1635829924000347,1.002742878295231,1.2887076242280626
12.51913007079176,59.284932675017615,1.2125902012390475,1.0777825410899633,1.376192332480343
12.744053620263664,59.952150258123524,1.2726997608713482,1.135336004838386,1.4675697404640742
12.973018233517234,62.23064076472379,1.3462688253707267,1.186097439087254,1.5497655697734078
13.206096513872689,63.87099985439133,1.4237818582204145,1.2451587754077855,1.6766003463375216
13.443362369069687,64.31951000365099,1.5045956903763074,1.292091331288769,1.7549085553250563
13.684891034702996,65.89588230077639,1.611506480357083,1.3748214965847252,1.9333673003800234
13.930759098079301,67.23614882657681,1.7094121693273985,1.45711206629563,2.043117991711091
14.181044522502553,68.07735566591711,1.8505056362622063,1.5495868698362114,2.2433772107426444
14.43582667199568,69.3520491065043,1.9481432482185246,1.6591339369423321,2.401437952333501
14.695186336466447,74.22488200417959,2.1021675259299735,1.730212391017268,2.563276616572129
14.959205757325456,76.54178868040134,2.2850325684296076,1.9129424513512998,2.831521054372421
15.22796865356441,80.27047652825547,2.44925738961262,1.9956882155221578,3.074113687024998
15.501560248302907,82.63272408578896,2.61434422246248,2.2201747826777383,3.207156688230301
15.780067295812186,84.26129642165691,2.8551971792766224,2.3380409074295487,3.531125619683486
16.063578109024395,86.79478584362163,3.094503942741166,2.5158105839064744,3.7969467487592437
16.352182587536088,89.49891825822115,3.301543230549496,2.657595936601992,3.9230346276272923
16.64597224611488,91.4463178458336,3.6130641106676973,2.9610351432819364,4.107943159857093
16.94504024371818,92.23629362374248,3.8005162035379163,3.104286910992651,4.343622968523608
17.24948141303341,94.88006601072644,3.9451542402463518,3.355534192829524,4.867880778461373
17.55939229054886,96.87061630958749,4.128978701646816,3.6913063559885826,5.067064404324048
17.874871147164818,98.96666765034679,4.3555472358717715,3.806742702110003,5.58528125288867
18.19601801935471,101.013714394579,4.862582241565572,3.9467696699191666,5.784207429324579
18.522934740886075,102.69264236348361,5.060514813658862,4.13286620165103,6.245876264702937
18.855724975111436,104.81658248995151,5.549462013994758,4.357725087069902,6.965824280118784
19.194494247839334,107.15118020292746,5.726910664615227,4.835456574155138,7.369196506553378
19.539349980795947,109.52179022690297,6.231827587604581,5.074659645708409,7.991931999351299
19.89040152568787,115.07181786401019,6.8126925309037265,5.5682702914086954,8.524741498675397
20.247760198876914,116.84215114701787,7.3008845819088535,5.717436686597517,8.885254182126939
20.611539316677813,119.4394997901428,7.927490909766906,6.22809984851848,9.408358827718644
20.98185423129022,122.31569274312068,8.428402395104138,6.824616088490588,9.940443355895045
21.358822367376163,124.86735352833477,8.750547936568775,7.2846839078051,10.426892704313406
21.742563259294727,125.47309028233964,9.286740907660635,7.890522687633398,10.618972412647354
22.133198589005673,126.54029846418071,9.72689016255143,8.362946320120177,11.23553012749843
22.530852224654083,128.0666736991596,10.198241268438588,8.673068111747755,11.692307877139603
22.935650259848206,130.71390760641535,10.601617245269116,9.02925443226708,12.19292029642069
23.34772105364298,135.3093196861569,10.880679411662175,9.591599562373338,12.489402238524919
23.767195271241967,140.40039246247318,11.3658292372614,10.090195506860605,13.206240005564704
24.194205925430456,144.06246972803862,11.971225740630699,10.508746307208682,13.591140462866564
24.62888841875309,144.64905285258027,12.23253702160675,10.66006641075264,13.692351039038924
25.071380586449134,147.12479318221747,12.74918322336385,11.25498916028728,14.036996015130194
25.521822740159298,150.652395454154,13.384467519275578,11.723079502541015,14.256865188246037
25.980357712417664,151.16672325920877,13.60747195633612,12.20054726704567,14.846559744399102
26.44713090194306,152.8989932290251,13.83793482106447,12.53540098200293,15.813773576532533
26.922290319744114,154.97771437158747,14.090229356092836,13.25471475196218,16.358335099113713
27.40598663605269,157.0375880018239,14.378697733144556,13.591140462866564,16.812623224705252
27.898373228100507,160.39325571160114,15.08458172478052,13.686407145419246,17.49771640409542
28.39960622875416,162.5103187776037,16.06834808883571,13.92420963959895,17.70038603280787
28.909844576023904,164.4406395331624,16.498989974158054,14.174513076396218,18.136344979906358
29.429250063461986,165.23815601622815,17.070077974009674,14.629714686834843,18.393821791209565
29.957987391466396,167.1972835340062,17.568989786940865,15.158994846337716,18.929043874948956
30.496224219506413,169.36585775501868,17.80634600180876,16.079483151096916,19.6101484237826
31.04413121928636,172.59201240537826,18.174598901966682,16.669576982177876,19.743559224191774
31.60188212886468,174.02987263864776,18.521113235406016,17.280896504116154,20.397259953143426
32.16965380774519,177.09889185987868,18.98775935540828,17.6665541199594,20.992601519739008
32.7476262929582,181.77619549534202,19.638266496693507,17.844072396142153,21.64267252989974
33.33598285614916,182.95164845903014,19.75037791011994,18.18769861127276,22.23406792513199
33.93491006169303,184.8527941698305,20.433061024106458,18.573810320868475,22.716670151475064
34.544597825852755,188.65832514702558,21.15375733343387,18.916898965677365,23.062400299173216
35.16523947700055,192.4342563013629,21.703167687904347,19.550331103342288,23.813173087777187
35.7970318169212,197.23313353912116,22.275321890754732,19.68470119858686,24.24413537784384
36.440175183216724,198.9483974169775,22.722108133745355,20.28575962162072,24.551375738802694
37.094873512832265,203.64000558467558,23.09349393861102,20.814753240490816,25.128921114709147
37.76133440672328,206.01762915453202,23.652779659420148,21.49756057229385,25.7926869556647
38.439769195684505,213.14646517560294,24.1549658650753,22.078919926149357,26.21157356445957
39.1303930073618,214.21035729088868,24.49175527537752,22.602549956410712,26.69390563413422
39.8334248344678,217.35316746057796,24.84623840707718,23.011436864617735,27.131167388011946
40.54908760422319,219.71308155654938,25.561879263804265,23.484350699604295,27.993910062419143
41.27760824904561,220.55601364929052,26.186370179367447,23.97359285137534,28.4452418417471
42.01921777850862,221.3064155630034,26.41512473538315,24.31870905522366,29.01702951002832
42.7741513525934,222.5813444272393,26.936743557473267,24.748935137231854,29.839615922021718
43.54264835625663,228.82723677643799,27.6911495367163,25.209664115612853,30.72692370609116
44.32495247533803,230.5307562106002,28.19599403162402,25.843714677075113,31.098357733000352
45.12131177383168,232.92625819410137,28.734202502467145,26.206350335185792,31.631289030236523
45.93197877254565,237.57028529980565,29.118872353195677,26.512803586420684,32.39727070345471
46.757210529174884,239.69255584034042,29.9184809876429,27.00384279458298,33.260693849745756
47.59726871981256,244.02856445759576,30.835948688985983,27.754074327668654,33.56452738386871
48.45241972192618,245.20033129917823,31.10514028128924,28.208055736267372,34.808417096756614
49.322934698824156,245.87747136886088,31.91169795503662,28.736907069797663,35.31040682775062
50.20908968564017,246.4323661123883,32.4992777592607,29.181930170962794,36.27909356596628
51.11116567686223,250.0804040018269,33.3133796521221,30.139304766122002,36.72857255854861
52.029448715434356,251.5487009801578,33.64066239099912,30.850517592007712,37.279534693832055
52.964229983459134,259.00547061588253,34.824028153366235,31.15575414944599,37.59879089303075
53.915805894529804,260.6497717432901,35.36888661617124,31.893455468321868,38.16609930819191
54.88447818772124,265.3150028273485,36.27378240932183,32.456218288784285,38.66584305513464
55.87055402326968,268.0052204915431,36.735591420397874,33.265386185050936,38.88373166854251
56.87434607997133,271.9100283899607,37.30315862492463,33.56452738386871,39.520398374552045
57.89617265433105,273.8364463650062,37.600813472279434,34.2041253894629,40.98078834170548
58.936357761492154,277.7916026893421,38.241934797652455,35.008248973746795,41.28767355508293
59.995231237979844,278.18204354424046,38.636488366953685,35.67468022062105,42.1471875528055
61.0731288462903,278.74952170287287,38.81109923998212,36.42309339247656,42.90453562604479
62.17039238135906,282.11170343942007,39.360993754968554,36.73985576932928,43.223602022045526
63.28736977894208,284.43229093260913,40.01264204656486,37.28596773044344,43.72952713533129
64.42441522594414,285.7639710197942,41.09415295880812,37.585520355990774,44.66540561251776
65.58188927272947,291.1417074487999,41.64549467221231,38.25672692273771,45.407436756590236
66.76015894744998,296.74015445395594,42.69092357451458,38.629664966089315,46.522247797282
67.95959787242788,296.9464501048887,43.139575273572845,38.78606993045865,47.42770106161148
69.18058638262897,297.18971927413565,43.54058613838563,39.32859111787286,49.15965097030594
70.42351164626467,298.3657644368302,43.90731931150831,39.77481066796894,49.36955209972571
71.68876778756076,299.22683824483596,44.97361708304404,41.02850407492705,49.99565867632953
72.97675601173182,302.23308801445376,45.70206941688138,41.28767355508293,50.749480034320484
74.28788473220095,302.8165134131289,47.00540272098266,42.299524992420686,51.80225664595557
75.6225697001054,316.8674214529475,47.43211614930195,42.77434005707277,52.70495761510588
76.98123413612866,319.90721468833726,49.17048409645323,43.230050350274816,53.35675491621772
78.36430886470129,320.7030455292437,49.528211282852354,43.77402080551081,53.78740709642364
79.77223245061275,321.4849102576383,50.04753112882483,44.66540561251776,54.66985134139934
81.20545133807774,323.1127963062737,50.714850842855135,45.15591217806207,54.89561793126187
82.66441999230094,323.315392846276,51.57307780622229,46.3494314593848,55.34666951072053
84.14960104358533,327.3326036599177,52.72994696656548,47.25926204640735,55.54652489908165
85.66146543402941,329.1828737543808,53.12522136747625,47.748400262695554,56.47904357503703
87.20049256686023,333.00253884306096,53.54316229310181,49.19211251865594,57.1084819311461
88.76717045844923,334.65031349689394,54.39173947951071,49.51569210995116,57.2968089852558
90.36199589305946,340.74724737472843,54.8149667556048,50.021542361796925,58.28666422067558
91.98547458037268,343.367829197022,55.04383350727214,50.775800755737656,59.17474700415497
93.63812131584721,344.34390652366295,55.37842752848033,51.72276104282606,60.68270974426071
95.3204601439563,348.4773228475525,55.729345366665534,52.7699803892693,61.01639844393705
97.03302452435959,353.04738515304535,56.64773807519066,53.303228429508934,61.742494042269925
98.77635750106002,354.6825760716488,57.160360532527285,53.70364197780388,61.862170762575865
100.55101187459981,357.5953731908642,57.558160887488164,54.53133492947272,63.75996209230199
102.35755037735022,358.971992887043,58.334729198819986,54.8304137186754,64.34110788436591
104.19654585195092,361.6576361456468,59.22372107167829,54.96985735205228,64.648403980719
106.06858143295433,364.77211597103434,60.63187680065351,55.31328863761439,65.49126052014581
107.97425073173505,366.17527235067405,61.17481599331307,55.63678977960893,65.87438120459801
109.91415802471955,367.7185609246376,61.743008537725146,56.28096298344451,66.29384516022333
111.88891844499952,382.848523994502,61.84168376006023,57.06902391614021,66.76068938926959
113.8991581773862,392.0961132616799,63.737851565917225,57.2968089852558,67.50979773143763
115.94551465697012,394.0850185028603,64.18775588445652,57.76523397614405,69.42490054511396
118.02863677124844,394.79839798078285,64.46879791407879,58.538227379757416,71.23344740433787
120.14918506588242,396.8558890467852,64.89020243506428,60.20164002896456,71.48354719710568
122.30783195415351,399.11165342362335,65.7253152616997,60.75170368734124,71.6218100042204
124.50526193018065,408.19649254204876,65.92655173108437,61.33441369790723,71.97200441235101
126.74217178597026,414.4981837884414,66.3647889697662,61.742494042269925,72.25196799642393
129.01927083236384,416.1638625454421,67.07247924498651,61.82351580083715,73.09835101787841
131.33728112395735,417.77522941654126,68.48800819378397,63.48158277602556,74.68535503274013
133.69693768805922,417.80511961359724,69.97389138382002,63.89918965506294,75.34700679201636
136.09898875776435,417.9165870976607,71.30100399065793,64.36065619888362,76.86859120635832
138.5441960092134,417.98188591702217,71.48705141238744,64.63227714229974,77.45910899222285
141.03333480311616,423.3663551259171,71.65748357658237,65.63911460017488,77.69953303930863
143.5671944306143,428.0421928935965,72.06443720870202,65.80472933899172,78.78415746682548
146.14657836355985,433.47562385387516,72.24435063050282,65.9853282640494,79.20128704132055
148.77230450929258,438.07455157449175,72.92053426995518,66.80831322227975,82.02745017929995
151.4452054699923,442.6566887780789,74.88350819077029,67.16934095087335,85.05030549529975
154.16612880669337,461.4679304660511,75.27132451271626,68.68556410611097,87.08730662996312
156.93593730803997,462.54168674838655,76.55944479319098,69.65681906085076,87.19407314601368
159.7555092638726,464.02863929607656,77.47544344993287,71.26811474811811,87.23710351521879
162.6257387437272,464.12287910702764,77.60227490308375,71.46132254740353,89.11506277430294
165.54753588034066,464.92462156213765,78.3507739646358,71.6218100042204,90.83600045635852
168.5218271582471,465.40383769268425,78.8473164536387,71.96032331582931,91.29422842801405
171.54955570756215,465.40383769268425,79.3224311268169,72.17179625659024,91.77424606078512
174.6316816030425,465.7713249476441,81.98572595608374,72.24726836180228,92.14130211262903
177.76918216852056,467.2006165240638,84.60843099450051,72.88921437420453,92.23147085576453
180.96305228680853,470.2589506543029,86.60368498542059,74.60468251822472,93.26158698141806
184.21430471516862,473.99059578304417,87.16426688391134,75.31183296905641,94.27554566513318
187.52397040645377,480.81875699247234,87.25628130151323,76.19889167046357,94.6682460102761
190.89309883601524,489.92132861788264,89.48652970858836,77.00475796841563,96.2846348418008
194.32275833448654,495.77888251239796,90.96405914992877,77.49889002311404,97.05668483719892
197.81403642654317,503.46082758107895,91.27593513894881,77.69953303930863,97.74676720566329
201.36804017575173,511.0912186876741,91.73647723361934,78.73776230647958,98.02232633698901
204.98589653561203,511.6611821459935,92.16123250472934,78.94247132547332,98.26509579710438
208.66875270690772,511.6650596978115,92.31588751788918,79.77475653009293,98.89189945188933
212.41777650147762,511.7050764747704,93.1870770979351,82.60616422869505,99.11853522071111
216.23415671252042,511.76590348924236,93.9923902455934,85.18607677319117,99.77527534254773
220.11910349155562,512.9105485751197,94.47973694170845,86.38111261810693,100.38058259080441
224.07384873215375,513.7444682504846,95.34640004036098,87.12748487291354,101.21592440161338
228.09964646056414,513.7894761130458,96.64685842213217,87.28571519886411,101.30175760100339
232.19777323335757,514.0019381624091,97.48022034496725,87.28571519886411,102.40439139515954
236.36952854221644,531.9130065530467,97.85470052532096,90.23924626283942,102.55766615162409
240.61623522599444,539.6706892386807,98.03227355033589,91.13440421407635,106.38263913175057
244.93923989018137,543.9776213726028,98.23028342586602,91.63330383415881,110.991588687548
249.33991333390466,561.4435558345036,98.80816250800375,92.07836645661266,110.991588687548
253.81965098459992,563.913388140884,99.03922116709292,92.19593418634466,112.64466831847857
258.37987334049456,563.913388140884,99.39005882951139,92.54170612051784,113.05014981092451
263.0220264210375,563.913388140884,99.96540893374879,93.24528276017124,113.70478139543013
267.74758222542516,563.913388140884,100.78925097621652,93.89282168385135,114.18221010429151
272.5580391993619,563.9133881410345,101.2428962521117,94.36436616469528,114.4255552657888
277.4549227102101,563.9133881413447,101.29847134681218,94.65128026900504,114.58754934003373
282.4397855306732,569.7279308137606,102.05249426704886,95.74546025524597,118.60170154412306
287.51420833117265,574.8507333114252,104.43432643523526,96.71007936812101,121.41183694992488
292.67980018106704,578.1878777407111,109.60929808522577,97.44474438119953,121.41183694992488
297.93819905888074,581.9747713546466,110.98999686078481,97.78047516780764,121.76001417461354
303.291072371695,585.6720527813973,111.0476425982614,97.99105200709306,122.23239164184605
308.74011748387386,585.6720527813974,112.07749479483032,98.37108765102988,124.18568950469414
314.28706225528924,585.6720527813974,112.93894135208318,98.8898795457814,125.91098065628046
319.93366558921275,585.6720527813975,113.47712330801852,98.8898795457814,125.91098065628046
325.68171799005614,585.6720527813975,113.93039490197529,99.387599617939,126.2850425662846
331.5330421311269,585.6720527813975,114.31273643769178,99.84405412197788,126.2850425662846
337.48949343259,585.7153441902997,115.0775274615723,100.43948217012975,130.03831058516377
343.5529606498077,585.7761300912429,115.99296815328317,101.08641245506469,130.54285321218066
349.72536647225564,587.2997905291027,118.31756521414414,101.25102967772106,130.87724324172422
356.0086681331932,589.1646468175642,120.95950819708796,101.2943420602133,131.2898088292089
362.4048580302937,589.483930058961,121.55434945854218,101.81581385009582,133.4081799091598
368.91596435741906,589.4839300589612,121.72389651533645,102.42738630016316,135.84436971373248
375.5440517477493,589.4839300589612,122.59182380962815,106.31400310889006,136.36333757409867
382.2912219284665,589.4839300589612,123.63521336370714,110.85792570330818,136.36333757409867
389.15961438719756,589.4839303445958,124.57147304759914,110.991588687548,136.937634055698
396.15140705043586,589.4839307676547,125.44696028857254,111.51951189085493,137.75883000387986
403.2688169741459,589.4853283861032,125.98771002048572,112.7614963913979,138.19094182823173
410.51410104678166,589.4883095791254,126.15140401724838,112.7614963913979,138.19094182823173
417.8895567049293,589.4948421728914,126.59426740797123,113.71995139623374,138.38583922381957
425.397522661814,589.5186756783994,128.39234625609558,114.0691735109587,138.67218388330414
433.04037964888863,589.5420885393609,130.1586902819334,114.36189183106482,138.67218388330414
440.8205511707531,596.0462443668337,130.80227549749637,114.98104702036628,140.19119771381833
448.74050427362977,604.2460171348074,131.12958476403114,115.68190276425736,140.4364580244676
456.8027503276526,610.2237252537324,131.9152771479581,116.75687515476858,140.77171879182617
465.0098458232047,610.9002064668875,133.8480304416463,118.77953039764876,141.93959579783427
473.3643931815676,611.564748264204,135.74667200416127,120.76648720342031,143.08686059916917
481.86904158013493,615.8317525681971,136.43759588779372,121.49872418172662,144.84472621277357
490.52648779244754,621.7771281100081,136.54657527522912,121.62623740989649,146.87766792393745
499.3394770433284,627.6175719707396,136.65363125341202,121.75150011960919,148.87472964908713
508.3108038793729,628.0149738039021,137.16423428510524,123.12553371101794,149.19599259060604
517.4433130550874,628.0154268324981,137.69543133530655,124.45390657762097,149.3917890100232
526.7399004349394,628.0164171537009,138.1992175305898,125.91098065628046,149.57631324765632
536.2035139116235,628.0274779522548,138.36044953834258,126.04273634374829,149.6129735001801
545.8371543408166,628.0383435355229,138.51883591498466,126.16584759294378,149.6489867251281
555.6438764927351,628.3179493514702,138.68040691347665,126.3048876145076,149.68385433808507
565.6267900207814,646.6542812940476,139.2407492579886,127.65718969962234,149.85565228266842
575.7890604475973,664.6669899227338,139.79120195570465,128.98562460761914,150.12791421762967
586.1339101688351,682.3617869606383,140.33193955191163,130.29061357733107,150.39537092164886
596.6646194749553,685.7819914582776,141.1675525553858,130.74058106550092,151.97865732668097
607.3845275913925,685.7819914582776,142.06167198357542,130.98239974649397,154.78517255720007
618.2970337373988,685.7819914582776,142.94001083508687,131.21995049848636,157.54215477524087
629.4055982039212,689.0407195165866,144.08997993534567,131.92868643016882,159.17270874129858
640.7137434508342,697.0850394392985,145.64638756300852,133.3314178688042,159.17270874129858
652.2250552238959,704.9873827945062,147.1753256948363,134.7093920878485,159.17270874129858
663.9431836917619,712.7502553682788,148.67727914801534,136.27061686011132,162.77362648946715
675.8718446034371,714.4723535163894,149.1265186031567,136.42457014996614,163.6524931419517
688.0148204665123,714.4723535163894,149.27377349496103,136.5022680055499,163.6524931419517
700.3759617465805,714.4723535163894,149.41842944188423,136.66090780434155,163.6524931419517
712.9591880881917,714.4723535163894,149.56053231346633,136.66090780434155,163.6524931419517
725.768489557751,714.4723535163894,149.5988196392734,137.50240021534043,163.84945477802577
738.8079279087476,714.4723535163895,149.62542649537437,138.19094182823173,164.0643355170006
752.0816378697068,714.4723535163895,149.65156375924906,138.19094182823173,164.27542376263375
765.5938284552947,714.4723535163896,149.6772397188683,138.55060202588803,164.48278644975187
779.3487843009649,718.4331108787577,149.81364451162997,138.67218388330414,164.8065326342523
793.350867021598,723.7070388887831,149.98646601243388,138.67218388330414,165.16648340424734
807.6045165945366,728.8878857926994,150.1562373357565,138.98640753438508,165.52008129726863
822.1142527674831,733.9772944062577,150.32301231507503,140.07146494935358,165.86743843710582
836.8846764916775,737.7630326805436,150.90182361599335,140.4364580244676,166.12581879501712
851.9204713808391,737.7630326805436,152.74181442807767,140.4364580244676,166.12581879501712
867.2264051963051,737.7630326805436,154.54933070131534,141.76421819167538,167.5174699700426
882.8073313588673,737.7630326805437,156.32494558835955,142.4152875136484,171.12939849722977
898.6681904877559,737.7630326805437,158.06922212621018,143.0548659217357,174.67757903589012
914.8140119672837,737.7750734776193,159.48588794224247,143.4594842246876,176.92227455713672
931.2499155416369,737.8082989020493,160.3500759032743,143.4594842246876,176.92227455713672
947.981112938309,737.840937921194,161.19901155688262,144.56975995028515,176.92227455713672
965.0129095207157,737.8730008846935,162.03296409553784,146.27087668740538,176.92227455713672
982.3507059704873,737.9044979595222,162.85219796062222,147.94196991503443,176.92227455713672
1000.0,738.0249822089891,163.6533768558615,149.01103307791556,176.94306130227656
