statistic,metric,model,period,historical,future,delta
annual_mean,total_damage_usd,canesm,ssp245cal,2959208477.090196,8690415828.255594,5731207351.165398
annual_mean,total_damage_usd,cnrm6,ssp245cal,7405384993.971297,59715610318.5075,52310225324.5362
annual_mean,total_damage_usd,ecearth6,ssp245cal,4607603880.672565,53446581460.958015,48838977580.285446
annual_mean,total_damage_usd,ipsl6,ssp245cal,1782140309.959675,30910330181.537575,29128189871.5779
annual_mean,total_damage_usd,miroc6,ssp245cal,7993216014.208818,11236013502.967104,3242797488.7582855
annual_mean,wind_insured_private_usd,canesm,ssp245cal,860827887.2945501,2499209119.503588,1638381232.2090383
annual_mean,wind_insured_private_usd,cnrm6,ssp245cal,2145990591.9249797,16807164873.88901,14661174281.96403
annual_mean,wind_insured_private_usd,ecearth6,ssp245cal,1292126074.7239578,15211749364.194807,13919623289.47085
annual_mean,wind_insured_private_usd,ipsl6,ssp245cal,506552117.28783846,8880955748.131166,8374403630.843328
annual_mean,wind_insured_private_usd,miroc6,ssp245cal,2257405896.883932,3241145163.1352124,983739266.2512803
annual_mean,wind_insured_citizens_usd,canesm,ssp245cal,154288020.43235102,442285702.14483476,287997681.71248376
annual_mean,wind_insured_citizens_usd,cnrm6,ssp245cal,446098687.58202636,3264621084.786543,2818522397.2045164
annual_mean,wind_insured_citizens_usd,ecearth6,ssp245cal,268091437.4296244,2931701712.7014017,2663610275.271777
annual_mean,wind_insured_citizens_usd,ipsl6,ssp245cal,103354070.71413511,1641329230.4480329,1537975159.7338977
annual_mean,wind_insured_citizens_usd,miroc6,ssp245cal,423495670.2309415,588894559.3045832,165398889.07364172
annual_mean,flood_insured_capped_usd,canesm,ssp245cal,80629474.99125698,278125974.7764558,197496499.78519884
annual_mean,flood_insured_capped_usd,cnrm6,ssp245cal,229590548.582075,1907095916.4773746,1677505367.8952994
annual_mean,flood_insured_capped_usd,ecearth6,ssp245cal,169049530.55790687,1712209089.936857,1543159559.37895
annual_mean,flood_insured_capped_usd,ipsl6,ssp245cal,57858539.5213564,943142746.7049915,885284207.1836351
annual_mean,flood_insured_capped_usd,miroc6,ssp245cal,254620823.35384625,336025191.2063885,81404367.85254222
annual_mean,wind_un_underinsured_usd,canesm,ssp245cal,1530581381.6365335,4368061670.470892,2837480288.834358
annual_mean,wind_un_underinsured_usd,cnrm6,ssp245cal,3742600423.0825,30283929236.159527,26541328813.077026
annual_mean,wind_un_underinsured_usd,ecearth6,ssp245cal,2307322560.0252852,26927775003.269,24620452443.243717
annual_mean,wind_un_underinsured_usd,ipsl6,ssp245cal,895117316.8231266,15435767028.641657,14540649711.818531
annual_mean,wind_un_underinsured_usd,miroc6,ssp245cal,4033758418.9286056,5656847664.877812,1623089245.9492068
annual_mean,flood_un_derinsured_usd,canesm,ssp245cal,332881712.73550415,1102733361.359821,769851648.6243169
annual_mean,flood_un_derinsured_usd,cnrm6,ssp245cal,841104742.7997162,7452799207.195063,6611694464.395347
annual_mean,flood_un_derinsured_usd,ecearth6,ssp245cal,571014277.9357911,6663146290.855947,6092132012.920156
annual_mean,flood_un_derinsured_usd,ipsl6,ssp245cal,219258265.61321825,4009135427.6117306,3789877161.9985123
annual_mean,flood_un_derinsured_usd,miroc6,ssp245cal,1023935204.8114947,1413100924.443106,389165719.6316112
annual_mean,residual_financing_requirement_usd,canesm,ssp245cal,164315986.31906086,744050462.8792437,579734476.5601828
annual_mean,residual_financing_requirement_usd,cnrm6,ssp245cal,675793044.612524,7530222343.435385,6854429298.822861
annual_mean,residual_financing_requirement_usd,ecearth6,ssp245cal,415831964.0032849,6360760283.943212,5944928319.939927
annual_mean,residual_financing_requirement_usd,ipsl6,ssp245cal,80662152.1751482,3417770885.6938543,3337108733.5187063
annual_mean,residual_financing_requirement_usd,miroc6,ssp245cal,784890713.2805752,1129013530.622033,344122817.34145796
annual_mean,fhcf_shortfall_usd,canesm,ssp245cal,0.0,0.0,0.0
annual_mean,fhcf_shortfall_usd,cnrm6,ssp245cal,0.0,0.0,0.0
annual_mean,fhcf_shortfall_usd,ecearth6,ssp245cal,0.0,0.0,0.0
annual_mean,fhcf_shortfall_usd,ipsl6,ssp245cal,0.0,0.0,0.0
annual_mean,fhcf_shortfall_usd,miroc6,ssp245cal,0.0,0.0,0.0
annual_mean,figa_residual_deficit_usd,canesm,ssp245cal,100037485.50736786,436408198.1679605,336370712.6605927
annual_mean,figa_residual_deficit_usd,cnrm6,ssp245cal,401340190.6112498,4475281370.245859,4073941179.634609
annual_mean,figa_residual_deficit_usd,ecearth6,ssp245cal,219327559.558011,3749427514.781808,3530099955.223797
annual_mean,figa_residual_deficit_usd,ipsl6,ssp245cal,44048236.37839707,2101744185.3026886,2057695948.9242916
annual_mean,figa_residual_deficit_usd,miroc6,ssp245cal,468492744.38464296,687907242.5572457,219414498.17260277
annual_mean,citizens_residual_deficit_usd,canesm,ssp245cal,45810854.363422304,180682686.62544322,134871832.26202092
annual_mean,citizens_residual_deficit_usd,cnrm6,ssp245cal,186903264.18961942,1890959241.5326242,1704055977.3430047
annual_mean,citizens_residual_deficit_usd,ecearth6,ssp245cal,113966954.14092486,1620454544.3905103,1506487590.2495854
annual_mean,citizens_residual_deficit_usd,ipsl6,ssp245cal,21747293.513710655,823120684.937455,801373391.4237444
annual_mean,citizens_residual_deficit_usd,miroc6,ssp245cal,192441433.07117152,279189067.99246943,86747634.92129791
annual_mean,nfip_borrowed_usd,canesm,ssp245cal,18467646.44827069,126959578.08583999,108491931.6375693
annual_mean,nfip_borrowed_usd,cnrm6,ssp245cal,87549589.81165476,1163981731.656901,1076432141.845246
annual_mean,nfip_borrowed_usd,ecearth6,ssp245cal,82537450.30434902,990878224.7708936,908340774.4665445
annual_mean,nfip_borrowed_usd,ipsl6,ssp245cal,14866622.283040473,492906015.45371044,478039393.17067
annual_mean,nfip_borrowed_usd,miroc6,ssp245cal,123956535.82476068,161917220.07231826,37960684.24755758
annual_mean,defaults_post,canesm,ssp245cal,0.4239,1.1261,0.7022000000000002
annual_mean,defaults_post,cnrm6,ssp245cal,0.9276,5.6009,4.6733
annual_mean,defaults_post,ecearth6,ssp245cal,0.5809,5.5094,4.9285000000000005
annual_mean,defaults_post,ipsl6,ssp245cal,0.2746,3.3093,3.0347
annual_mean,defaults_post,miroc6,ssp245cal,0.9142,1.272,0.3578
annual_mean,largest_entity_deficit_usd,canesm,ssp245cal,30388873.62875138,116026081.19929841,85637207.57054703
annual_mean,largest_entity_deficit_usd,cnrm6,ssp245cal,107437292.87592185,1076417721.5588934,968980428.6829716
annual_mean,largest_entity_deficit_usd,ecearth6,ssp245cal,58543120.311143704,918900575.28007,860357454.9689262
annual_mean,largest_entity_deficit_usd,ipsl6,ssp245cal,14459290.483598188,524139776.2479392,509680485.76434106
annual_mean,largest_entity_deficit_usd,miroc6,ssp245cal,119172621.72313103,175005172.59192622,55832550.86879519
annual_mean,fhcf_reimbursement_usd,canesm,ssp245cal,231744438.22654536,642036182.3134866,410291744.08694124
annual_mean,fhcf_reimbursement_usd,cnrm6,ssp245cal,547542517.976893,3413992488.0989003,2866449970.1220074
annual_mean,fhcf_reimbursement_usd,ecearth6,ssp245cal,327990832.5896987,3372895773.2741213,3044904940.6844225
annual_mean,fhcf_reimbursement_usd,ipsl6,ssp245cal,164483422.39055663,1965349049.6799884,1800865627.2894318
annual_mean,fhcf_reimbursement_usd,miroc6,ssp245cal,541750931.9592849,734448282.416168,192697350.45688307
annual_mean,fhcf_utilization,canesm,ssp245cal,0.013632025778032079,0.0377668342537345,0.02413480847570242
annual_mean,fhcf_utilization,cnrm6,ssp245cal,0.03220838341040547,0.20082308753522943,0.16861470412482396
annual_mean,fhcf_utilization,ecearth6,ssp245cal,0.019293578387629337,0.19840563372200712,0.1791120553343778
annual_mean,fhcf_utilization,ipsl6,ssp245cal,0.009675495434738625,0.11560876762823462,0.10593327219349599
annual_mean,fhcf_utilization,miroc6,ssp245cal,0.03186770187995794,0.043202840142127524,0.011335138262169586
annual_mean,citizens_assessment_stress,canesm,ssp245cal,0.05090684330114965,0.2007817872660393,0.14987494396488965
annual_mean,citizens_assessment_stress,cnrm6,ssp245cal,0.20769434045245208,2.101309114078063,1.893614773625611
annual_mean,citizens_assessment_stress,ecearth6,ssp245cal,0.12664461199382776,1.8007135364362363,1.6740689244424085
annual_mean,citizens_assessment_stress,ipsl6,ssp245cal,0.024166457458835996,0.91468444123808,0.8905179837792441
annual_mean,citizens_assessment_stress,miroc6,ssp245cal,0.21384857397082063,0.3102459959147747,0.09639742194395406
annual_mean,figa_unfunded_share,canesm,ssp245cal,0.3985366261159084,0.48425181011339985,0.08571518399749145
annual_mean,figa_unfunded_share,cnrm6,ssp245cal,0.4900940190583161,0.6300231821440482,0.13992916308573206
annual_mean,figa_unfunded_share,ecearth6,ssp245cal,0.4508260197638289,0.6237796599264834,0.17295364016265452
annual_mean,figa_unfunded_share,ipsl6,ssp245cal,0.4271120751781421,0.5665800264410189,0.1394679512628768
annual_mean,figa_unfunded_share,miroc6,ssp245cal,0.5254622225401544,0.5162766430936135,-0.009185579446540859
annual_mean,nfip_florida_stress,canesm,ssp245cal,0.05776355621129578,0.19925151911956882,0.14148796290827304
annual_mean,nfip_florida_stress,cnrm6,ssp245cal,0.16448037842291516,1.3662577138660357,1.2017773354431205
annual_mean,nfip_florida_stress,ecearth6,ssp245cal,0.1211083423516483,1.2266393403006006,1.1055309979489523
annual_mean,nfip_florida_stress,ipsl6,ssp245cal,0.04145028849943211,0.675674485918172,0.6342241974187399
annual_mean,nfip_florida_stress,miroc6,ssp245cal,0.18241225363257227,0.24073094885916535,0.05831869522659308
annual_exceedance_probability,defaults_gt10,canesm,ssp245cal,0.0162,0.0428,0.0266
annual_exceedance_probability,defaults_gt10,cnrm6,ssp245cal,0.0356,0.2351,0.1995
annual_exceedance_probability,defaults_gt10,ecearth6,ssp245cal,0.0214,0.2377,0.2163
annual_exceedance_probability,defaults_gt10,ipsl6,ssp245cal,0.0107,0.1345,0.12380000000000001
annual_exceedance_probability,defaults_gt10,miroc6,ssp245cal,0.0361,0.051,0.014899999999999997
annual_exceedance_probability,single_deficit_gt1b,canesm,ssp245cal,0.007,0.0233,0.016300000000000002
annual_exceedance_probability,single_deficit_gt1b,cnrm6,ssp245cal,0.0208,0.1632,0.14240000000000003
annual_exceedance_probability,single_deficit_gt1b,ecearth6,ssp245cal,0.0114,0.1549,0.14350000000000002
annual_exceedance_probability,single_deficit_gt1b,ipsl6,ssp245cal,0.0044,0.0927,0.0883
annual_exceedance_probability,single_deficit_gt1b,miroc6,ssp245cal,0.0224,0.0311,0.0087
annual_exceedance_probability,fhcf_capacity_exhausted,canesm,ssp245cal,0.0,0.0,0.0
annual_exceedance_probability,fhcf_capacity_exhausted,cnrm6,ssp245cal,0.0,0.0,0.0
annual_exceedance_probability,fhcf_capacity_exhausted,ecearth6,ssp245cal,0.0,0.0,0.0
annual_exceedance_probability,fhcf_capacity_exhausted,ipsl6,ssp245cal,0.0,0.0,0.0
annual_exceedance_probability,fhcf_capacity_exhausted,miroc6,ssp245cal,0.0,0.0,0.0
annual_exceedance_probability,figa_residual_positive,canesm,ssp245cal,0.0299,0.0789,0.049
annual_exceedance_probability,figa_residual_positive,cnrm6,ssp245cal,0.0627,0.3319,0.2692
annual_exceedance_probability,figa_residual_positive,ecearth6,ssp245cal,0.0406,0.3372,0.2966
annual_exceedance_probability,figa_residual_positive,ipsl6,ssp245cal,0.0194,0.2053,0.1859
annual_exceedance_probability,figa_residual_positive,miroc6,ssp245cal,0.0591,0.0823,0.0232
annual_exceedance_probability,citizens_residual_positive,canesm,ssp245cal,0.0301,0.0667,0.036599999999999994
annual_exceedance_probability,citizens_residual_positive,cnrm6,ssp245cal,0.0657,0.3116,0.2459
annual_exceedance_probability,citizens_residual_positive,ecearth6,ssp245cal,0.0422,0.3164,0.2742
annual_exceedance_probability,citizens_residual_positive,ipsl6,ssp245cal,0.0224,0.1987,0.17629999999999998
annual_exceedance_probability,citizens_residual_positive,miroc6,ssp245cal,0.0563,0.0794,0.023099999999999996
annual_exceedance_probability,nfip_claims_gt2premium,canesm,ssp245cal,0.007,0.021,0.014000000000000002
annual_exceedance_probability,nfip_claims_gt2premium,cnrm6,ssp245cal,0.0212,0.1423,0.12110000000000001
annual_exceedance_probability,nfip_claims_gt2premium,ecearth6,ssp245cal,0.0117,0.1309,0.11919999999999999
annual_exceedance_probability,nfip_claims_gt2premium,ipsl6,ssp245cal,0.0047,0.0819,0.0772
annual_exceedance_probability,nfip_claims_gt2premium,miroc6,ssp245cal,0.0213,0.0261,0.004800000000000002
annual_exceedance_probability,rfr_gt1pct_gdp,canesm,ssp245cal,0.0016,0.01,0.0084
annual_exceedance_probability,rfr_gt1pct_gdp,cnrm6,ssp245cal,0.0121,0.1094,0.0973
annual_exceedance_probability,rfr_gt1pct_gdp,ecearth6,ssp245cal,0.0055,0.0887,0.0832
annual_exceedance_probability,rfr_gt1pct_gdp,ipsl6,ssp245cal,0.001,0.0534,0.0524
annual_exceedance_probability,rfr_gt1pct_gdp,miroc6,ssp245cal,0.0127,0.0164,0.003700000000000002
annual_exceedance_probability,rfr_gt10pct_gdp,canesm,ssp245cal,0.0,0.0,0.0
annual_exceedance_probability,rfr_gt10pct_gdp,cnrm6,ssp245cal,0.0002,0.0044,0.004200000000000001
annual_exceedance_probability,rfr_gt10pct_gdp,ecearth6,ssp245cal,0.0,0.0047,0.0047
annual_exceedance_probability,rfr_gt10pct_gdp,ipsl6,ssp245cal,0.0,0.0006,0.0006
annual_exceedance_probability,rfr_gt10pct_gdp,miroc6,ssp245cal,0.0002,0.0006,0.00039999999999999996
annual_mean,total_damage_usd,canesm,ssp585cal,2959208477.090196,20063933928.236874,17104725451.146677
annual_mean,total_damage_usd,cnrm6,ssp585cal,7405384993.971297,72418826831.72807,65013441837.756775
annual_mean,total_damage_usd,ecearth6,ssp585cal,4607603880.672565,72127576362.40935,67519972481.736786
annual_mean,total_damage_usd,ipsl6,ssp585cal,1782140309.959675,36548888412.56193,34766748102.60225
annual_mean,total_damage_usd,miroc6,ssp585cal,7993216014.208818,9647124619.006042,1653908604.797224
annual_mean,wind_insured_private_usd,canesm,ssp585cal,860827887.2945501,5717282504.689558,4856454617.395008
annual_mean,wind_insured_private_usd,cnrm6,ssp585cal,2145990591.9249797,20365474121.97205,18219483530.04707
annual_mean,wind_insured_private_usd,ecearth6,ssp585cal,1292126074.7239578,20525433618.207214,19233307543.483257
annual_mean,wind_insured_private_usd,ipsl6,ssp585cal,506552117.28783846,10403577872.412727,9897025755.12489
annual_mean,wind_insured_private_usd,miroc6,ssp585cal,2257405896.883932,2827622220.557054,570216323.6731219
annual_mean,wind_insured_citizens_usd,canesm,ssp585cal,154288020.43235102,1030101858.8257213,875813838.3933703
annual_mean,wind_insured_citizens_usd,cnrm6,ssp585cal,446098687.58202636,3916723743.8253202,3470625056.243294
annual_mean,wind_insured_citizens_usd,ecearth6,ssp585cal,268091437.4296244,3889799591.84825,3621708154.4186254
annual_mean,wind_insured_citizens_usd,ipsl6,ssp585cal,103354070.71413511,1969163959.5057359,1865809888.7916007
annual_mean,wind_insured_citizens_usd,miroc6,ssp585cal,423495670.2309415,479584046.23215234,56088376.00121087
annual_mean,flood_insured_capped_usd,canesm,ssp585cal,80629474.99125698,562196749.5882598,481567274.59700286
annual_mean,flood_insured_capped_usd,cnrm6,ssp585cal,229590548.582075,2298237090.0568037,2068646541.4747286
annual_mean,flood_insured_capped_usd,ecearth6,ssp585cal,169049530.55790687,2252994063.721445,2083944533.1635382
annual_mean,flood_insured_capped_usd,ipsl6,ssp585cal,57858539.5213564,1065541161.2599441,1007682621.7385877
annual_mean,flood_insured_capped_usd,miroc6,ssp585cal,254620823.35384625,258423176.906721,3802353.552874744
annual_mean,wind_un_underinsured_usd,canesm,ssp585cal,1530581381.6365335,10224606494.805513,8694025113.16898
annual_mean,wind_un_underinsured_usd,cnrm6,ssp585cal,3742600423.0825,36712007481.59591,32969407058.51341
annual_mean,wind_un_underinsured_usd,ecearth6,ssp585cal,2307322560.0252852,36398146542.392456,34090823982.367172
annual_mean,wind_un_underinsured_usd,ipsl6,ssp585cal,895117316.8231266,18671756106.027397,17776638789.20427
annual_mean,wind_un_underinsured_usd,miroc6,ssp585cal,4033758418.9286056,4885381402.571913,851622983.6433072
annual_mean,flood_un_derinsured_usd,canesm,ssp585cal,332881712.73550415,2529746320.3278203,2196864607.592316
annual_mean,flood_un_derinsured_usd,cnrm6,ssp585cal,841104742.7997162,9126384394.27799,8285279651.478274
annual_mean,flood_un_derinsured_usd,ecearth6,ssp585cal,571014277.9357911,9061202546.239988,8490188268.304197
annual_mean,flood_un_derinsured_usd,ipsl6,ssp585cal,219258265.61321825,4438849313.356117,4219591047.742899
annual_mean,flood_un_derinsured_usd,miroc6,ssp585cal,1023935204.8114947,1196113772.7382023,172178567.92670763
annual_mean,residual_financing_requirement_usd,canesm,ssp585cal,164315986.31906086,2423776341.06455,2259460354.745489
annual_mean,residual_financing_requirement_usd,cnrm6,ssp585cal,675793044.612524,9511498625.624197,8835705581.011673
annual_mean,residual_financing_requirement_usd,ecearth6,ssp585cal,415831964.0032849,8964076300.055647,8548244336.052362
annual_mean,residual_financing_requirement_usd,ipsl6,ssp585cal,80662152.1751482,3934096656.518705,3853434504.343557
annual_mean,residual_financing_requirement_usd,miroc6,ssp585cal,784890713.2805752,842292378.464059,57401665.18348384
annual_mean,fhcf_shortfall_usd,canesm,ssp585cal,0.0,0.0,0.0
annual_mean,fhcf_shortfall_usd,cnrm6,ssp585cal,0.0,0.0,0.0
annual_mean,fhcf_shortfall_usd,ecearth6,ssp585cal,0.0,0.0,0.0
annual_mean,fhcf_shortfall_usd,ipsl6,ssp585cal,0.0,0.0,0.0
annual_mean,fhcf_shortfall_usd,miroc6,ssp585cal,0.0,0.0,0.0
annual_mean,figa_residual_deficit_usd,canesm,ssp585cal,100037485.50736786,1516620750.101814,1416583264.5944462
annual_mean,figa_residual_deficit_usd,cnrm6,ssp585cal,401340190.6112498,5674163273.438457,5272823082.827207
annual_mean,figa_residual_deficit_usd,ecearth6,ssp585cal,219327559.558011,5398257905.035567,5178930345.477556
annual_mean,figa_residual_deficit_usd,ipsl6,ssp585cal,44048236.37839707,2411317531.766594,2367269295.388197
annual_mean,figa_residual_deficit_usd,miroc6,ssp585cal,468492744.38464296,549370956.3103178,80878211.9256748
annual_mean,citizens_residual_deficit_usd,canesm,ssp585cal,45810854.363422304,586018150.4748524,540207296.1114302
annual_mean,citizens_residual_deficit_usd,cnrm6,ssp585cal,186903264.18961942,2374247474.1905603,2187344210.000941
annual_mean,citizens_residual_deficit_usd,ecearth6,ssp585cal,113966954.14092486,2232395465.6928463,2118428511.5519214
annual_mean,citizens_residual_deficit_usd,ipsl6,ssp585cal,21747293.513710655,991222019.4297321,969474725.9160215
annual_mean,citizens_residual_deficit_usd,miroc6,ssp585cal,192441433.07117152,193159249.2280168,717816.1568452716
annual_mean,nfip_borrowed_usd,canesm,ssp585cal,18467646.44827069,321137440.4878832,302669794.03961253
annual_mean,nfip_borrowed_usd,cnrm6,ssp585cal,87549589.81165476,1463087877.995182,1375538288.1835272
annual_mean,nfip_borrowed_usd,ecearth6,ssp585cal,82537450.30434902,1333422929.3272347,1250885479.0228858
annual_mean,nfip_borrowed_usd,ipsl6,ssp585cal,14866622.283040473,531557105.32237864,516690483.0393382
annual_mean,nfip_borrowed_usd,miroc6,ssp585cal,123956535.82476068,99762172.92572452,-24194362.899036154
annual_mean,defaults_post,canesm,ssp585cal,0.4239,1.8548,1.4309
annual_mean,defaults_post,cnrm6,ssp585cal,0.9276,6.3529,5.4253
annual_mean,defaults_post,ecearth6,ssp585cal,0.5809,6.9288,6.3479
annual_mean,defaults_post,ipsl6,ssp585cal,0.2746,3.9664,3.6918
annual_mean,defaults_post,miroc6,ssp585cal,0.9142,1.1706,0.2564000000000001
annual_mean,largest_entity_deficit_usd,canesm,ssp585cal,30388873.62875138,365765768.02088565,335376894.39213425
annual_mean,largest_entity_deficit_usd,cnrm6,ssp585cal,107437292.87592185,1349993717.8064437,1242556424.930522
annual_mean,largest_entity_deficit_usd,ecearth6,ssp585cal,58543120.311143704,1303056251.828058,1244513131.5169144
annual_mean,largest_entity_deficit_usd,ipsl6,ssp585cal,14459290.483598188,600962526.6761131,586503236.1925149
annual_mean,largest_entity_deficit_usd,miroc6,ssp585cal,119172621.72313103,141485178.17110404,22312556.447973013
annual_mean,fhcf_reimbursement_usd,canesm,ssp585cal,231744438.22654536,1069956270.5209882,838211832.2944429
annual_mean,fhcf_reimbursement_usd,cnrm6,ssp585cal,547542517.976893,3881007726.9272156,3333465208.9503226
annual_mean,fhcf_reimbursement_usd,ecearth6,ssp585cal,327990832.5896987,4200406756.59543,3872415924.005731
annual_mean,fhcf_reimbursement_usd,ipsl6,ssp585cal,164483422.39055663,2464013841.137307,2299530418.7467504
annual_mean,fhcf_reimbursement_usd,miroc6,ssp585cal,541750931.9592849,657454707.9302869,115703775.97100198
annual_mean,fhcf_utilization,canesm,ssp585cal,0.013632025778032079,0.06293860414829341,0.04930657837026134
annual_mean,fhcf_utilization,cnrm6,ssp585cal,0.03220838341040547,0.22829457217218915,0.1960861887617837
annual_mean,fhcf_utilization,ecearth6,ssp585cal,0.019293578387629337,0.24708275038796645,0.2277891720003371
annual_mean,fhcf_utilization,ipsl6,ssp585cal,0.009675495434738625,0.14494199065513574,0.13526649522039713
annual_mean,fhcf_utilization,miroc6,ssp585cal,0.03186770187995794,0.0386738063488404,0.006806104468882461
annual_mean,citizens_assessment_stress,canesm,ssp585cal,0.05090684330114965,0.6512066751951364,0.6002998318939867
annual_mean,citizens_assessment_stress,cnrm6,ssp585cal,0.20769434045245208,2.638358218948089,2.430663878495637
annual_mean,citizens_assessment_stress,ecearth6,ssp585cal,0.12664461199382776,2.480726625543181,2.354082013549353
annual_mean,citizens_assessment_stress,ipsl6,ssp585cal,0.024166457458835996,1.1014853296438036,1.0773188721849676
annual_mean,citizens_assessment_stress,miroc6,ssp585cal,0.21384857397082063,0.21464623983240153,0.0007976658615808929
annual_mean,figa_unfunded_share,canesm,ssp585cal,0.3985366261159084,0.5544760525364227,0.15593942642051434
annual_mean,figa_unfunded_share,cnrm6,ssp585cal,0.4900940190583161,0.6456432957190344,0.15554927666071833
annual_mean,figa_unfunded_share,ecearth6,ssp585cal,0.4508260197638289,0.6244538488997289,0.17362782913589997
annual_mean,figa_unfunded_share,ipsl6,ssp585cal,0.4271120751781421,0.6122498614210579,0.18513778624291577
annual_mean,figa_unfunded_share,miroc6,ssp585cal,0.5254622225401544,0.4609389337656611,-0.06452328877449331
annual_mean,nfip_florida_stress,canesm,ssp585cal,0.05776355621129578,0.4027619372465289,0.34499838103523317
annual_mean,nfip_florida_stress,cnrm6,ssp585cal,0.16448037842291516,1.6464741628638428,1.4819937844409277
annual_mean,nfip_florida_stress,ecearth6,ssp585cal,0.1211083423516483,1.6140617219397888,1.4929533795881405
annual_mean,nfip_florida_stress,ipsl6,ssp585cal,0.04145028849943211,0.763361621423955,0.7219113329245229
annual_mean,nfip_florida_stress,miroc6,ssp585cal,0.18241225363257227,0.18513628802831295,0.0027240343957406765
annual_exceedance_probability,defaults_gt10,canesm,ssp585cal,0.0162,0.0716,0.0554
annual_exceedance_probability,defaults_gt10,cnrm6,ssp585cal,0.0356,0.2711,0.23550000000000001
annual_exceedance_probability,defaults_gt10,ecearth6,ssp585cal,0.0214,0.2943,0.27290000000000003
annual_exceedance_probability,defaults_gt10,ipsl6,ssp585cal,0.0107,0.1726,0.16190000000000002
annual_exceedance_probability,defaults_gt10,miroc6,ssp585cal,0.0361,0.0444,0.008300000000000002
annual_exceedance_probability,single_deficit_gt1b,canesm,ssp585cal,0.007,0.0493,0.0423
annual_exceedance_probability,single_deficit_gt1b,cnrm6,ssp585cal,0.0208,0.1911,0.1703
annual_exceedance_probability,single_deficit_gt1b,ecearth6,ssp585cal,0.0114,0.2001,0.1887
annual_exceedance_probability,single_deficit_gt1b,ipsl6,ssp585cal,0.0044,0.1085,0.1041
annual_exceedance_probability,single_deficit_gt1b,miroc6,ssp585cal,0.0224,0.024,0.0016000000000000007
annual_exceedance_probability,fhcf_capacity_exhausted,canesm,ssp585cal,0.0,0.0,0.0
annual_exceedance_probability,fhcf_capacity_exhausted,cnrm6,ssp585cal,0.0,0.0,0.0
annual_exceedance_probability,fhcf_capacity_exhausted,ecearth6,ssp585cal,0.0,0.0,0.0
annual_exceedance_probability,fhcf_capacity_exhausted,ipsl6,ssp585cal,0.0,0.0,0.0
annual_exceedance_probability,fhcf_capacity_exhausted,miroc6,ssp585cal,0.0,0.0,0.0
annual_exceedance_probability,figa_residual_positive,canesm,ssp585cal,0.0299,0.1137,0.0838
annual_exceedance_probability,figa_residual_positive,cnrm6,ssp585cal,0.0627,0.3672,0.3045
annual_exceedance_probability,figa_residual_positive,ecearth6,ssp585cal,0.0406,0.4155,0.3749
annual_exceedance_probability,figa_residual_positive,ipsl6,ssp585cal,0.0194,0.2462,0.2268
annual_exceedance_probability,figa_residual_positive,miroc6,ssp585cal,0.0591,0.079,0.0199
annual_exceedance_probability,citizens_residual_positive,canesm,ssp585cal,0.0301,0.1044,0.0743
annual_exceedance_probability,citizens_residual_positive,cnrm6,ssp585cal,0.0657,0.3459,0.2802
annual_exceedance_probability,citizens_residual_positive,ecearth6,ssp585cal,0.0422,0.3877,0.3455
annual_exceedance_probability,citizens_residual_positive,ipsl6,ssp585cal,0.0224,0.2326,0.2102
annual_exceedance_probability,citizens_residual_positive,miroc6,ssp585cal,0.0563,0.0714,0.015100000000000002
annual_exceedance_probability,nfip_claims_gt2premium,canesm,ssp585cal,0.007,0.0422,0.0352
annual_exceedance_probability,nfip_claims_gt2premium,cnrm6,ssp585cal,0.0212,0.1622,0.14100000000000001
annual_exceedance_probability,nfip_claims_gt2premium,ecearth6,ssp585cal,0.0117,0.1709,0.1592
annual_exceedance_probability,nfip_claims_gt2premium,ipsl6,ssp585cal,0.0047,0.0947,0.09000000000000001
annual_exceedance_probability,nfip_claims_gt2premium,miroc6,ssp585cal,0.0213,0.0218,0.0005000000000000004
annual_exceedance_probability,rfr_gt1pct_gdp,canesm,ssp585cal,0.0016,0.0346,0.033
annual_exceedance_probability,rfr_gt1pct_gdp,cnrm6,ssp585cal,0.0121,0.1205,0.1084
annual_exceedance_probability,rfr_gt1pct_gdp,ecearth6,ssp585cal,0.0055,0.121,0.11549999999999999
annual_exceedance_probability,rfr_gt1pct_gdp,ipsl6,ssp585cal,0.001,0.0633,0.062299999999999994
annual_exceedance_probability,rfr_gt1pct_gdp,miroc6,ssp585cal,0.0127,0.0129,0.00020000000000000052
annual_exceedance_probability,rfr_gt10pct_gdp,canesm,ssp585cal,0.0,0.0012,0.0012
annual_exceedance_probability,rfr_gt10pct_gdp,cnrm6,ssp585cal,0.0002,0.0087,0.008499999999999999
annual_exceedance_probability,rfr_gt10pct_gdp,ecearth6,ssp585cal,0.0,0.0059,0.0059
annual_exceedance_probability,rfr_gt10pct_gdp,ipsl6,ssp585cal,0.0,0.0013,0.0013
annual_exceedance_probability,rfr_gt10pct_gdp,miroc6,ssp585cal,0.0002,0.0,-0.0002
annual_mean,total_damage_usd,canesm,ssp245_2cal,2959208477.090196,19018895258.75815,16059686781.667952
annual_mean,total_damage_usd,cnrm6,ssp245_2cal,7405384993.971297,66220370868.10787,58814985874.13657
annual_mean,total_damage_usd,ecearth6,ssp245_2cal,4607603880.672565,61881729412.25239,57274125531.57982
annual_mean,total_damage_usd,ipsl6,ssp245_2cal,1782140309.959675,47341379659.77397,45559239349.81429
annual_mean,total_damage_usd,miroc6,ssp245_2cal,7993216014.208818,12222565577.579012,4229349563.3701935
annual_mean,wind_insured_private_usd,canesm,ssp245_2cal,860827887.2945501,5520101921.5518675,4659274034.257318
annual_mean,wind_insured_private_usd,cnrm6,ssp245_2cal,2145990591.9249797,18961510215.42154,16815519623.49656
annual_mean,wind_insured_private_usd,ecearth6,ssp245_2cal,1292126074.7239578,17705846107.37243,16413720032.648472
annual_mean,wind_insured_private_usd,ipsl6,ssp245_2cal,506552117.28783846,13546812645.362225,13040260528.074387
annual_mean,wind_insured_private_usd,miroc6,ssp245_2cal,2257405896.883932,3551371946.6547947,1293966049.7708626
annual_mean,wind_insured_citizens_usd,canesm,ssp245_2cal,154288020.43235102,955669337.6555686,801381317.2232176
annual_mean,wind_insured_citizens_usd,cnrm6,ssp245_2cal,446098687.58202636,3497975251.2538667,3051876563.67184
annual_mean,wind_insured_citizens_usd,ecearth6,ssp245_2cal,268091437.4296244,3197925525.0274873,2929834087.5978627
annual_mean,wind_insured_citizens_usd,ipsl6,ssp245_2cal,103354070.71413511,2433937641.935449,2330583571.221314
annual_mean,wind_insured_citizens_usd,miroc6,ssp245_2cal,423495670.2309415,628497110.1337013,205001439.90275985
annual_mean,flood_insured_capped_usd,canesm,ssp245_2cal,80629474.99125698,496308982.0743668,415679507.08310986
annual_mean,flood_insured_capped_usd,cnrm6,ssp245_2cal,229590548.582075,1904926196.5830398,1675335648.0009646
annual_mean,flood_insured_capped_usd,ecearth6,ssp245_2cal,169049530.55790687,1859263019.3389204,1690213488.7810135
annual_mean,flood_insured_capped_usd,ipsl6,ssp245_2cal,57858539.5213564,1318537957.0544262,1260679417.5330698
annual_mean,flood_insured_capped_usd,miroc6,ssp245_2cal,254620823.35384625,332311329.75324786,77690506.3994016
annual_mean,wind_un_underinsured_usd,canesm,ssp245_2cal,1530581381.6365335,9715104834.56466,8184523452.928125
annual_mean,wind_un_underinsured_usd,cnrm6,ssp245_2cal,3742600423.0825,33697916147.73976,29955315724.65726
annual_mean,wind_un_underinsured_usd,ecearth6,ssp245_2cal,2307322560.0252852,31458769418.38435,29151446858.359066
annual_mean,wind_un_underinsured_usd,ipsl6,ssp245_2cal,895117316.8231266,24041069853.578087,23145952536.75496
annual_mean,wind_un_underinsured_usd,miroc6,ssp245_2cal,4033758418.9286056,6176626068.954397,2142867650.0257916
annual_mean,flood_un_derinsured_usd,canesm,ssp245_2cal,332881712.73550415,2331710182.911685,1998828470.1761808
annual_mean,flood_un_derinsured_usd,cnrm6,ssp245_2cal,841104742.7997162,8158043057.109666,7316938314.30995
annual_mean,flood_un_derinsured_usd,ecearth6,ssp245_2cal,571014277.9357911,7659925342.129207,7088911064.193416
annual_mean,flood_un_derinsured_usd,ipsl6,ssp245_2cal,219258265.61321825,6001021561.843791,5781763296.230573
annual_mean,flood_un_derinsured_usd,miroc6,ssp245_2cal,1023935204.8114947,1533759122.0828707,509823917.271376
annual_mean,residual_financing_requirement_usd,canesm,ssp245_2cal,164315986.31906086,2162568576.8686786,1998252590.5496178
annual_mean,residual_financing_requirement_usd,cnrm6,ssp245_2cal,675793044.612524,8241251488.5392065,7565458443.926682
annual_mean,residual_financing_requirement_usd,ecearth6,ssp245_2cal,415831964.0032849,7535630989.89807,7119799025.894786
annual_mean,residual_financing_requirement_usd,ipsl6,ssp245_2cal,80662152.1751482,5161503349.26192,5080841197.086772
annual_mean,residual_financing_requirement_usd,miroc6,ssp245_2cal,784890713.2805752,1143873907.1431317,358983193.8625566
annual_mean,fhcf_shortfall_usd,canesm,ssp245_2cal,0.0,0.0,0.0
annual_mean,fhcf_shortfall_usd,cnrm6,ssp245_2cal,0.0,0.0,0.0
annual_mean,fhcf_shortfall_usd,ecearth6,ssp245_2cal,0.0,0.0,0.0
annual_mean,fhcf_shortfall_usd,ipsl6,ssp245_2cal,0.0,0.0,0.0
annual_mean,fhcf_shortfall_usd,miroc6,ssp245_2cal,0.0,0.0,0.0
annual_mean,figa_residual_deficit_usd,canesm,ssp245_2cal,100037485.50736786,1410592864.5718832,1310555379.0645154
annual_mean,figa_residual_deficit_usd,cnrm6,ssp245_2cal,401340190.6112498,5163771728.822637,4762431538.211387
annual_mean,figa_residual_deficit_usd,ecearth6,ssp245_2cal,219327559.558011,4664588128.995516,4445260569.437505
annual_mean,figa_residual_deficit_usd,ipsl6,ssp245_2cal,44048236.37839707,3323232350.241924,3279184113.863527
annual_mean,figa_residual_deficit_usd,miroc6,ssp245_2cal,468492744.38464296,734431004.8562908,265938260.47164786
annual_mean,citizens_residual_deficit_usd,canesm,ssp245_2cal,45810854.363422304,502282799.32854295,456471944.9651207
annual_mean,citizens_residual_deficit_usd,cnrm6,ssp245_2cal,186903264.18961942,1984666464.5565422,1797763200.3669229
annual_mean,citizens_residual_deficit_usd,ecearth6,ssp245_2cal,113966954.14092486,1781523939.9370306,1667556985.7961056
annual_mean,citizens_residual_deficit_usd,ipsl6,ssp245_2cal,21747293.513710655,1182275892.2917228,1160528598.778012
annual_mean,citizens_residual_deficit_usd,miroc6,ssp245_2cal,192441433.07117152,273465355.5120297,81023922.44085819
annual_mean,nfip_borrowed_usd,canesm,ssp245_2cal,18467646.44827069,249692912.96825233,231225266.51998165
annual_mean,nfip_borrowed_usd,cnrm6,ssp245_2cal,87549589.81165476,1092813295.1600273,1005263705.3483725
annual_mean,nfip_borrowed_usd,ecearth6,ssp245_2cal,82537450.30434902,1089518920.965525,1006981470.6611758
annual_mean,nfip_borrowed_usd,ipsl6,ssp245_2cal,14866622.283040473,655995106.728273,641128484.4452325
annual_mean,nfip_borrowed_usd,miroc6,ssp245_2cal,123956535.82476068,135977546.7748114,12021010.950050712
annual_mean,defaults_post,canesm,ssp245_2cal,0.4239,1.8564,1.4325
annual_mean,defaults_post,cnrm6,ssp245_2cal,0.9276,6.1295,5.2019
annual_mean,defaults_post,ecearth6,ssp245_2cal,0.5809,5.9634,5.3825
annual_mean,defaults_post,ipsl6,ssp245_2cal,0.2746,4.9094,4.634799999999999
annual_mean,defaults_post,miroc6,ssp245_2cal,0.9142,1.4444,0.5301999999999999
annual_mean,largest_entity_deficit_usd,canesm,ssp245_2cal,30388873.62875138,340755832.03733367,310366958.40858227
annual_mean,largest_entity_deficit_usd,cnrm6,ssp245_2cal,107437292.87592185,1239844647.7608774,1132407354.8849554
annual_mean,largest_entity_deficit_usd,ecearth6,ssp245_2cal,58543120.311143704,1124528501.6582723,1065985381.3471285
annual_mean,largest_entity_deficit_usd,ipsl6,ssp245_2cal,14459290.483598188,816392504.648868,801933214.1652697
annual_mean,largest_entity_deficit_usd,miroc6,ssp245_2cal,119172621.72313103,186914136.33670402,67741514.61357298
annual_mean,fhcf_reimbursement_usd,canesm,ssp245_2cal,231744438.22654536,1107340055.4507275,875595617.2241821
annual_mean,fhcf_reimbursement_usd,cnrm6,ssp245_2cal,547542517.976893,3763426441.2353873,3215883923.2584944
annual_mean,fhcf_reimbursement_usd,ecearth6,ssp245_2cal,327990832.5896987,3587358477.693161,3259367645.103462
annual_mean,fhcf_reimbursement_usd,ipsl6,ssp245_2cal,164483422.39055663,3040014296.8825936,2875530874.492037
annual_mean,fhcf_reimbursement_usd,miroc6,ssp245_2cal,541750931.9592849,836484803.2853969,294733871.32611203
annual_mean,fhcf_utilization,canesm,ssp245_2cal,0.013632025778032079,0.06513765032063104,0.051505624542598966
annual_mean,fhcf_utilization,cnrm6,ssp245_2cal,0.03220838341040547,0.22137802595502282,0.18916964254461735
annual_mean,fhcf_utilization,ecearth6,ssp245_2cal,0.019293578387629337,0.21102108692312713,0.1917275085354978
annual_mean,fhcf_utilization,ipsl6,ssp245_2cal,0.009675495434738625,0.17882437040485846,0.16914887497011985
annual_mean,fhcf_utilization,miroc6,ssp245_2cal,0.03186770187995794,0.049204988428552754,0.017337286548594816
annual_mean,citizens_assessment_stress,canesm,ssp245_2cal,0.05090684330114965,0.5581566227827659,0.5072497794816162
annual_mean,citizens_assessment_stress,cnrm6,ssp245_2cal,0.20769434045245208,2.2054403071097592,1.9977459666573072
annual_mean,citizens_assessment_stress,ecearth6,ssp245_2cal,0.12664461199382776,1.9797002546198745,1.8530556426260467
annual_mean,citizens_assessment_stress,ipsl6,ssp245_2cal,0.024166457458835996,1.3137919915258576,1.2896255340670215
annual_mean,citizens_assessment_stress,miroc6,ssp245_2cal,0.21384857397082063,0.30388557897011215,0.09003700499929151
annual_mean,figa_unfunded_share,canesm,ssp245_2cal,0.3985366261159084,0.5748911162082253,0.1763544900923169
annual_mean,figa_unfunded_share,cnrm6,ssp245_2cal,0.4900940190583161,0.6431731182323368,0.15307909917402068
annual_mean,figa_unfunded_share,ecearth6,ssp245_2cal,0.4508260197638289,0.615672152930264,0.1648461331664351
annual_mean,figa_unfunded_share,ipsl6,ssp245_2cal,0.4271120751781421,0.6067766824743119,0.17966460729616984
annual_mean,figa_unfunded_share,miroc6,ssp245_2cal,0.5254622225401544,0.5155589067311017,-0.009903315809052682
annual_mean,nfip_florida_stress,canesm,ssp245_2cal,0.05776355621129578,0.35555945003154665,0.29779589382025085
annual_mean,nfip_florida_stress,cnrm6,ssp245_2cal,0.16448037842291516,1.3647033103790633,1.2002229319561482
annual_mean,nfip_florida_stress,ecearth6,ssp245_2cal,0.1211083423516483,1.331989870215735,1.2108815278640865
annual_mean,nfip_florida_stress,ipsl6,ssp245_2cal,0.04145028849943211,0.9446104096212854,0.9031601211218533
annual_mean,nfip_florida_stress,miroc6,ssp245_2cal,0.18241225363257227,0.23807031086254288,0.05565805722997061
annual_exceedance_probability,defaults_gt10,canesm,ssp245_2cal,0.0162,0.0773,0.061099999999999995
annual_exceedance_probability,defaults_gt10,cnrm6,ssp245_2cal,0.0356,0.2602,0.2246
annual_exceedance_probability,defaults_gt10,ecearth6,ssp245_2cal,0.0214,0.2494,0.228
annual_exceedance_probability,defaults_gt10,ipsl6,ssp245_2cal,0.0107,0.2098,0.1991
annual_exceedance_probability,defaults_gt10,miroc6,ssp245_2cal,0.0361,0.0565,0.0204
annual_exceedance_probability,single_deficit_gt1b,canesm,ssp245_2cal,0.007,0.0497,0.0427
annual_exceedance_probability,single_deficit_gt1b,cnrm6,ssp245_2cal,0.0208,0.1799,0.15910000000000002
annual_exceedance_probability,single_deficit_gt1b,ecearth6,ssp245_2cal,0.0114,0.1684,0.157
annual_exceedance_probability,single_deficit_gt1b,ipsl6,ssp245_2cal,0.0044,0.1436,0.13920000000000002
annual_exceedance_probability,single_deficit_gt1b,miroc6,ssp245_2cal,0.0224,0.0333,0.010900000000000003
annual_exceedance_probability,fhcf_capacity_exhausted,canesm,ssp245_2cal,0.0,0.0,0.0
annual_exceedance_probability,fhcf_capacity_exhausted,cnrm6,ssp245_2cal,0.0,0.0,0.0
annual_exceedance_probability,fhcf_capacity_exhausted,ecearth6,ssp245_2cal,0.0,0.0,0.0
annual_exceedance_probability,fhcf_capacity_exhausted,ipsl6,ssp245_2cal,0.0,0.0,0.0
annual_exceedance_probability,fhcf_capacity_exhausted,miroc6,ssp245_2cal,0.0,0.0,0.0
annual_exceedance_probability,figa_residual_positive,canesm,ssp245_2cal,0.0299,0.1106,0.08070000000000001
annual_exceedance_probability,figa_residual_positive,cnrm6,ssp245_2cal,0.0627,0.3604,0.29769999999999996
annual_exceedance_probability,figa_residual_positive,ecearth6,ssp245_2cal,0.0406,0.3603,0.3197
annual_exceedance_probability,figa_residual_positive,ipsl6,ssp245_2cal,0.0194,0.2952,0.27580000000000005
annual_exceedance_probability,figa_residual_positive,miroc6,ssp245_2cal,0.0591,0.095,0.0359
annual_exceedance_probability,citizens_residual_positive,canesm,ssp245_2cal,0.0301,0.1038,0.0737
annual_exceedance_probability,citizens_residual_positive,cnrm6,ssp245_2cal,0.0657,0.3422,0.2765
annual_exceedance_probability,citizens_residual_positive,ecearth6,ssp245_2cal,0.0422,0.3373,0.2951
annual_exceedance_probability,citizens_residual_positive,ipsl6,ssp245_2cal,0.0224,0.2924,0.27
annual_exceedance_probability,citizens_residual_positive,miroc6,ssp245_2cal,0.0563,0.0908,0.0345
annual_exceedance_probability,nfip_claims_gt2premium,canesm,ssp245_2cal,0.007,0.0417,0.0347
annual_exceedance_probability,nfip_claims_gt2premium,cnrm6,ssp245_2cal,0.0212,0.1554,0.1342
annual_exceedance_probability,nfip_claims_gt2premium,ecearth6,ssp245_2cal,0.0117,0.1394,0.1277
annual_exceedance_probability,nfip_claims_gt2premium,ipsl6,ssp245_2cal,0.0047,0.1184,0.11370000000000001
annual_exceedance_probability,nfip_claims_gt2premium,miroc6,ssp245_2cal,0.0213,0.0282,0.0069
annual_exceedance_probability,rfr_gt1pct_gdp,canesm,ssp245_2cal,0.0016,0.0328,0.031200000000000002
annual_exceedance_probability,rfr_gt1pct_gdp,cnrm6,ssp245_2cal,0.0121,0.1178,0.1057
annual_exceedance_probability,rfr_gt1pct_gdp,ecearth6,ssp245_2cal,0.0055,0.1063,0.1008
annual_exceedance_probability,rfr_gt1pct_gdp,ipsl6,ssp245_2cal,0.001,0.084,0.083
annual_exceedance_probability,rfr_gt1pct_gdp,miroc6,ssp245_2cal,0.0127,0.0171,0.004400000000000001
annual_exceedance_probability,rfr_gt10pct_gdp,canesm,ssp245_2cal,0.0,0.001,0.001
annual_exceedance_probability,rfr_gt10pct_gdp,cnrm6,ssp245_2cal,0.0002,0.0041,0.0039000000000000003
annual_exceedance_probability,rfr_gt10pct_gdp,ecearth6,ssp245_2cal,0.0,0.0061,0.0061
annual_exceedance_probability,rfr_gt10pct_gdp,ipsl6,ssp245_2cal,0.0,0.0012,0.0012
annual_exceedance_probability,rfr_gt10pct_gdp,miroc6,ssp245_2cal,0.0002,0.0003,9.999999999999996e-05
annual_mean,total_damage_usd,canesm,ssp585_2cal,2959208477.090196,13445135592.45815,10485927115.367954
annual_mean,total_damage_usd,cnrm6,ssp585_2cal,7405384993.971297,91999506303.31963,84594121309.34833
annual_mean,total_damage_usd,ecearth6,ssp585_2cal,4607603880.672565,184878524019.4969,180270920138.8243
annual_mean,total_damage_usd,ipsl6,ssp585_2cal,1782140309.959675,74189363701.9058,72407223391.94614
annual_mean,total_damage_usd,miroc6,ssp585_2cal,7993216014.208818,29077988188.636387,21084772174.427567
annual_mean,wind_insured_private_usd,canesm,ssp585_2cal,860827887.2945501,3905767112.524818,3044939225.230268
annual_mean,wind_insured_private_usd,cnrm6,ssp585_2cal,2145990591.9249797,26378650007.180374,24232659415.255394
annual_mean,wind_insured_private_usd,ecearth6,ssp585_2cal,1292126074.7239578,52636785326.73225,51344659252.008286
annual_mean,wind_insured_private_usd,ipsl6,ssp585_2cal,506552117.28783846,21232825392.793293,20726273275.505455
annual_mean,wind_insured_private_usd,miroc6,ssp585_2cal,2257405896.883932,8404853602.056966,6147447705.173034
annual_mean,wind_insured_citizens_usd,canesm,ssp585_2cal,154288020.43235102,665036992.5792509,510748972.14689994
annual_mean,wind_insured_citizens_usd,cnrm6,ssp585_2cal,446098687.58202636,4780851312.228306,4334752624.646279
annual_mean,wind_insured_citizens_usd,ecearth6,ssp585_2cal,268091437.4296244,9996703647.371397,9728612209.941772
annual_mean,wind_insured_citizens_usd,ipsl6,ssp585_2cal,103354070.71413511,3746399913.364821,3643045842.650686
annual_mean,wind_insured_citizens_usd,miroc6,ssp585_2cal,423495670.2309415,1458726353.1978397,1035230682.9668982
annual_mean,flood_insured_capped_usd,canesm,ssp585_2cal,80629474.99125698,359579922.4494351,278950447.45817816
annual_mean,flood_insured_capped_usd,cnrm6,ssp585_2cal,229590548.582075,2779972958.995429,2550382410.413354
annual_mean,flood_insured_capped_usd,ecearth6,ssp585_2cal,169049530.55790687,5668526847.440857,5499477316.88295
annual_mean,flood_insured_capped_usd,ipsl6,ssp585_2cal,57858539.5213564,2162401171.770114,2104542632.2487576
annual_mean,flood_insured_capped_usd,miroc6,ssp585_2cal,254620823.35384625,820881351.8915725,566260528.5377262
annual_mean,wind_un_underinsured_usd,canesm,ssp585_2cal,1530581381.6365335,6784162648.009663,5253581266.373129
annual_mean,wind_un_underinsured_usd,cnrm6,ssp585_2cal,3742600423.0825,46407779121.0982,42665178698.0157
annual_mean,wind_un_underinsured_usd,ecearth6,ssp585_2cal,2307322560.0252852,93746963118.12027,91439640558.09499
annual_mean,wind_un_underinsured_usd,ipsl6,ssp585_2cal,895117316.8231266,37712392444.01934,36817275127.19621
annual_mean,wind_un_underinsured_usd,miroc6,ssp585_2cal,4033758418.9286056,14678971664.253029,10645213245.324423
annual_mean,flood_un_derinsured_usd,canesm,ssp585_2cal,332881712.73550415,1730588916.8949838,1397707204.1594796
annual_mean,flood_un_derinsured_usd,cnrm6,ssp585_2cal,841104742.7997162,11652252903.817308,10811148161.017591
annual_mean,flood_un_derinsured_usd,ecearth6,ssp585_2cal,571014277.9357911,22829545079.832138,22258530801.896347
annual_mean,flood_un_derinsured_usd,ipsl6,ssp585_2cal,219258265.61321825,9335344779.95825,9116086514.345032
annual_mean,flood_un_derinsured_usd,miroc6,ssp585_2cal,1023935204.8114947,3714555217.236978,2690620012.425483
annual_mean,residual_financing_requirement_usd,canesm,ssp585_2cal,164315986.31906086,1502082365.5491312,1337766379.2300704
annual_mean,residual_financing_requirement_usd,cnrm6,ssp585_2cal,675793044.612524,12382431801.086685,11706638756.474161
annual_mean,residual_financing_requirement_usd,ecearth6,ssp585_2cal,415831964.0032849,27845746478.138386,27429914514.1351
annual_mean,residual_financing_requirement_usd,ipsl6,ssp585_2cal,80662152.1751482,9428411384.17746,9347749232.002312
annual_mean,residual_financing_requirement_usd,miroc6,ssp585_2cal,784890713.2805752,3353639879.470797,2568749166.190222
annual_mean,fhcf_shortfall_usd,canesm,ssp585_2cal,0.0,0.0,0.0
annual_mean,fhcf_shortfall_usd,cnrm6,ssp585_2cal,0.0,0.0,0.0
annual_mean,fhcf_shortfall_usd,ecearth6,ssp585_2cal,0.0,0.0,0.0
annual_mean,fhcf_shortfall_usd,ipsl6,ssp585_2cal,0.0,0.0,0.0
annual_mean,fhcf_shortfall_usd,miroc6,ssp585_2cal,0.0,0.0,0.0
annual_mean,figa_residual_deficit_usd,canesm,ssp585_2cal,100037485.50736786,959205342.295433,859167856.7880652
annual_mean,figa_residual_deficit_usd,cnrm6,ssp585_2cal,401340190.6112498,7649459098.634362,7248118908.023112
annual_mean,figa_residual_deficit_usd,ecearth6,ssp585_2cal,219327559.558011,16972700500.281895,16753372940.723885
annual_mean,figa_residual_deficit_usd,ipsl6,ssp585_2cal,44048236.37839707,5920001642.691076,5875953406.312679
annual_mean,figa_residual_deficit_usd,miroc6,ssp585_2cal,468492744.38464296,2105004397.0032148,1636511652.6185718
annual_mean,citizens_residual_deficit_usd,canesm,ssp585_2cal,45810854.363422304,349629986.05406606,303819131.6906438
annual_mean,citizens_residual_deficit_usd,cnrm6,ssp585_2cal,186903264.18961942,2940046404.8266296,2753143140.63701
annual_mean,citizens_residual_deficit_usd,ecearth6,ssp585_2cal,113966954.14092486,6848224015.880364,6734257061.73944
annual_mean,citizens_residual_deficit_usd,ipsl6,ssp585_2cal,21747293.513710655,2189380084.0869675,2167632790.573257
annual_mean,citizens_residual_deficit_usd,miroc6,ssp585_2cal,192441433.07117152,798882341.4646814,606440908.3935099
annual_mean,nfip_borrowed_usd,canesm,ssp585_2cal,18467646.44827069,193247037.19963217,174779390.7513615
annual_mean,nfip_borrowed_usd,cnrm6,ssp585_2cal,87549589.81165476,1792926297.6256921,1705376707.8140373
annual_mean,nfip_borrowed_usd,ecearth6,ssp585_2cal,82537450.30434902,4024821961.976133,3942284511.671784
annual_mean,nfip_borrowed_usd,ipsl6,ssp585_2cal,14866622.283040473,1319029657.3994145,1304163035.116374
annual_mean,nfip_borrowed_usd,miroc6,ssp585_2cal,123956535.82476068,449753141.0029006,325796605.1781399
annual_mean,defaults_post,canesm,ssp585_2cal,0.4239,1.4003,0.9764000000000002
annual_mean,defaults_post,cnrm6,ssp585_2cal,0.9276,7.8358,6.9082
annual_mean,defaults_post,ecearth6,ssp585_2cal,0.5809,12.9065,12.3256
annual_mean,defaults_post,ipsl6,ssp585_2cal,0.2746,6.656,6.381399999999999
annual_mean,defaults_post,miroc6,ssp585_2cal,0.9142,2.9238,2.0096
annual_mean,largest_entity_deficit_usd,canesm,ssp585_2cal,30388873.62875138,234476436.45938897,204087562.8306376
annual_mean,largest_entity_deficit_usd,cnrm6,ssp585_2cal,107437292.87592185,1797883249.400532,1690445956.52461
annual_mean,largest_entity_deficit_usd,ecearth6,ssp585_2cal,58543120.311143704,3889976528.3913603,3831433408.0802164
annual_mean,largest_entity_deficit_usd,ipsl6,ssp585_2cal,14459290.483598188,1412894967.0413306,1398435676.5577323
annual_mean,largest_entity_deficit_usd,miroc6,ssp585_2cal,119172621.72313103,513406181.47810584,394233559.75497484
annual_mean,fhcf_reimbursement_usd,canesm,ssp585_2cal,231744438.22654536,818671789.1008292,586927350.8742839
annual_mean,fhcf_reimbursement_usd,cnrm6,ssp585_2cal,547542517.976893,4754071789.317581,4206529271.340688
annual_mean,fhcf_reimbursement_usd,ecearth6,ssp585_2cal,327990832.5896987,7911891661.617565,7583900829.027866
annual_mean,fhcf_reimbursement_usd,ipsl6,ssp585_2cal,164483422.39055663,3965755289.4780307,3801271867.087474
annual_mean,fhcf_reimbursement_usd,miroc6,ssp585_2cal,541750931.9592849,1706088213.3352017,1164337281.375917
annual_mean,fhcf_utilization,canesm,ssp585_2cal,0.013632025778032079,0.048157164064754655,0.03452513828672257
annual_mean,fhcf_utilization,cnrm6,ssp585_2cal,0.03220838341040547,0.2796512817245636,0.24744289831415814
annual_mean,fhcf_utilization,ecearth6,ssp585_2cal,0.019293578387629337,0.4654053918598568,0.44611181347222745
annual_mean,fhcf_utilization,ipsl6,ssp585_2cal,0.009675495434738625,0.23327972291047236,0.22360422747573375
annual_mean,fhcf_utilization,miroc6,ssp585_2cal,0.03186770187995794,0.10035813019618833,0.0684904283162304
annual_mean,citizens_assessment_stress,canesm,ssp585_2cal,0.05090684330114965,0.3885227455536988,0.33761590225254917
annual_mean,citizens_assessment_stress,cnrm6,ssp585_2cal,0.20769434045245208,3.2670964929246225,3.0594021524721704
annual_mean,citizens_assessment_stress,ecearth6,ssp585_2cal,0.12664461199382776,7.610018885523087,7.483374273529259
annual_mean,citizens_assessment_stress,ipsl6,ssp585_2cal,0.024166457458835996,2.432926222748291,2.4087597652894552
annual_mean,citizens_assessment_stress,miroc6,ssp585_2cal,0.21384857397082063,0.887749829993782,0.6739012560229614
annual_mean,figa_unfunded_share,canesm,ssp585_2cal,0.3985366261159084,0.5678888804257016,0.16935225430979323
annual_mean,figa_unfunded_share,cnrm6,ssp585_2cal,0.4900940190583161,0.6703476230809214,0.18025360402260532
annual_mean,figa_unfunded_share,ecearth6,ssp585_2cal,0.4508260197638289,0.7579784699149004,0.30715245015107145
annual_mean,figa_unfunded_share,ipsl6,ssp585_2cal,0.4271120751781421,0.6328323417435704,0.2057202665654283
annual_mean,figa_unfunded_share,miroc6,ssp585_2cal,0.5254622225401544,0.561510867459866,0.0360486449197116
annual_mean,nfip_florida_stress,canesm,ssp585_2cal,0.05776355621129578,0.25760573369867007,0.1998421774873743
annual_mean,nfip_florida_stress,cnrm6,ssp585_2cal,0.16448037842291516,1.9915933261406855,1.8271129477177703
annual_mean,nfip_florida_stress,ecearth6,ssp585_2cal,0.1211083423516483,4.060974838579742,3.939866496228094
annual_mean,nfip_florida_stress,ipsl6,ssp585_2cal,0.04145028849943211,1.5491602996355758,1.5077100111361437
annual_mean,nfip_florida_stress,miroc6,ssp585_2cal,0.18241225363257227,0.5880855123754056,0.40567325874283333
annual_exceedance_probability,defaults_gt10,canesm,ssp585_2cal,0.0162,0.0579,0.0417
annual_exceedance_probability,defaults_gt10,cnrm6,ssp585_2cal,0.0356,0.3359,0.30029999999999996
annual_exceedance_probability,defaults_gt10,ecearth6,ssp585_2cal,0.0214,0.5501,0.5287000000000001
annual_exceedance_probability,defaults_gt10,ipsl6,ssp585_2cal,0.0107,0.2748,0.2641
annual_exceedance_probability,defaults_gt10,miroc6,ssp585_2cal,0.0361,0.1202,0.08410000000000001
annual_exceedance_probability,single_deficit_gt1b,canesm,ssp585_2cal,0.007,0.0371,0.030100000000000002
annual_exceedance_probability,single_deficit_gt1b,cnrm6,ssp585_2cal,0.0208,0.2433,0.22249999999999998
annual_exceedance_probability,single_deficit_gt1b,ecearth6,ssp585_2cal,0.0114,0.4377,0.42629999999999996
annual_exceedance_probability,single_deficit_gt1b,ipsl6,ssp585_2cal,0.0044,0.1951,0.1907
annual_exceedance_probability,single_deficit_gt1b,miroc6,ssp585_2cal,0.0224,0.0705,0.04809999999999999
annual_exceedance_probability,fhcf_capacity_exhausted,canesm,ssp585_2cal,0.0,0.0,0.0
annual_exceedance_probability,fhcf_capacity_exhausted,cnrm6,ssp585_2cal,0.0,0.0,0.0
annual_exceedance_probability,fhcf_capacity_exhausted,ecearth6,ssp585_2cal,0.0,0.0,0.0
annual_exceedance_probability,fhcf_capacity_exhausted,ipsl6,ssp585_2cal,0.0,0.0,0.0
annual_exceedance_probability,fhcf_capacity_exhausted,miroc6,ssp585_2cal,0.0,0.0,0.0
annual_exceedance_probability,figa_residual_positive,canesm,ssp585_2cal,0.0299,0.0864,0.05650000000000001
annual_exceedance_probability,figa_residual_positive,cnrm6,ssp585_2cal,0.0627,0.4434,0.38070000000000004
annual_exceedance_probability,figa_residual_positive,ecearth6,ssp585_2cal,0.0406,0.6648,0.6242
annual_exceedance_probability,figa_residual_positive,ipsl6,ssp585_2cal,0.0194,0.3908,0.37139999999999995
annual_exceedance_probability,figa_residual_positive,miroc6,ssp585_2cal,0.0591,0.1848,0.12569999999999998
annual_exceedance_probability,citizens_residual_positive,canesm,ssp585_2cal,0.0301,0.0752,0.0451
annual_exceedance_probability,citizens_residual_positive,cnrm6,ssp585_2cal,0.0657,0.4114,0.3457
annual_exceedance_probability,citizens_residual_positive,ecearth6,ssp585_2cal,0.0422,0.6364,0.5942
annual_exceedance_probability,citizens_residual_positive,ipsl6,ssp585_2cal,0.0224,0.3593,0.33690000000000003
annual_exceedance_probability,citizens_residual_positive,miroc6,ssp585_2cal,0.0563,0.1636,0.10729999999999999
annual_exceedance_probability,nfip_claims_gt2premium,canesm,ssp585_2cal,0.007,0.0276,0.0206
annual_exceedance_probability,nfip_claims_gt2premium,cnrm6,ssp585_2cal,0.0212,0.1954,0.1742
annual_exceedance_probability,nfip_claims_gt2premium,ecearth6,ssp585_2cal,0.0117,0.3661,0.3544
annual_exceedance_probability,nfip_claims_gt2premium,ipsl6,ssp585_2cal,0.0047,0.1609,0.15619999999999998
annual_exceedance_probability,nfip_claims_gt2premium,miroc6,ssp585_2cal,0.0213,0.0631,0.041800000000000004
annual_exceedance_probability,rfr_gt1pct_gdp,canesm,ssp585_2cal,0.0016,0.0207,0.0191
annual_exceedance_probability,rfr_gt1pct_gdp,cnrm6,ssp585_2cal,0.0121,0.1578,0.1457
annual_exceedance_probability,rfr_gt1pct_gdp,ecearth6,ssp585_2cal,0.0055,0.3177,0.3122
annual_exceedance_probability,rfr_gt1pct_gdp,ipsl6,ssp585_2cal,0.001,0.1329,0.1319
annual_exceedance_probability,rfr_gt1pct_gdp,miroc6,ssp585_2cal,0.0127,0.0455,0.032799999999999996
annual_exceedance_probability,rfr_gt10pct_gdp,canesm,ssp585_2cal,0.0,0.0009,0.0009
annual_exceedance_probability,rfr_gt10pct_gdp,cnrm6,ssp585_2cal,0.0002,0.0116,0.011399999999999999
annual_exceedance_probability,rfr_gt10pct_gdp,ecearth6,ssp585_2cal,0.0,0.0325,0.0325
annual_exceedance_probability,rfr_gt10pct_gdp,ipsl6,ssp585_2cal,0.0,0.0072,0.0072
annual_exceedance_probability,rfr_gt10pct_gdp,miroc6,ssp585_2cal,0.0002,0.0016,0.0014
