scenario,metric,label,point,p10,p90,interval,n_models,period,raw_point,raw_p10,raw_p90
Baseline,defaults_gt10,Defaults > 10,0.0871,0.08339,0.0906,"1,000 whole-season bootstrap resamples, percentiles 10 and 90",0,,,,
Baseline,single_deficit_gt1b,Single deficit > $1B,0.0561,0.0531,0.0591,"1,000 whole-season bootstrap resamples, percentiles 10 and 90",0,,,,
Baseline,fhcf_capacity_exhausted,FHCF statewide capacity exhausted,0.0,0.0,0.0,"1,000 whole-season bootstrap resamples, percentiles 10 and 90",0,,,,
Baseline,figa_residual_positive,FIGA residual deficit > 0,0.1365,0.1323,0.1408,"1,000 whole-season bootstrap resamples, percentiles 10 and 90",0,,,,
Baseline,citizens_residual_positive,Citizens residual deficit > 0,0.1364,0.1321,0.1409,"1,000 whole-season bootstrap resamples, percentiles 10 and 90",0,,,,
Baseline,nfip_claims_gt2premium,NFIP claims > 200% annual premium,0.0504,0.0475,0.0531,"1,000 whole-season bootstrap resamples, percentiles 10 and 90",0,,,,
Baseline,rfr_gt1pct_gdp,Residual financing requirement > 1% Florida GDP,0.0341,0.0318,0.0364,"1,000 whole-season bootstrap resamples, percentiles 10 and 90",0,,,,
Baseline,rfr_gt10pct_gdp,Residual financing requirement > 10% Florida GDP,0.0008,0.0004,0.0012,"1,000 whole-season bootstrap resamples, percentiles 10 and 90",0,,,,
Market exit,defaults_gt10,Defaults > 10,0.0786,0.0751,0.0819,"1,000 whole-season bootstrap resamples, percentiles 10 and 90",0,,,,
Market exit,single_deficit_gt1b,Single deficit > $1B,0.0493,0.0467,0.0521,"1,000 whole-season bootstrap resamples, percentiles 10 and 90",0,,,,
Market exit,fhcf_capacity_exhausted,FHCF statewide capacity exhausted,0.0,0.0,0.0,"1,000 whole-season bootstrap resamples, percentiles 10 and 90",0,,,,
Market exit,figa_residual_positive,FIGA residual deficit > 0,0.1261,0.122,0.1303,"1,000 whole-season bootstrap resamples, percentiles 10 and 90",0,,,,
Market exit,citizens_residual_positive,Citizens residual deficit > 0,0.179,0.1741,0.1839,"1,000 whole-season bootstrap resamples, percentiles 10 and 90",0,,,,
Market exit,nfip_claims_gt2premium,NFIP claims > 200% annual premium,0.0504,0.0475,0.0531,"1,000 whole-season bootstrap resamples, percentiles 10 and 90",0,,,,
Market exit,rfr_gt1pct_gdp,Residual financing requirement > 1% Florida GDP,0.0381,0.0357,0.0406,"1,000 whole-season bootstrap resamples, percentiles 10 and 90",0,,,,
Market exit,rfr_gt10pct_gdp,Residual financing requirement > 10% Florida GDP,0.0012,0.0007,0.0017,"1,000 whole-season bootstrap resamples, percentiles 10 and 90",0,,,,
Insurance penetration,defaults_gt10,Defaults > 10,0.0783,0.0749,0.0816,"1,000 whole-season bootstrap resamples, percentiles 10 and 90",0,,,,
Insurance penetration,single_deficit_gt1b,Single deficit > $1B,0.07,0.067,0.0734,"1,000 whole-season bootstrap resamples, percentiles 10 and 90",0,,,,
Insurance penetration,fhcf_capacity_exhausted,FHCF statewide capacity exhausted,0.0,0.0,0.0,"1,000 whole-season bootstrap resamples, percentiles 10 and 90",0,,,,
Insurance penetration,figa_residual_positive,FIGA residual deficit > 0,0.0902,0.08659,0.0937,"1,000 whole-season bootstrap resamples, percentiles 10 and 90",0,,,,
Insurance penetration,citizens_residual_positive,Citizens residual deficit > 0,0.1593,0.1546,0.16411,"1,000 whole-season bootstrap resamples, percentiles 10 and 90",0,,,,
Insurance penetration,nfip_claims_gt2premium,NFIP claims > 200% annual premium,0.0932,0.08949,0.0969,"1,000 whole-season bootstrap resamples, percentiles 10 and 90",0,,,,
Insurance penetration,rfr_gt1pct_gdp,Residual financing requirement > 1% Florida GDP,0.0517,0.04899,0.0546,"1,000 whole-season bootstrap resamples, percentiles 10 and 90",0,,,,
Insurance penetration,rfr_gt10pct_gdp,Residual financing requirement > 10% Florida GDP,0.0043,0.0035,0.0052,"1,000 whole-season bootstrap resamples, percentiles 10 and 90",0,,,,
Building codes,defaults_gt10,Defaults > 10,0.0683,0.0652,0.0715,"1,000 whole-season bootstrap resamples, percentiles 10 and 90",0,,,,
Building codes,single_deficit_gt1b,Single deficit > $1B,0.0413,0.0389,0.0439,"1,000 whole-season bootstrap resamples, percentiles 10 and 90",0,,,,
Building codes,fhcf_capacity_exhausted,FHCF statewide capacity exhausted,0.0,0.0,0.0,"1,000 whole-season bootstrap resamples, percentiles 10 and 90",0,,,,
Building codes,figa_residual_positive,FIGA residual deficit > 0,0.1154,0.1112,0.1193,"1,000 whole-season bootstrap resamples, percentiles 10 and 90",0,,,,
Building codes,citizens_residual_positive,Citizens residual deficit > 0,0.1176,0.1136,0.1218,"1,000 whole-season bootstrap resamples, percentiles 10 and 90",0,,,,
Building codes,nfip_claims_gt2premium,NFIP claims > 200% annual premium,0.0395,0.0369,0.042,"1,000 whole-season bootstrap resamples, percentiles 10 and 90",0,,,,
Building codes,rfr_gt1pct_gdp,Residual financing requirement > 1% Florida GDP,0.0208,0.019,0.0227,"1,000 whole-season bootstrap resamples, percentiles 10 and 90",0,,,,
Building codes,rfr_gt10pct_gdp,Residual financing requirement > 10% Florida GDP,0.0001,0.0,0.0002,"1,000 whole-season bootstrap resamples, percentiles 10 and 90",0,,,,
2050 SSP2-4.5,defaults_gt10,Defaults > 10,0.2109,0.10668,0.29668,Across five GCM absolute probability deltas,5,ssp245cal,0.2109,0.10668,0.29668
2050 SSP2-4.5,single_deficit_gt1b,Single deficit > $1B,0.1444,0.06784,0.19916,Across five GCM absolute probability deltas,5,ssp245cal,0.1444,0.06784,0.19916
2050 SSP2-4.5,fhcf_capacity_exhausted,FHCF statewide capacity exhausted,0.0,0.0,0.0,Across five GCM absolute probability deltas,5,ssp245cal,0.0,0.0,0.0
2050 SSP2-4.5,figa_residual_positive,FIGA residual deficit > 0,0.3224,0.17002,0.42214,Across five GCM absolute probability deltas,5,ssp245cal,0.3224,0.17002,0.42214
2050 SSP2-4.5,citizens_residual_positive,Citizens residual deficit > 0,0.3127,0.1649,0.39927999999999997,Across five GCM absolute probability deltas,5,ssp245cal,0.3127,0.1649,0.39927999999999997
2050 SSP2-4.5,nfip_claims_gt2premium,NFIP claims > 200% annual premium,0.1276,0.05888,0.17074,Across five GCM absolute probability deltas,5,ssp245cal,0.1276,0.05888,0.17074
2050 SSP2-4.5,rfr_gt1pct_gdp,Residual financing requirement > 1% Florida GDP,0.0865,0.03968,0.12575999999999998,Across five GCM absolute probability deltas,5,ssp245cal,0.0865,0.03968,0.12575999999999998
2050 SSP2-4.5,rfr_gt10pct_gdp,Residual financing requirement > 10% Florida GDP,0.0014,0.00096,0.005300000000000001,Across five GCM absolute probability deltas,5,ssp245cal,0.0014,0.00096,0.005300000000000001
2050 SSP5-8.5,defaults_gt10,Defaults > 10,0.249,0.11424,0.34504,Across five GCM absolute probability deltas,5,ssp585cal,0.249,0.11424,0.34504
2050 SSP5-8.5,single_deficit_gt1b,Single deficit > $1B,0.1602,0.07397999999999999,0.23743999999999998,Across five GCM absolute probability deltas,5,ssp585cal,0.1602,0.07397999999999999,0.23743999999999998
2050 SSP5-8.5,fhcf_capacity_exhausted,FHCF statewide capacity exhausted,0.0,0.0,0.0,Across five GCM absolute probability deltas,5,ssp585cal,0.0,0.0,0.0
2050 SSP5-8.5,figa_residual_positive,FIGA residual deficit > 0,0.3633,0.18196,0.48324,Across five GCM absolute probability deltas,5,ssp585cal,0.3633,0.18196,0.48324
2050 SSP5-8.5,citizens_residual_positive,Citizens residual deficit > 0,0.3466,0.17518,0.45577999999999996,Across five GCM absolute probability deltas,5,ssp585cal,0.3466,0.17518,0.45577999999999996
2050 SSP5-8.5,nfip_claims_gt2premium,NFIP claims > 200% annual premium,0.14040000000000002,0.06478,0.20232,Across five GCM absolute probability deltas,5,ssp585cal,0.14040000000000002,0.06478,0.20232
2050 SSP5-8.5,rfr_gt1pct_gdp,Residual financing requirement > 1% Florida GDP,0.09639999999999999,0.047420000000000004,0.14676,Across five GCM absolute probability deltas,5,ssp585cal,0.09639999999999999,0.047420000000000004,0.14676
2050 SSP5-8.5,rfr_gt10pct_gdp,Residual financing requirement > 10% Florida GDP,0.0021,0.00116,0.00826,Across five GCM absolute probability deltas,5,ssp585cal,0.0021,0.00116,0.00826
2100 SSP2-4.5,defaults_gt10,Defaults > 10,0.2862,0.12378,0.31374,Across five GCM absolute probability deltas,5,ssp245_2cal,0.2862,0.12378,0.31374
2100 SSP2-4.5,single_deficit_gt1b,Single deficit > $1B,0.19530000000000003,0.07972,0.21436,Across five GCM absolute probability deltas,5,ssp245_2cal,0.19530000000000003,0.07972,0.21436
2100 SSP2-4.5,fhcf_capacity_exhausted,FHCF statewide capacity exhausted,0.0,0.0,0.0,Across five GCM absolute probability deltas,5,ssp245_2cal,0.0,0.0,0.0
2100 SSP2-4.5,figa_residual_positive,FIGA residual deficit > 0,0.41230000000000006,0.19032000000000002,0.44739999999999996,Across five GCM absolute probability deltas,5,ssp245_2cal,0.41230000000000006,0.19032000000000002,0.44739999999999996
2100 SSP2-4.5,citizens_residual_positive,Citizens residual deficit > 0,0.4064,0.18658,0.42406,Across five GCM absolute probability deltas,5,ssp245_2cal,0.4064,0.18658,0.42406
2100 SSP2-4.5,nfip_claims_gt2premium,NFIP claims > 200% annual premium,0.16410000000000002,0.06842000000000001,0.18200000000000002,Across five GCM absolute probability deltas,5,ssp245_2cal,0.16410000000000002,0.06842000000000001,0.18200000000000002
2100 SSP2-4.5,rfr_gt1pct_gdp,Residual financing requirement > 1% Florida GDP,0.11710000000000001,0.04922,0.13784,Across five GCM absolute probability deltas,5,ssp245_2cal,0.11710000000000001,0.04922,0.13784
2100 SSP2-4.5,rfr_gt10pct_gdp,Residual financing requirement > 10% Florida GDP,0.002,0.00126,0.006020000000000001,Across five GCM absolute probability deltas,5,ssp245_2cal,0.002,0.00126,0.006020000000000001
2100 SSP5-8.5,defaults_gt10,Defaults > 10,0.3512,0.14576,0.52444,Across five GCM absolute probability deltas,5,ssp585_2cal,0.3512,0.14576,0.52444
2100 SSP5-8.5,single_deficit_gt1b,Single deficit > $1B,0.24680000000000002,0.0934,0.40087999999999996,Across five GCM absolute probability deltas,5,ssp585_2cal,0.24680000000000002,0.0934,0.40087999999999996
2100 SSP5-8.5,fhcf_capacity_exhausted,FHCF statewide capacity exhausted,0.0,0.0,0.0,Across five GCM absolute probability deltas,5,ssp585_2cal,0.0,0.0,0.0
2100 SSP5-8.5,figa_residual_positive,FIGA residual deficit > 0,0.5079,0.22068000000000002,0.6633,Across five GCM absolute probability deltas,5,ssp585_2cal,0.5079,0.22068000000000002,0.6633
2100 SSP5-8.5,citizens_residual_positive,Citizens residual deficit > 0,0.47330000000000005,0.20638,0.6312,Across five GCM absolute probability deltas,5,ssp585_2cal,0.47330000000000005,0.20638,0.6312
2100 SSP5-8.5,nfip_claims_gt2premium,NFIP claims > 200% annual premium,0.20659999999999998,0.07948,0.33272,Across five GCM absolute probability deltas,5,ssp585_2cal,0.20659999999999998,0.07948,0.33272
2100 SSP5-8.5,rfr_gt1pct_gdp,Residual financing requirement > 1% Florida GDP,0.16599999999999998,0.058679999999999996,0.2797,Across five GCM absolute probability deltas,5,ssp585_2cal,0.16599999999999998,0.058679999999999996,0.2797
2100 SSP5-8.5,rfr_gt10pct_gdp,Residual financing requirement > 10% Florida GDP,0.008,0.0019000000000000002,0.024860000000000004,Across five GCM absolute probability deltas,5,ssp585_2cal,0.008,0.0019000000000000002,0.024860000000000004
