scenario,metric,label,point_pp,p10_pp,p90_pp
Market exit,defaults_gt10,Defaults > 10,-0.8500000000000001,-0.96,-0.73
Market exit,single_deficit_gt1b,Single deficit > $1B,-0.6799999999999999,-0.7799999999999999,-0.5700000000000001
Market exit,fhcf_capacity_exhausted,FHCF statewide capacity exhausted,0.0,0.0,0.0
Market exit,figa_residual_positive,FIGA residual deficit > 0,-1.04,-1.16,-0.91
Market exit,citizens_residual_positive,Citizens residual deficit > 0,4.26,3.9899999999999998,4.52
Market exit,nfip_claims_gt2premium,NFIP claims > 200% annual premium,0.0,0.0,0.0
Market exit,rfr_gt1pct_gdp,Residual financing requirement > 1% Florida GDP,0.4,0.33,0.49
Market exit,rfr_gt10pct_gdp,Residual financing requirement > 10% Florida GDP,0.04,0.02,0.06
Insurance penetration,defaults_gt10,Defaults > 10,-0.88,-1.04,-0.72
Insurance penetration,single_deficit_gt1b,Single deficit > $1B,1.39,1.24,1.54
Insurance penetration,fhcf_capacity_exhausted,FHCF statewide capacity exhausted,0.0,0.0,0.0
Insurance penetration,figa_residual_positive,FIGA residual deficit > 0,-4.63,-4.9,-4.37
Insurance penetration,citizens_residual_positive,Citizens residual deficit > 0,2.29,2.1,2.4899999999999998
Insurance penetration,nfip_claims_gt2premium,NFIP claims > 200% annual premium,4.279999999999999,4.03,4.52
Insurance penetration,rfr_gt1pct_gdp,Residual financing requirement > 1% Florida GDP,1.76,1.6,1.9300000000000002
Insurance penetration,rfr_gt10pct_gdp,Residual financing requirement > 10% Florida GDP,0.35000000000000003,0.27999999999999997,0.43
Building codes,defaults_gt10,Defaults > 10,-1.8800000000000001,-2.04,-1.71
Building codes,single_deficit_gt1b,Single deficit > $1B,-1.48,-1.63,-1.32
Building codes,fhcf_capacity_exhausted,FHCF statewide capacity exhausted,0.0,0.0,0.0
Building codes,figa_residual_positive,FIGA residual deficit > 0,-2.11,-2.29,-1.9300000000000002
Building codes,citizens_residual_positive,Citizens residual deficit > 0,-1.8800000000000001,-2.0500000000000003,-1.7000000000000002
Building codes,nfip_claims_gt2premium,NFIP claims > 200% annual premium,-1.09,-1.23,-0.95
Building codes,rfr_gt1pct_gdp,Residual financing requirement > 1% Florida GDP,-1.3299999999999998,-1.48,-1.18
Building codes,rfr_gt10pct_gdp,Residual financing requirement > 10% Florida GDP,-0.06999999999999999,-0.1,-0.04
