metric,label,return_period,point,p10,p90
total_damage_usd,Total loss,10,39516147299.2766,36800576534.00122,42436971132.10437
total_damage_usd,Total loss,25,146907528347.5678,137588490951.9604,153398112214.38443
total_damage_usd,Total loss,50,246421758329.88483,237327447957.95786,265157610645.74716
total_damage_usd,Total loss,100,357169527078.5346,333002540458.3878,391844821528.5416
total_damage_usd,Total loss,250,563913388140.8839,511661182145.9936,585672052781.3972
total_damage_usd,Total loss,500,628014547154.3367,589483930058.9612,714472353516.3894
total_damage_usd,Total loss,1000,738024982208.989,714472353516.3894,877015401698.0645
wind_insured_private_usd,"Insured wind, private",10,11564345571.391754,10778473843.637426,12316874170.813587
wind_insured_private_usd,"Insured wind, private",25,41827551855.8219,39654098015.80503,45357976853.515816
wind_insured_private_usd,"Insured wind, private",50,69685849360.69768,65627582074.252686,73818473180.28966
wind_insured_private_usd,"Insured wind, private",100,103230166433.27115,96134564195.43402,108109510251.95863
wind_insured_private_usd,"Insured wind, private",250,155221648933.47662,133939213549.02104,169687805903.4063
wind_insured_private_usd,"Insured wind, private",500,198421277515.6824,181839989028.19955,207993168710.7319
wind_insured_private_usd,"Insured wind, private",1000,214326457603.70316,207993504987.91525,217236901693.22162
wind_insured_citizens_usd,Citizens wind,10,1780951732.8017519,1667152971.6718304,1914001089.5019746
wind_insured_citizens_usd,Citizens wind,25,6826384599.612495,6366314326.219779,7569786310.14685
wind_insured_citizens_usd,Citizens wind,50,14513767125.948946,13127853403.496542,15382778071.31419
wind_insured_citizens_usd,Citizens wind,100,22099186354.22665,20843635180.00952,23725505869.89648
wind_insured_citizens_usd,Citizens wind,250,35585837184.526764,31366246221.76764,39376253820.48886
wind_insured_citizens_usd,Citizens wind,500,53598528126.082794,43710954408.29624,56431487307.45256
wind_insured_citizens_usd,Citizens wind,1000,62930396906.40163,56430840245.733376,64471661735.36275
flood_insured_capped_usd,"Insured flood, NFIP",10,887038810.5503619,812898942.9679056,972314843.690575
flood_insured_capped_usd,"Insured flood, NFIP",25,3671235166.5704703,3363711742.0333705,3959925725.368542
flood_insured_capped_usd,"Insured flood, NFIP",50,7435514580.577094,6732485453.040875,7933073025.698662
flood_insured_capped_usd,"Insured flood, NFIP",100,13736073531.599667,12496536075.835114,15007967928.97925
flood_insured_capped_usd,"Insured flood, NFIP",250,26110916344.35618,20997976324.591087,29307246009.150368
flood_insured_capped_usd,"Insured flood, NFIP",500,37553119178.83114,31535193221.392776,41409561208.62018
flood_insured_capped_usd,"Insured flood, NFIP",1000,50271546291.58339,41408121506.132065,52374709964.86315
wind_un_underinsured_usd,Un/underinsured wind,10,19752011507.290398,18653180625.52179,21075897516.828403
wind_un_underinsured_usd,Un/underinsured wind,25,71777593420.66765,66089947252.608215,75821367387.43742
wind_un_underinsured_usd,Un/underinsured wind,50,125882206334.37526,117502448283.51889,134374815566.19055
wind_un_underinsured_usd,Un/underinsured wind,100,183077414566.3623,171587635619.07257,195134694137.69507
wind_un_underinsured_usd,Un/underinsured wind,250,257558780362.56488,248282644771.182,274405665995.38757
wind_un_underinsured_usd,Un/underinsured wind,500,321127532321.8188,298253243094.0261,334001325601.3833
wind_un_underinsured_usd,Un/underinsured wind,1000,392082242806.85156,334002291715.4989,443765106505.1538
flood_un_derinsured_usd,Un/underinsured flood,10,3851999255.2949986,3646584652.193379,4106309953.7952843
flood_un_derinsured_usd,Un/underinsured flood,25,15140859093.194782,14083485958.283407,16045823411.918053
flood_un_derinsured_usd,Un/underinsured flood,50,28421220791.767555,26571284281.573967,30443454862.67601
flood_un_derinsured_usd,Un/underinsured flood,100,47095102885.37238,42934844094.38664,50794396660.77429
flood_un_derinsured_usd,Un/underinsured flood,250,87268354149.09677,80036058032.6798,92875664518.7958
flood_un_derinsured_usd,Un/underinsured flood,500,112721210721.01524,102889897284.40582,127275767067.18578
flood_un_derinsured_usd,Un/underinsured flood,1000,141716969734.24686,127272328968.18333,177022348855.57874
residual_financing_requirement_usd,Residual financing requirement,10,651765273.9300965,609415409.7904843,734558256.7169586
residual_financing_requirement_usd,Residual financing requirement,25,12596978137.449963,11223140872.107866,14000494081.652248
residual_financing_requirement_usd,Residual financing requirement,50,32343193815.376415,29022946125.2137,36154317961.01889
residual_financing_requirement_usd,Residual financing requirement,100,57301493235.16478,54242595676.04838,63724959169.50152
residual_financing_requirement_usd,Residual financing requirement,250,98890865482.82376,92141626720.10439,111002502138.38496
residual_financing_requirement_usd,Residual financing requirement,500,136663967872.38994,121768316107.57857,149011597040.3536
residual_financing_requirement_usd,Residual financing requirement,1000,163653376855.8615,149011033077.91556,176943061302.27655
fhcf_shortfall_usd,FHCF shortfall,10,0.0,0.0,0.0
fhcf_shortfall_usd,FHCF shortfall,25,0.0,0.0,0.0
fhcf_shortfall_usd,FHCF shortfall,50,0.0,0.0,0.0
fhcf_shortfall_usd,FHCF shortfall,100,0.0,0.0,0.0
fhcf_shortfall_usd,FHCF shortfall,250,0.0,0.0,0.0
fhcf_shortfall_usd,FHCF shortfall,500,0.0,0.0,0.0
fhcf_shortfall_usd,FHCF shortfall,1000,0.0,0.0,0.0
figa_residual_deficit_usd,FIGA residual deficit,10,417275584.3858743,393252587.59360844,438421703.3257741
figa_residual_deficit_usd,FIGA residual deficit,25,8463511446.320656,7525527805.270179,9950151171.378157
figa_residual_deficit_usd,FIGA residual deficit,50,20365954220.97146,18767023326.16585,21877833527.73898
figa_residual_deficit_usd,FIGA residual deficit,100,34210792124.60011,31425149249.109627,35624286432.836754
figa_residual_deficit_usd,FIGA residual deficit,250,56105253090.05593,46934771501.403915,63062366983.474365
figa_residual_deficit_usd,FIGA residual deficit,500,73995804296.93518,68354178456.88728,79854140601.95003
figa_residual_deficit_usd,FIGA residual deficit,1000,82739310646.19946,79854858967.35822,84825149804.01335
citizens_residual_deficit_usd,Citizens residual deficit,10,200104202.25,200104202.25,200104202.25
citizens_residual_deficit_usd,Citizens residual deficit,25,512693449.5149523,508092746.7810252,1001650703.2240504
citizens_residual_deficit_usd,Citizens residual deficit,50,7945631519.026148,6559717796.573741,8814642464.391392
citizens_residual_deficit_usd,Citizens residual deficit,100,15531050747.303846,14275499573.086723,17157370262.973679
citizens_residual_deficit_usd,Citizens residual deficit,250,29017701577.60395,24798110614.84484,32808118213.566055
citizens_residual_deficit_usd,Citizens residual deficit,500,47030392519.15999,37142818801.37345,49863351700.52976
citizens_residual_deficit_usd,Citizens residual deficit,1000,56362261299.478836,49862704638.81058,57903526128.43995
nfip_borrowed_usd,NFIP financing requirement,10,0.0,0.0,0.0
nfip_borrowed_usd,NFIP financing requirement,25,230235166.5704704,0.0,518925725.3685427
nfip_borrowed_usd,NFIP financing requirement,50,3994514580.5770936,3291485453.040875,4492073025.698662
nfip_borrowed_usd,NFIP financing requirement,100,10295073531.599667,9055536075.835114,11566967928.97925
nfip_borrowed_usd,NFIP financing requirement,250,22669916344.35618,17556976324.591087,25866246009.150368
nfip_borrowed_usd,NFIP financing requirement,500,34112119178.83113,28094193221.392776,37968561208.62018
nfip_borrowed_usd,NFIP financing requirement,1000,46830546291.58339,37967121506.132065,48933709964.86315
