pathway,time_category,metric,n_models,delta_median,delta_mean,delta_std,delta_p10,delta_p90,delta_min,delta_max
ssp245,mid,catbond_issue_volume_year_usd,5,0.0,0.0,0.0,0.0,0.0,0.0,0.0
ssp245,mid,catbond_limit_in_force_usd,5,0.0,0.0,0.0,0.0,0.0,0.0,0.0
ssp245,mid,catbond_payout_usd,5,2.6943536027186368,3.229931403430966,2.6348519500369263,0.8206129889998626,6.066346873767169,0.5147353207482022,7.009457164214567
ssp245,mid,catbond_triggers,5,2.24031379385487,2.694963555234891,2.165790907982289,0.7049958922491175,5.033949466309605,0.4824257509194932,5.743293077234949
ssp245,mid,citizens_residual_deficit_usd,5,8.634406318634854,12.563859082495501,12.250003121912453,3.1579192063790464,25.168300277576297,0.488960588505576,32.77235864358584
ssp245,mid,citizens_tier1_capacity_usd,5,0.0,9.860761315262648e-33,1.56117514258404e-16,-1.3247010359292595e-16,1.32470103592926e-16,-2.2078350598820995e-16,2.2078350598821e-16
ssp245,mid,citizens_tier1_usd,5,3.634698997055192,4.5082979581244444,3.8853040052213164,1.1141647634508265,8.663066075881828,0.6247200174933307,10.447852592035884
ssp245,mid,citizens_tier2_capacity_usd,5,0.0,0.0,0.0,0.0,0.0,0.0,0.0
ssp245,mid,citizens_tier2_usd,5,4.268426457670688,5.2644589988276875,4.458017052076613,1.336340457814135,10.01080274988976,0.59266016836626,12.035318797217704
ssp245,mid,defaulted_premium_base_pct,5,4.854867304055447,6.061243046119683,5.257790637703378,1.4455824377757858,11.665191572819628,0.5859263520700375,14.065247847821084
ssp245,mid,defaults_post,5,5.64971037388099,7.18254415254746,6.264039957024821,1.7345457092367198,13.845019551007216,0.5914811229428849,16.780324400564176
ssp245,mid,defaults_pre,5,5.726541733120681,7.2517225971079515,6.367720096260693,1.7265417199502742,14.010881113697915,0.5722710357408282,17.05070062766196
ssp245,mid,diag_group_shortfall_total_usd,5,29.074030266192654,52.46521558037703,69.6084306837597,6.813817422546164,121.38036888708653,0.6390288725330584,173.82780740424542
ssp245,mid,diag_groups_fully_funded_share,5,-0.0034339541357370114,-0.0025837481888461066,0.001752625625820461,-0.004040419437252049,-0.0006300458582119883,-0.0040547053104939565,-0.00032804754983918567
ssp245,mid,diag_groups_with_shortfall,5,8.033962264150944,11.473570358263114,10.709361245754897,2.3968764467958925,23.032133823529414,0.5787722972972972,27.898500000000002
ssp245,mid,fhcf_recovery_citizens_usd,5,7.813708436259744,8.829765869220685,7.967305449171439,2.284616816539539,16.65081028067726,0.2522599429488082,21.754633723447803
ssp245,mid,fhcf_recovery_private_usd,5,7.068733138279164,9.845324123598065,9.247040950451021,2.534430597067934,19.40762749331566,0.48154598068679766,24.91296951180882
ssp245,mid,fhcf_scaling_factor,5,-0.0298830267847083,-0.02465903457509095,0.0171136455958446,-0.04020138052679084,-0.0059569739904141335,-0.042337382357850895,-0.0016300980466811112
ssp245,mid,fhcf_shortfall_usd,5,22.23405852882222,149.8552938416517,300.7413425408427,5.3541986363382135,423.05588335716755,0.42338584177058197,687.5422027668855
ssp245,mid,fhcf_total_postcap_usd,5,6.7426222695918465,9.64535238480163,9.036757059785959,2.606770524987084,18.95723698089722,0.4456857344463639,24.40607248614256
ssp245,mid,fhcf_total_precap_usd,5,8.724834465681557,13.566076731667014,13.913560969476093,3.6015083018918985,27.537590040544984,0.4394859615171267,37.04490736536023
ssp245,mid,figa_collected_usd,5,4.322244519345491,5.441345129867989,4.801819680433479,1.2895825482638945,10.55460695628044,0.5879122359747228,12.864073026758035
ssp245,mid,figa_residual_deficit_usd,5,11.210721846894584,19.334943885376823,21.106008503751045,4.494783574731379,40.84072443236976,0.585353397832952,55.16419147769365
ssp245,mid,flood_insured_capped_pct,5,0.40983678863918716,0.5690201820896649,0.46734328736680764,0.15331361111002925,1.0812954707752012,0.14806219837177115,1.1544549674361058
ssp245,mid,flood_insured_capped_usd,5,7.297058430094994,8.881938561715135,7.998500254348734,2.237408538261402,17.006835906257734,0.2867201342304435,21.709233331403887
ssp245,mid,flood_un_derinsured_pct,5,0.46928957389904774,0.6244183536642707,0.45856661669815646,0.2123799689574224,1.1174282736213998,0.20925877327203493,1.1341780507774657
ssp245,mid,flood_un_derinsured_usd,5,8.699199923608395,10.764634824936897,9.692221841186816,2.6915670475332427,20.70815067810656,0.47678594441909455,26.27385428162771
ssp245,mid,group_contrib_total_usd,5,11.077283766131671,19.071709517582704,20.974053284250576,4.552993992375598,40.23834275578543,0.5503702191835399,54.84378587805787
ssp245,mid,group_supported_companies,5,5.938585496866607,7.5011139364620565,6.65624080513019,1.7539858877022318,14.5508506360013,0.5772980928391509,17.812916154791154
ssp245,mid,insured_citizens_wind_pre_usd,5,6.841258781131645,9.170638737734544,8.317324949339046,2.3587359315131797,17.832084092216746,0.4631443588146142,22.46708594475288
ssp245,mid,insured_flood_pre_usd,5,7.297058430094994,8.882027056692252,7.998515072806516,2.237408538261402,17.00701289621197,0.2867201342304435,21.709233331403887
ssp245,mid,insured_private_wind_pre_usd,5,7.835784409666416,10.420796062453444,9.565092308627836,2.4989751193527012,20.44842371427992,0.5510270470366309,25.649575315924864
ssp245,mid,largest_entity_deficit_usd,5,9.954063960974008,15.534652031831664,15.684318651428159,3.67465904740861,31.825397710916327,0.5693003869075012,41.492591008348576
ssp245,mid,nfip_borrowed_usd,5,12.200297767232053,15.885083732428185,16.09021434193477,4.651074825160406,30.883441684244858,0.09697762905414689,43.12536312815442
ssp245,mid,nfip_claims_paid_usd,5,7.297058430094994,8.881938561715135,7.998500254348734,2.237408538261402,17.006835906257734,0.2867201342304435,21.709233331403887
ssp245,mid,nfip_fl_premium_base_usd,5,0.0,0.0,0.0,0.0,0.0,0.0,0.0
ssp245,mid,nfip_fl_premium_depletion_usd,5,3.9126132302728944,5.009580126950192,4.3230701948724315,1.253296039139982,9.634090006059425,0.5509190683173589,11.615436348723552
ssp245,mid,nfip_pool_used_usd,5,4.717455784958652,6.07786478996029,5.3511042162059415,1.4778322527969796,11.758580500018192,0.48139541644348116,14.356932017946775
ssp245,mid,rescued_defaults,5,5.857914640734737,7.413673565848259,6.589247366834385,1.731774508832522,14.39418753249139,0.5777265988372092,17.631177230769232
ssp245,mid,total_damage_usd,5,7.942191516311128,10.378603686054444,9.516864995585443,2.4882788631262374,20.31074321562443,0.5291173860248567,25.564339179806314
ssp245,mid,underinsured_wind_usd,5,7.878925573230115,10.323018205799386,9.449623518801154,2.4214121593609894,20.231317327324746,0.49650136491233043,25.294815156982718
ssp245,mid,uninsured_wind_usd,5,8.058175941655277,10.494277490119602,9.687621447150761,2.4594739524420075,20.60250610196967,0.5152336727178325,25.968243581455095
ssp245,mid,water_total_usd,5,8.398536945750354,10.394602727852634,9.3696160823367,2.6113240379464773,19.99302237825616,0.4595140226383582,25.41326467134918
ssp245,mid,wind_insured_citizens_pct,5,0.4323703377613327,0.6083697976875901,0.4642793536974272,0.20149466632639473,1.1187778936243862,0.19799837291296118,1.1844071254877062
ssp245,mid,wind_insured_citizens_usd,5,6.841258781131645,9.170638737734544,8.317324949339046,2.3587359315131797,17.832084092216746,0.4631443588146142,22.46708594475288
ssp245,mid,wind_insured_private_pct,5,0.4613099947959021,0.618023674801681,0.4470170945762218,0.21869018344272148,1.0988770306806779,0.217330599757058,1.1128887124349334
ssp245,mid,wind_insured_private_usd,5,7.835784409666416,10.420796062453444,9.565092308627836,2.4989751193527012,20.44842371427992,0.5510270470366309,25.649575315924864
ssp245,mid,wind_total_usd,5,7.865059576865943,10.379731923462824,9.544294190088115,2.469460367264876,20.37088504004597,0.5423707450964046,25.59215621056146
ssp245,mid,wind_underinsured_pct,5,0.45173713220674844,0.621129726583509,0.4655753545761553,0.20614268789601384,1.1232841673927174,0.19900979747794398,1.1403014775441196
ssp245,mid,wind_underinsured_usd,5,7.878925573230115,10.323018205799386,9.449623518801154,2.4214121593609894,20.231317327324746,0.49650136491233043,25.294815156982718
ssp245,mid,wind_uninsured_pct,5,0.4726749130627736,0.6265589600880956,0.4654770960774774,0.20653457776613163,1.1253613247015846,0.20181634865819648,1.1374233889249759
ssp245,mid,wind_uninsured_usd,5,8.058175941655277,10.494277490119602,9.687621447150761,2.4594739524420075,20.60250610196967,0.5152336727178325,25.968243581455095
ssp245,mid,year_id,5,0.0,0.0,0.0,0.0,0.0,0.0,0.0
ssp245,near,catbond_issue_volume_year_usd,5,0.0,0.0,0.0,0.0,0.0,0.0,0.0
ssp245,near,catbond_limit_in_force_usd,5,0.0,0.0,0.0,0.0,0.0,0.0,0.0
ssp245,near,catbond_payout_usd,5,2.4403259017371215,2.636191530057078,2.1171543794857564,0.5560749781632437,4.855724435103745,0.4063161429675533,5.171417426270852
ssp245,near,catbond_triggers,5,2.0302898234909565,2.241602655291614,1.786432528628881,0.49888430238695686,4.120278365996671,0.38940586432366164,4.350960571660247
ssp245,near,citizens_residual_deficit_usd,5,7.9790594920633575,8.833073676518653,8.394880270368063,1.1297390520501533,17.677202423794533,0.410886456825967,21.251203141337648
ssp245,near,citizens_tier1_capacity_usd,5,0.0,4.4156701197641997e-17,9.873738554007388e-17,0.0,1.32470103592926e-16,0.0,2.2078350598821e-16
ssp245,near,citizens_tier1_usd,5,3.289985728772481,3.5149006401161196,2.892388571746423,0.6983567498174388,6.560949335109714,0.44257046670656053,7.284925014312968
ssp245,near,citizens_tier2_capacity_usd,5,0.0,0.0,0.0,0.0,0.0,0.0,0.0
ssp245,near,citizens_tier2_usd,5,3.8216342890624806,3.956621505792577,3.2427137476281023,0.7186007192068833,7.322126639789017,0.384171275444766,7.896519039733931
ssp245,near,defaulted_premium_base_pct,5,4.3880685219264235,4.64917809495114,3.82654141642882,0.8504585843504204,8.642561722189484,0.37542363935666345,9.374033987684305
ssp245,near,defaults_post,5,5.061506055818851,5.358553740913583,4.481666300093807,0.9197521035338185,10.041236161719576,0.3900182854684307,10.952397743300423
ssp245,near,defaults_pre,5,5.13290802764487,5.384211102519816,4.534073760925687,0.8965354359749369,10.118504711165896,0.3847628606175258,11.114142905178213
ssp245,near,diag_group_shortfall_total_usd,5,13.265874663685333,30.17653614744728,41.3020299112643,2.323857658820786,73.04154198457971,0.531753448226668,101.06163262167361
ssp245,near,diag_groups_fully_funded_share,5,-0.002105488751704182,-0.0020138474629652217,0.0016744200715679129,-0.003673115643633181,-0.0003017362448289271,-0.0037131078604712236,-0.00023365445559546733
ssp245,near,diag_groups_with_shortfall,5,7.222641509433963,8.211677643070251,7.399293230384193,1.0116267953667952,16.02624660633484,0.41223513513513516,17.10563846153846
ssp245,near,fhcf_recovery_citizens_usd,5,5.00989409919798,6.477992189065937,5.566568956349194,1.5628504172303765,12.38470377301555,0.2086928255048389,14.768944433461387
ssp245,near,fhcf_recovery_private_usd,5,6.247285105944515,7.056379475783338,6.366165357873244,1.1146474870183252,13.802551974120691,0.3176706153750066,16.19910214437573
ssp245,near,fhcf_scaling_factor,5,-0.01861388054514516,-0.0178180626765005,0.01534499545084734,-0.03333103009314117,-0.002249813544578264,-0.035213414418221366,-0.0017379380956611434
ssp245,near,fhcf_shortfall_usd,5,9.694541575167703,86.76079029981521,175.4955055292912,2.5406927517711293,247.28003496118404,0.38530114632731877,400.49951757063155
ssp245,near,fhcf_total_postcap_usd,5,6.014782760345971,6.940456736382468,6.241781700451251,1.1591989690182434,13.569840509434862,0.3006265318449485,15.969569017287826
ssp245,near,fhcf_total_precap_usd,5,6.9959542234871375,9.02631928446089,9.048695633266743,1.360238426675717,18.6185313428686,0.32416760400587075,23.298396846081086
ssp245,near,figa_collected_usd,5,3.930019104450291,4.250041812982182,3.5000094173746783,0.8272397328443741,7.932197256891972,0.3639243444746912,8.792880683285798
ssp245,near,figa_residual_deficit_usd,5,9.600465771801888,12.52243784866888,13.48640482524837,1.3984665659632578,26.74061348340915,0.4742323508680882,34.197720952908924
ssp245,near,flood_insured_capped_pct,5,0.38929036222513147,0.518774702527986,0.43011729845317814,0.12318397700331091,0.9793468048473424,0.10458055775073825,0.9989070506729311
ssp245,near,flood_insured_capped_usd,5,7.3065088186573055,6.877549611708325,5.871906390457385,1.1604334097121236,12.781039595599655,0.30110032497219974,15.243786221818048
ssp245,near,flood_un_derinsured_pct,5,0.44581135951315726,0.5974611607028816,0.4611168630972932,0.18174838328860615,1.0986689339070406,0.1717372198592314,1.1473604781165005
ssp245,near,flood_un_derinsured_usd,5,7.860726646704598,7.6752283395104755,6.747125732391555,1.1414411648941312,14.581045520426821,0.36060972887922166,17.220993596029977
ssp245,near,group_contrib_total_usd,5,9.533668517338453,12.431792673157913,13.534065649309357,1.4414765968539067,26.58934702461528,0.453710372943185,34.449818037500506
ssp245,near,group_supported_companies,5,5.321217547000896,5.5253840170360515,4.711133360406266,0.8816152237015713,10.444412408978907,0.40700949982007933,11.611723587223587
ssp245,near,insured_citizens_wind_pre_usd,5,6.318158908921383,6.654282642125553,5.910804567861851,0.9692191515399375,12.851284856545393,0.37094942600423636,14.825062011009654
ssp245,near,insured_flood_pre_usd,5,7.311596789630856,6.8785672059030345,5.871999753217033,1.1604334097121236,12.781039595599655,0.30110032497219974,15.243786221818048
ssp245,near,insured_private_wind_pre_usd,5,6.831891219435765,7.269175693963969,6.568199836277826,1.0106280206400151,14.17223524502364,0.4155385262109576,16.470803301339156
ssp245,near,largest_entity_deficit_usd,5,8.530801795715721,10.302048462809926,10.2744895188312,1.238043278716633,21.235904349472154,0.45366180193403105,25.95719530234208
ssp245,near,nfip_borrowed_usd,5,11.005195473292718,12.327293126544648,12.05235398457887,2.533626198476945,24.211172670042405,0.3062418935393871,32.155212130196325
ssp245,near,nfip_claims_paid_usd,5,7.3065088186573055,6.877549611708325,5.871906390457385,1.1604334097121236,12.781039595599655,0.30110032497219974,15.243786221818048
ssp245,near,nfip_fl_premium_base_usd,5,0.0,0.0,0.0,0.0,0.0,0.0,0.0
ssp245,near,nfip_fl_premium_depletion_usd,5,3.5342455882139463,3.7865616500278305,3.1192824611980092,0.7040382987828722,7.052311614199538,0.36523571420156603,7.619388526860073
ssp245,near,nfip_pool_used_usd,5,4.231689445447661,4.543375265059839,3.8479167972882826,0.7609452474363123,8.583055773984562,0.3136952107351468,9.435936136666152
ssp245,near,rescued_defaults,5,5.254997298757428,5.464927365148883,4.653358367677165,0.8784609758046076,10.325080033983927,0.40899153343023237,11.469434461538462
ssp245,near,total_damage_usd,5,7.0638090210194076,7.270077121080588,6.500730592831158,1.018110866368603,14.046558238018417,0.40569371364340173,16.344498639524623
ssp245,near,underinsured_wind_usd,5,7.104042975796164,7.227338847442897,6.420503484563455,0.9938808014153193,13.903767373042486,0.37470956510142894,16.048228784350957
ssp245,near,uninsured_wind_usd,5,7.086309253740188,7.22698367748705,6.493226752099233,0.9612234168177501,13.984047192518643,0.38596076429783177,16.243174014994015
ssp245,near,water_total_usd,5,7.741885015290371,7.527416344130351,6.582137885147565,1.1565695730405696,14.249263693379248,0.3680480769852503,16.870724844391066
ssp245,near,wind_insured_citizens_pct,5,0.3809669644406065,0.5434326014722164,0.427497466575821,0.16377510211609606,1.00711769196454,0.15082764433896972,1.0312442402232593
ssp245,near,wind_insured_citizens_usd,5,6.318158908921383,6.654282642125553,5.910804567861851,0.9692191515399375,12.851284856545393,0.37094942600423636,14.825062011009654
ssp245,near,wind_insured_private_pct,5,0.4166195001826242,0.5830973086925376,0.45583347429263393,0.17870140554030206,1.0747410633274894,0.17866436222267199,1.0908138955561584
ssp245,near,wind_insured_private_usd,5,6.831891219435765,7.269175693963969,6.568199836277826,1.0106280206400151,14.17223524502364,0.4155385262109576,16.470803301339156
ssp245,near,wind_total_usd,5,6.949199970165953,7.226944897113048,6.486649788326939,0.9962522139544467,14.010051119383483,0.41286191810698475,16.247605717784094
ssp245,near,wind_underinsured_pct,5,0.4213030457199768,0.5727854146692758,0.4595772504676816,0.15815409669021013,1.0671234073263345,0.15343687890098232,1.0877025859289366
ssp245,near,wind_underinsured_usd,5,7.104042975796164,7.227338847442897,6.420503484563455,0.9938808014153193,13.903767373042486,0.37470956510142894,16.048228784350957
ssp245,near,wind_uninsured_pct,5,0.4252362277891347,0.580255496317882,0.45864507211125755,0.16796503302889076,1.0744182516507146,0.16360163140595124,1.0962322843915242
ssp245,near,wind_uninsured_usd,5,7.086309253740188,7.22698367748705,6.493226752099233,0.9612234168177501,13.984047192518643,0.38596076429783177,16.243174014994015
ssp245,near,year_id,5,0.0,0.0,0.0,0.0,0.0,0.0,0.0
ssp585,mid,catbond_issue_volume_year_usd,5,0.0,0.0,0.0,0.0,0.0,0.0,0.0
ssp585,mid,catbond_limit_in_force_usd,5,0.0,0.0,0.0,0.0,0.0,0.0,0.0
ssp585,mid,catbond_payout_usd,5,3.242418209825849,4.399548117854357,3.687811833611324,1.0105326972683135,8.393023587989095,0.7108434073816641,8.796293260013506
ssp585,mid,catbond_triggers,5,2.6409239485726737,3.5206918853922518,2.8978007642578696,0.8374021349428502,6.65362236598226,0.528356534671812,7.001695013176566
ssp585,mid,citizens_residual_deficit_usd,5,12.734626571612381,25.119316930263448,25.474416854737882,3.571775470806549,53.10188252341877,2.8402874141702075,54.80408639754666
ssp585,mid,citizens_tier1_capacity_usd,5,0.0,4.4156701197641997e-17,9.873738554007388e-17,0.0,1.32470103592926e-16,0.0,2.2078350598821e-16
ssp585,mid,citizens_tier1_usd,5,4.458197961800736,6.228629913270208,5.3438754782848585,1.4428251362140243,12.0968450696008,1.1910566071625064,13.137391212811014
ssp585,mid,citizens_tier2_capacity_usd,5,0.0,-3.3117525898231494e-17,7.405303915505541e-17,-9.935257769469449e-17,0.0,-1.6558762949115748e-16,0.0
ssp585,mid,citizens_tier2_usd,5,5.363000525908557,7.58856462749502,6.52816466153613,1.7230681788000435,14.663971534636993,1.6028798420477228,15.172673502004354
ssp585,mid,defaulted_premium_base_pct,5,6.255411917739236,9.117833347404957,7.996719367677872,2.036989104514393,17.86465502793065,2.0005153120811454,18.84019571157296
ssp585,mid,defaults_post,5,7.481937862032647,11.372029930583645,10.280286808185682,2.3000616489303765,22.537182708620275,2.247499193288158,23.182299012693935
ssp585,mid,defaults_pre,5,7.617889420521,11.581758882022408,10.487788374815084,2.3165009015699383,22.975727249462583,2.22394162556584,23.655389150414706
ssp585,mid,diag_group_shortfall_total_usd,5,31.04833770494996,140.96458648025683,181.17737722267017,10.536964146558159,343.93060842607224,4.381850063998871,420.40682340648465
ssp585,mid,diag_groups_fully_funded_share,5,-0.004932251742160335,-0.004928950344559458,0.00428302880919748,-0.009275157110441414,-0.0010788443260969648,-0.011532103636408325,-0.0008129035850096631
ssp585,mid,diag_groups_with_shortfall,5,11.773584905660378,20.608673690006015,20.276056524376152,3.1027021553655896,42.87574921945701,2.607194932432432,44.74549485294117
ssp585,mid,fhcf_recovery_citizens_usd,5,6.848106863452335,13.73043816504627,12.8178988965537,3.030845178859924,27.941664385596386,1.6816789711192777,29.57270092760426
ssp585,mid,fhcf_recovery_private_usd,5,9.407747815328644,15.810171594026794,14.980133552248052,2.8670630718489485,32.40079694600408,2.132997900549906,34.92008187910456
ssp585,mid,fhcf_scaling_factor,5,-0.05136962300830263,-0.05322060705834547,0.050720807364215706,-0.10408746542717046,-0.010259442646253655,-0.1348966403621333,-0.00737107543813776
ssp585,mid,fhcf_shortfall_usd,5,18.365246146269712,278.083646136725,547.8619013738493,8.947354408392014,791.9130125136289,4.222518263981818,1255.973347271411
ssp585,mid,fhcf_total_postcap_usd,5,8.926798364462597,15.445270276218361,14.638707401856292,2.8710617167285326,31.673612670001837,2.0624117972615514,34.06185410313189
ssp585,mid,fhcf_total_precap_usd,5,11.443467550104813,24.01112697125918,24.559047606098854,3.902844222442382,51.54471329794295,2.662960409371549,57.350492580172926
ssp585,mid,figa_collected_usd,5,5.430633576425862,7.862618928820348,6.890707461120404,1.8451927911785964,15.47756687937289,1.7355552019694782,17.113321015436203
ssp585,mid,figa_residual_deficit_usd,5,17.00985534985248,39.01514594580208,42.25752861840032,4.779847154787069,86.45585676183416,3.429516776545403,96.61725404824482
ssp585,mid,flood_insured_capped_pct,5,0.3316601319223508,0.5063696763158093,0.5825893740779695,-0.04331755362129691,1.0916056502112885,-0.28044220309856943,1.1215061867351366
ssp585,mid,flood_insured_capped_usd,5,11.108394601451254,17.10693762834415,16.131441432020083,2.751255042147335,34.70358298215489,2.1784789404486706,36.24312410052348
ssp585,mid,flood_un_derinsured_pct,5,0.5092233376814591,0.6345732215630288,0.5515754961785454,0.10147683184731454,1.1717210904856614,-0.13735030496045292,1.1760543763579627
ssp585,mid,flood_un_derinsured_usd,5,12.853509926755866,20.009865409594894,18.788483136028173,3.29576776814435,40.383456887306785,2.576573958454861,41.42791507636359
ssp585,mid,group_contrib_total_usd,5,16.81570001027014,38.263221493660204,41.48834191233177,4.900030417076246,84.87353967862387,3.369051107547978,96.49798445489078
ssp585,mid,group_supported_companies,5,7.985138764547896,12.2378097861794,11.210029061382354,2.3459086681989354,24.405608752834258,2.28284478229579,25.066921990171988
ssp585,mid,insured_citizens_wind_pre_usd,5,9.717026176745312,17.36517811938607,16.908898192698704,2.8199829276694297,35.72985292372428,2.3959221137573636,36.13552830284112
ssp585,mid,insured_flood_pre_usd,5,11.108394601451254,17.11152870388988,16.136882329746,2.751255042147335,34.71276513324636,2.1784789404486706,36.24312410052348
ssp585,mid,insured_private_wind_pre_usd,5,11.292062279508134,19.598523429277684,19.076609564426576,3.0786845376125958,40.2896172829913,2.6707378047103676,40.76966156454856
ssp585,mid,largest_entity_deficit_usd,5,14.792800617659186,30.978085706200893,32.09641020679544,4.203851622558877,66.61465754793774,3.200942837444399,70.69634718834808
ssp585,mid,nfip_borrowed_usd,5,19.47897998703147,33.41183935485607,34.896467004635596,5.362622273502593,71.7399736644031,2.628313247142722,87.72423286788792
ssp585,mid,nfip_claims_paid_usd,5,11.108394601451254,17.10693762834415,16.131441432020083,2.751255042147335,34.70358298215489,2.1784789404486706,36.24312410052348
ssp585,mid,nfip_fl_premium_base_usd,5,0.0,0.0,0.0,0.0,0.0,0.0,0.0
ssp585,mid,nfip_fl_premium_depletion_usd,5,4.861638257505656,7.184941143126712,6.366074125790195,1.514151975134477,14.108889372408962,1.3637976964557053,14.625274125005683
ssp585,mid,nfip_pool_used_usd,5,5.94902843457353,9.197138991912023,8.426838111349829,1.7798646501441382,18.297717964365695,1.7662609882857618,18.54831903429025
ssp585,mid,rescued_defaults,5,7.850351161534306,11.979838178909613,10.950989070712168,2.3144622143172966,23.883123340068884,2.26149476744186,24.628753538461535
ssp585,mid,total_damage_usd,5,11.423325239432678,19.471733526917603,18.945636824678477,3.0000962384557495,40.02747975511154,2.6378333998414494,40.62936177768434
ssp585,mid,underinsured_wind_usd,5,11.33992489136848,19.47419803572384,19.012399150851536,2.9568981609101215,40.04923860426063,2.5732950223927116,40.395258228959584
ssp585,mid,uninsured_wind_usd,5,11.425927175648782,19.659772645332687,19.193809978398548,2.997852384585201,40.51808252514661,2.5938572931010775,41.239945153528666
ssp585,mid,water_total_usd,5,12.479302635381122,19.415899855719452,18.30358738772666,3.1502609715093994,39.29740247652355,2.5473115524210996,40.490612401311346
ssp585,mid,wind_insured_citizens_pct,5,0.3518519553198125,0.5631315416095724,0.600353919681543,0.008845653370810586,1.18498019045047,-0.212643881441706,1.2541615950920102
ssp585,mid,wind_insured_citizens_usd,5,9.717026176745312,17.36517811938607,16.908898192698704,2.8199829276694297,35.72985292372428,2.3959221137573636,36.13552830284112
ssp585,mid,wind_insured_private_pct,5,0.48355503658512855,0.6261883593258086,0.5535224079748484,0.09759523040063067,1.169986264380726,-0.1461310013750625,1.1892649551940169
ssp585,mid,wind_insured_private_usd,5,11.292062279508134,19.598523429277684,19.076609564426576,3.0786845376125958,40.2896172829913,2.6707378047103676,40.76966156454856
ssp585,mid,wind_total_usd,5,11.244842933474514,19.489872752306525,19.066094366158175,2.977223713620123,40.16658047964372,2.655069902350961,40.654909407851996
ssp585,mid,wind_underinsured_pct,5,0.46951488760136495,0.6209315403726438,0.5723896546178656,0.07378990175765501,1.1897904958310972,-0.1619724493276382,1.2095888087476916
ssp585,mid,wind_underinsured_usd,5,11.33992489136848,19.47419803572384,19.012399150851536,2.9568981609101215,40.04923860426063,2.5732950223927116,40.395258228959584
ssp585,mid,wind_uninsured_pct,5,0.46940930321752417,0.6241033180046314,0.5759689201773011,0.07497578672455332,1.192556970927723,-0.16988897340433126,1.2053381880544478
ssp585,mid,wind_uninsured_usd,5,11.425927175648782,19.659772645332687,19.193809978398548,2.997852384585201,40.51808252514661,2.5938572931010775,41.239945153528666
ssp585,mid,year_id,5,0.0,0.0,0.0,0.0,0.0,0.0,0.0
ssp585,near,catbond_issue_volume_year_usd,5,0.0,0.0,0.0,0.0,0.0,0.0,0.0
ssp585,near,catbond_limit_in_force_usd,5,0.0,0.0,0.0,0.0,0.0,0.0,0.0
ssp585,near,catbond_payout_usd,5,2.752715041342861,3.128616262905417,2.4200212373733474,0.7522090856791674,5.660920402187407,0.402494605266256,5.882420287698162
ssp585,near,catbond_triggers,5,2.26559163216387,2.615982920741341,2.0001687452782915,0.6656443280573735,4.713667855673235,0.4049679352268083,4.862947040340564
ssp585,near,citizens_residual_deficit_usd,5,10.094424337119872,12.24892785099355,9.82243604458453,3.2125386964904825,22.478216244155412,0.08513542308368575,26.06820944445002
ssp585,near,citizens_tier1_capacity_usd,5,0.0,4.4156701197641997e-17,9.873738554007388e-17,0.0,1.32470103592926e-16,0.0,2.2078350598821e-16
ssp585,near,citizens_tier1_usd,5,3.732189528240691,4.2815412899723695,3.3353124522409963,1.017688199373861,7.789355406953824,0.40872161247961875,8.275462575916494
ssp585,near,citizens_tier2_capacity_usd,5,0.0,0.0,0.0,0.0,0.0,0.0,0.0
ssp585,near,citizens_tier2_usd,5,4.349764468196823,4.932627368943395,3.829865479172391,1.148758495898172,8.912566881288893,0.2638755303851187,9.416006602509903
ssp585,near,defaulted_premium_base_pct,5,5.009162210279598,5.813932469454082,4.630975530613689,1.293506886800091,10.682644142584587,0.31857158483155024,11.441183288110205
ssp585,near,defaults_post,5,5.869931542917324,6.842612652247494,5.433168514895265,1.5434591758327096,12.542210748170115,0.28052059804237917,13.461565585331453
ssp585,near,defaults_pre,5,5.961589580010633,6.887712300581309,5.468719515707386,1.5418608091571573,12.618767986166763,0.2783194986825214,13.57088063214526
ssp585,near,diag_group_shortfall_total_usd,5,33.559814291352176,43.238832671965056,42.7001012174157,8.305356205066614,87.1902108029264,-0.19149325642577877,112.40063015944466
ssp585,near,diag_groups_fully_funded_share,5,-0.0025904540978638957,-0.002599290402354527,0.002096195491619129,-0.004707046552538324,-0.0004417251958482224,-0.004888882508892319,-4.298040522293187e-05
ssp585,near,diag_groups_with_shortfall,5,8.864150943396227,10.774905916155266,9.014444668436663,2.0133551833976835,20.215091515837106,0.07583006756756765,21.045646153846157
ssp585,near,fhcf_recovery_citizens_usd,5,8.472354993286526,8.730146931598796,6.78323294572212,2.2152087798726665,15.493514109091022,-0.03874216884582601,18.22559728424934
ssp585,near,fhcf_recovery_private_usd,5,7.240774007720124,9.09854730865518,7.405428161220406,2.3373779126955085,16.892419874406592,0.1199794864264161,19.52508437797253
ssp585,near,fhcf_scaling_factor,5,-0.021917175044936996,-0.025055103653765304,0.018909769731924646,-0.04429442019308445,-0.006298555059006153,-0.044811295961458955,-0.001436893851215027
ssp585,near,fhcf_shortfall_usd,5,26.882858719197877,107.33339749247546,201.84350159655563,5.517050808397995,292.04006063820066,0.3882243666733788,467.82907537996084
ssp585,near,fhcf_total_postcap_usd,5,6.931750927960768,8.997441954660232,7.293408053332054,2.442318184286089,16.66220109591095,0.09515548188647993,19.31652322841794
ssp585,near,fhcf_total_precap_usd,5,9.10855485033655,12.305663723819837,10.309328757983973,3.548325030628648,23.027868742437647,0.17663392506647038,27.86480740273971
ssp585,near,figa_collected_usd,5,4.406981979193844,5.213159450390427,4.171926144656333,1.1991474600623366,9.6398110645747,0.3539287816015427,10.523233296067051
ssp585,near,figa_residual_deficit_usd,5,12.4409917937553,17.31180648516004,15.102148192658175,4.513917193826087,33.225013925965165,0.19079599789235627,40.26777833697408
ssp585,near,flood_insured_capped_pct,5,0.43356724877527064,0.5857021426089692,0.4779857342741041,0.1487397229575912,1.0977420108926874,0.1277666558723994,1.1147550848398429
ssp585,near,flood_insured_capped_usd,5,9.010155488762292,8.921602158580548,6.530466286832558,2.3894120751095187,15.320226441038594,0.0006228349920525349,17.351859137467596
ssp585,near,flood_un_derinsured_pct,5,0.4933976462374882,0.6347135002496834,0.4465504462612394,0.22980237260976838,1.114908736311376,0.22482050277634677,1.1383953318075175
ssp585,near,flood_un_derinsured_usd,5,9.850473109805261,10.115845207986037,7.344111188850007,2.7308237952336243,17.42581128361297,0.15168280473342252,19.173986729249698
ssp585,near,group_contrib_total_usd,5,12.365897924908898,17.065410710673383,14.832242838282054,4.656690685429195,32.54052854931698,0.18430772864919256,39.879477188165644
ssp585,near,group_supported_companies,5,6.216472694717995,7.087915965172712,5.613822569664302,1.580774380472592,12.961109324717558,0.30040174523209795,13.962802518427518
ssp585,near,insured_citizens_wind_pre_usd,5,7.779949040099188,9.001713311686121,6.928170492677712,2.340478939633842,16.171446420538885,0.11647401476959342,17.98591774943121
ssp585,near,insured_flood_pre_usd,5,9.01644629469325,8.92286031976674,6.53048821867185,2.3894120751095187,15.320226441038594,0.0006228349920525349,17.351859137467596
ssp585,near,insured_private_wind_pre_usd,5,8.490010906200652,9.73051483479357,7.568156911304774,2.3976055707357427,17.60763454579402,0.23493641577500332,19.466137631339404
ssp585,near,largest_entity_deficit_usd,5,10.932182556503069,14.211092724824576,11.728451057163724,3.630360293057332,26.62294333440888,0.18653605524498426,30.83341994684644
ssp585,near,nfip_borrowed_usd,5,15.71153321383595,16.363195600435123,12.392791610226869,5.945036875141826,27.40871798837403,-0.19518424533289724,34.75506898623285
ssp585,near,nfip_claims_paid_usd,5,9.010155488762292,8.921602158580548,6.530466286832558,2.3894120751095187,15.320226441038594,0.0006228349920525349,17.351859137467596
ssp585,near,nfip_fl_premium_base_usd,5,0.0,0.0,0.0,0.0,0.0,0.0,0.0
ssp585,near,nfip_fl_premium_depletion_usd,5,4.045209956759715,4.78360519930958,3.8312564751367275,1.054659382181871,8.81528646282141,0.2831742120852596,9.320922933354774
ssp585,near,nfip_pool_used_usd,5,4.879636544917069,5.783524620276609,4.642537070270771,1.2694585891344266,10.660584020516188,0.19714335709399386,11.377096578227132
ssp585,near,rescued_defaults,5,6.118314424635332,7.006085941721004,5.56538260611101,1.557477389650874,12.838387876463838,0.3050994549418604,13.84999630769231
ssp585,near,total_damage_usd,5,8.779211599489296,9.785749976675808,7.5339638176902985,2.436216069951405,17.566666773659247,0.206914038336662,19.50842361193711
ssp585,near,underinsured_wind_usd,5,8.785096723413512,9.79556335054841,7.605853474586451,2.353902521751335,17.669561169833553,0.20355549099149906,19.528322908275857
ssp585,near,uninsured_wind_usd,5,8.819709199386548,9.854021882390187,7.669839311588198,2.4035179879935744,17.794434814180136,0.19000218716931547,19.898961398570446
ssp585,near,water_total_usd,5,9.67028273710879,9.887283927634986,7.187888008679263,2.6735002214547614,17.033096595171102,0.13764036741675348,18.863069913580286
ssp585,near,wind_insured_citizens_pct,5,0.4318591958159023,0.5998132894958204,0.44901992927383017,0.1959414918575836,1.0909159542846383,0.14454385881496426,1.155328868569746
ssp585,near,wind_insured_citizens_usd,5,7.779949040099188,9.001713311686121,6.928170492677712,2.340478939633842,16.171446420538885,0.11647401476959342,17.98591774943121
ssp585,near,wind_insured_private_pct,5,0.4548757669317575,0.6182815814296218,0.4514323311339293,0.21682532585038727,1.1045904844145167,0.21525085510070838,1.1187639157911087
ssp585,near,wind_insured_private_usd,5,8.490010906200652,9.73051483479357,7.568156911304774,2.3976055707357427,17.60763454579402,0.23493641577500332,19.466137631339404
ssp585,near,wind_total_usd,5,8.628601906492744,9.773387252179475,7.600104910588037,2.3988355934933008,17.665969317811832,0.22010461980048646,19.627251227915917
ssp585,near,wind_underinsured_pct,5,0.45435168038209206,0.6212777166293206,0.45520757948291535,0.21759819122487123,1.1125185039907148,0.21711635536379617,1.129393315185111
ssp585,near,wind_underinsured_usd,5,8.785096723413512,9.79556335054841,7.605853474586451,2.353902521751335,17.669561169833553,0.20355549099149906,19.528322908275857
ssp585,near,wind_uninsured_pct,5,0.460344618993439,0.6233980987169592,0.4506711822654903,0.220126617710038,1.1105249161759032,0.20702924176639986,1.132936678480591
ssp585,near,wind_uninsured_usd,5,8.819709199386548,9.854021882390187,7.669839311588198,2.4035179879935744,17.794434814180136,0.19000218716931547,19.898961398570446
ssp585,near,year_id,5,0.0,0.0,0.0,0.0,0.0,0.0,0.0
