pathway,time_category,metric,era5_baseline,delta_median,delta_p10,delta_p90,scaled_median,scaled_p10,scaled_p90,n_models
ssp245,mid,catbond_issue_volume_year_usd,9464500000.0,0.0,0.0,0.0,9464500000.0,9464500000.0,9464500000.0,5
ssp245,mid,catbond_limit_in_force_usd,9464500000.0,0.0,0.0,0.0,9464500000.0,9464500000.0,9464500000.0,5
ssp245,mid,catbond_payout_usd,511945273.42870957,814282566.1327119,181015419.3789248,906484489.8002129,1326227839.5614214,692960692.8076344,1418429763.2289224,5
ssp245,mid,catbond_triggers,3.6528,5.1404,1.2003379850616838,5.9348536255194215,8.793199999999999,4.853137985061684,9.587653625519422,5
ssp245,mid,catbond_unfilled_usd,0.0,0.0,0.0,0.0,0.0,0.0,0.0,5
ssp245,mid,citizens_residual_deficit_usd,718277468.2344651,1664733729.4197402,322165496.17911893,2266703543.891604,2383011197.6542053,1040442964.413584,2984981012.126069,5
ssp245,mid,citizens_tier1_capacity_usd,539937478.65,0.0,-7.152557373046875e-08,7.152557373046876e-08,539937478.65,539937478.6499999,539937478.6500001,5
ssp245,mid,citizens_tier1_usd,100789599.68242246,187008191.81308025,38121099.336552,200295410.24930862,287797791.4955027,138910699.01897445,301085009.9317311,5
ssp245,mid,citizens_tier2_capacity_usd,359958319.09999996,0.0,0.0,0.0,359958319.09999996,359958319.09999996,359958319.09999996,5
ssp245,mid,citizens_tier2_usd,49554667.266172744,98545518.28680031,18406356.13232754,105814425.32551926,148100185.55297306,67961023.3985003,155369092.591692,5
ssp245,mid,defaulted_premium_base_pct,4.590575368681856,9.502759464073053,1.8266272215029151,10.632557601048592,14.093334832754909,6.417202590184771,15.223132969730448,5
ssp245,mid,defaults_post,2.1875,4.758900000000001,0.91726,5.47522,6.946400000000001,3.1047599999999997,7.66272,5
ssp245,mid,defaults_pre,3.4775,7.633033166081285,1.4665532218925885,8.777107713625867,11.110533166081286,4.944053221892588,12.254607713625866,5
ssp245,mid,diag_group_shortfall_total_usd,6174970.940672383,19205021.123740893,4721746.231420105,34171462.193488754,25379992.064413276,10896717.172092488,40346433.13416114,5
ssp245,mid,diag_groups_fully_funded_share,0.9986226415094339,-0.0034335315112327125,-0.004038988797465693,-0.0006298428113860499,0.9951891099982012,0.9945836527119682,0.9979927986980479,5
ssp245,mid,diag_groups_with_shortfall,0.073,0.18197717009533368,0.03338166900346046,0.21406640626568935,0.25497717009533366,0.10638166900346045,0.28706640626568936,5
ssp245,mid,fhcf_recovery_citizens_usd,160490599.41146898,306058542.22137105,48770859.79586318,370247543.0907353,466549141.63284004,209261459.20733216,530738142.5022043,5
ssp245,mid,fhcf_recovery_private_usd,805045573.3874182,1833327633.408291,333034444.1598332,2168521821.2214446,2638373206.795709,1138080017.5472512,2973567394.608863,5
ssp245,mid,fhcf_scaling_factor,0.9895177457955809,-0.029880610733078572,-0.04006591419719352,-0.00594987941117464,0.9596371350625024,0.9494518315983874,0.9835678663844063,5
ssp245,mid,fhcf_shortfall_usd,345602104.79177666,1170987325.4083576,242252618.0392135,1631802423.1891437,1516589430.2001343,587854722.8309902,1977404527.9809203,5
ssp245,mid,fhcf_total_postcap_usd,965536172.7988871,2139386175.629662,381805303.95569634,2538769364.31218,3104922348.4285493,1347341476.7545834,3504305537.1110673,5
ssp245,mid,fhcf_total_precap_usd,1311138277.5906637,3310373501.0380197,624057921.99491,4170571787.5013237,4621511778.628683,1935196199.5855737,5481710065.091988,5
ssp245,mid,figa_collected_usd,48326314.97494906,95121361.3051898,18372748.52543408,105103046.52786505,143447676.28013885,66699063.50038314,153429361.5028141,5
ssp245,mid,figa_residual_deficit_usd,1292311924.0864177,3406340630.2037253,707316750.4987878,4725222593.259998,4698652554.290143,1999628674.5852056,6017534517.346416,5
ssp245,mid,flood_insured_capped_pct,2.1724964393234587,0.7449562519035249,0.21707864781475164,1.2574210097400809,2.9174526912269836,2.38957508713821,3.42991744906354,5
ssp245,mid,flood_insured_capped_usd,644954483.8175347,1260476201.3882382,210959624.04023254,1683844778.570839,1905430685.2057729,855914107.8577672,2328799262.3883734,5
ssp245,mid,flood_un_derinsured_pct,8.766038047287509,3.727340677467006,1.4022360161298102,6.347858606115008,12.493378724754514,10.16827406341732,15.113896653402517,5
ssp245,mid,flood_un_derinsured_usd,2394397814.7612963,5780993196.953457,1097853426.2285576,7224787095.540759,8175391011.714753,3492251240.989854,9619184910.302055,5
ssp245,mid,group_contrib_total_usd,572184876.4533527,1486274429.2611294,306017178.5272976,2067939612.3361826,2058459305.714482,878202054.9806503,2640124488.7895355,5
ssp245,mid,group_supported_companies,1.3025,2.910128198695434,0.5647675305532857,3.3625757023797567,4.212628198695434,1.8672675305532858,4.665075702379757,5
ssp245,mid,insured_citizens_wind_pre_usd,1077922754.0709696,2330220561.4395785,440416972.80714345,3002618093.21676,3408143315.510548,1518339726.878113,4080540847.2877297,5
ssp245,mid,insured_flood_pre_usd,644954483.8175347,1260476201.3882382,210959624.04023254,1683889843.4398174,1905430685.2057729,855914107.8577672,2328844327.257352,5
ssp245,mid,insured_private_wind_pre_usd,5491050988.223578,13038481368.605738,2623592651.098325,16652671976.37055,18529532356.829315,8114643639.321903,22143722964.594128,5
ssp245,mid,largest_entity_deficit_usd,328194908.3869914,837821289.6024704,171547549.41589725,1136042884.7134018,1166016197.989462,499742457.80288863,1464237793.1003933,5
ssp245,mid,nfip_borrowed_usd,345997559.61779946,641128484.4452325,99702713.1780231,1006294364.5360545,987126044.0630319,445700272.79582256,1352291924.153854,5
ssp245,mid,nfip_claims_paid_usd,644954483.8175347,1260476201.3882382,210959624.04023254,1683844778.570839,1905430685.2057729,855914107.8577672,2328799262.3883734,5
ssp245,mid,nfip_fl_premium_base_usd,1395853723.0,0.0,0.0,0.0,1395853723.0,1395853723.0,1395853723.0,5
ssp245,mid,nfip_fl_premium_depletion_usd,182250316.13919604,355896137.20770013,68628574.54133256,378819733.09737223,538146453.3468962,250878890.68052858,561070049.2365682,5
ssp245,mid,nfip_policyholder_shortfall_usd,0.0,0.0,0.0,0.0,0.0,0.0,0.0,5
ssp245,mid,nfip_pool_used_usd,298956924.1997352,619399932.8767644,112190571.57599168,677754292.0624468,918356857.0764997,411147495.7757269,976711216.262182,5
ssp245,mid,rescued_defaults,1.29,2.8751292523833416,0.5562848081323044,3.303339407571041,4.165129252383341,1.8462848081323044,4.593339407571041,5
ssp245,mid,total_damage_usd,19343788695.230297,45559239349.81429,8961484450.689297,58198641737.11387,64903028045.044586,28305273145.919594,77542430432.34416,5
ssp245,mid,underinsured_flood_usd,0.0,0.0,0.0,0.0,0.0,0.0,0.0,5
ssp245,mid,underinsured_wind_usd,2969616746.555762,6890905794.564576,1344901992.7925513,8853413647.669212,9860522541.120338,4314518739.348313,11823030394.224974,5
ssp245,mid,uninsured_wind_usd,6765845907.801158,16251902827.881422,3185072760.197375,20776554943.16237,23017748735.68258,9950918667.998533,27542400850.963528,5
ssp245,mid,water_total_usd,3039352298.578831,7042442713.763642,1318311845.1061828,8907014198.57632,10081795012.342474,4357664143.685014,11946366497.155151,5
ssp245,mid,wind_insured_citizens_pct,3.6899013245489156,1.2842958586097835,0.43470660536040956,2.0855288261244134,4.974197183158699,4.124607929909325,5.775430150673329,5
ssp245,mid,wind_insured_citizens_usd,1077922754.0709696,2330220561.4395785,440416972.80714345,3002618093.21676,3408143315.510548,1518339726.878113,4080540847.2877297,5
ssp245,mid,wind_insured_private_pct,20.511926737827867,8.634779368898108,3.3422391206571875,14.41765068430867,29.146706106725976,23.854165858485054,34.92957742213654,5
ssp245,mid,wind_insured_private_usd,5491050988.223578,13038481368.605738,2623592651.098325,16652671976.37055,18529532356.829315,8114643639.321903,22143722964.594128,5
ssp245,mid,wind_total_usd,16304436396.651468,38516796636.05066,7643172605.583113,49291627538.53756,54821233032.702126,23947609002.23458,65596063935.189026,5
ssp245,mid,wind_underinsured_pct,10.951058655424745,4.405593427670244,1.6319847665275407,7.515635963038704,15.356652083094989,12.583043421952286,18.46669461846345,5
ssp245,mid,wind_underinsured_usd,2969616746.555762,6890905794.564576,1344901992.7925513,8853413647.669212,9860522541.120338,4314518739.348313,11823030394.224974,5
ssp245,mid,wind_uninsured_pct,25.378578795587508,10.663034415451342,3.796100193388154,17.592217978193865,36.04161321103885,29.17467898897566,42.97079677378137,5
ssp245,mid,wind_uninsured_usd,6765845907.801158,16251902827.881422,3185072760.197375,20776554943.16237,23017748735.68258,9950918667.998533,27542400850.963528,5
ssp245,mid,year_id,5000.5,0.0,0.0,0.0,5000.5,5000.5,5000.5,5
ssp245,near,catbond_issue_volume_year_usd,9464500000.0,0.0,0.0,0.0,9464500000.0,9464500000.0,9464500000.0,5
ssp245,near,catbond_limit_in_force_usd,9464500000.0,0.0,0.0,0.0,9464500000.0,9464500000.0,9464500000.0,5
ssp245,near,catbond_payout_usd,511945273.42870957,634562365.2401862,125307261.07310909,824863305.7589376,1146507638.6688957,637252534.5018187,1336808579.187647,5
ssp245,near,catbond_triggers,3.6528,4.307734771700953,0.8632418500862156,5.34333971683904,7.960534771700953,4.516041850086216,8.99613971683904,5
ssp245,near,catbond_unfilled_usd,0.0,0.0,0.0,0.0,0.0,0.0,0.0,5
ssp245,near,citizens_residual_deficit_usd,718277468.2344651,1079494919.632816,142119225.64679348,2069140839.1786819,1797772387.8672812,860396693.8812586,2787418307.413147,5
ssp245,near,citizens_tier1_capacity_usd,539937478.65,0.0,0.0,7.152557373046876e-08,539937478.65,539937478.65,539937478.6500001,5
ssp245,near,citizens_tier1_usd,100789599.68242246,132113053.16767053,24412730.705053646,181588410.28280023,232902652.850093,125202330.3874761,282378009.9652227,5
ssp245,near,citizens_tier2_capacity_usd,359958319.09999996,0.0,0.0,0.0,359958319.09999996,359958319.09999996,359958319.09999996,5
ssp245,near,citizens_tier2_usd,49554667.266172744,64656913.0858471,10284292.291118206,96762770.28927043,114211580.35201985,59838959.55729095,146317437.55544317,5
ssp245,near,defaulted_premium_base_pct,4.590575368681856,6.333282652165222,1.0930441411383458,9.817189735253237,10.923858020847078,5.683619509820202,14.407765103935093,5
ssp245,near,defaults_post,2.1875,3.1061,0.50948,4.98116,5.2936,2.69698,7.16866,5
ssp245,near,defaults_pre,3.4775,4.9754331660812845,0.8042992737600162,7.953887713625866,8.452933166081284,4.281799273760016,11.431387713625867,5
ssp245,near,diag_group_shortfall_total_usd,6174970.940672383,11165594.379185507,1481674.7549632166,26907701.48249273,17340565.319857888,7656645.695635599,33082672.423165113,5
ssp245,near,diag_groups_fully_funded_share,0.9986226415094339,-0.0021052296244401525,-0.0036718189861449702,-0.0003016226912676556,0.9965174118849938,0.9949508225232889,0.9983210188181663,5
ssp245,near,diag_groups_with_shortfall,0.073,0.11157717009533366,0.015986002637184298,0.19460640626568934,0.18457717009533364,0.08898600263718429,0.2676064062656893,5
ssp245,near,fhcf_recovery_citizens_usd,160490599.41146898,207779255.71698585,25828353.97330274,353442875.12691295,368269855.1284548,186318953.38477173,513933474.53838193,5
ssp245,near,fhcf_recovery_private_usd,805045573.3874182,1192080357.325949,160666059.33515444,1950280893.0210876,1997125930.713367,965711632.7225726,2755326466.408506,5
ssp245,near,fhcf_scaling_factor,0.9895177457955809,-0.018612375607350518,-0.033218581387882806,-0.0022447456714320465,0.9709053701882304,0.9562991644076981,0.9872730001241489,5
ssp245,near,fhcf_shortfall_usd,345602104.79177666,682110650.109985,79512366.95549543,1254777853.7191355,1027712754.9017617,425114471.7472721,1600379958.5109122,5
ssp245,near,fhcf_total_postcap_usd,965536172.7988871,1399859613.042935,186494413.30845726,2301334194.222515,2365395785.841822,1152030586.1073444,3266870367.0214024,5
ssp245,near,fhcf_total_precap_usd,1311138277.5906637,2081970263.1529205,266006780.26395273,3551961133.0127625,3393108540.743584,1577145057.8546164,4863099410.603426,5
ssp245,near,figa_collected_usd,48326314.97494906,65017570.92396087,11705582.755913934,97349132.91992901,113343885.89890993,60031897.730863,145675447.8948781,5
ssp245,near,figa_residual_deficit_usd,1292311924.0864177,2111679392.407424,284736460.03018576,3950460519.121477,3403991316.4938416,1577048384.1166034,5242772443.207895,5
ssp245,near,flood_insured_capped_pct,2.1724964393234587,0.7076092170942565,0.17484105803665223,1.1736076435437512,2.880105656417715,2.347337497360111,3.34610408286721,5
ssp245,near,flood_insured_capped_usd,644954483.8175347,885080991.0388035,125656321.38067788,1623488661.8899899,1530035474.856338,770610805.1982126,2268443145.7075243,5
ssp245,near,flood_un_derinsured_pct,8.766038047287509,3.5408645476272964,1.2087653969105616,6.244495335229596,12.306902594914806,9.97480344419807,15.010533382517105,5
ssp245,near,flood_un_derinsured_usd,2394397814.7612963,3789107062.721396,532653711.4409815,6402929165.082693,6183504877.482693,2927051526.2022777,8797326979.84399,5
ssp245,near,group_contrib_total_usd,572184876.4533527,933594988.4218494,124778761.4998932,1737256265.5673528,1505779864.8752022,696963637.9532459,2309441142.020705,5
ssp245,near,group_supported_companies,1.3025,1.897028198695434,0.304990684653616,3.021375702379757,3.1995281986954343,1.6074906846536159,4.323875702379757,5
ssp245,near,insured_citizens_wind_pre_usd,1077922754.0709696,1537612149.9521623,210804393.17639047,2756116068.4059315,2615534904.023132,1288727147.24736,3834038822.476901,5
ssp245,near,insured_flood_pre_usd,644954483.8175347,885080991.0388035,125656321.38067788,1624189551.918182,1530035474.856338,770610805.1982126,2269144035.735717,5
ssp245,near,insured_private_wind_pre_usd,5491050988.223578,8372624471.3746805,1226225270.721778,14362426074.179983,13863675459.598259,6717276258.945356,19853477062.40356,5
ssp245,near,largest_entity_deficit_usd,328194908.3869914,524129496.716551,72153668.9966106,955963183.5141488,852324405.1035423,400348577.38360196,1284158091.9011402,5
ssp245,near,nfip_borrowed_usd,345997559.61779946,478039393.17067,66173183.20356227,1009195594.8937654,824036952.7884694,412170742.8213617,1355193154.511565,5
ssp245,near,nfip_claims_paid_usd,644954483.8175347,885080991.0388035,125656321.38067788,1623488661.8899899,1530035474.856338,770610805.1982126,2268443145.7075243,5
ssp245,near,nfip_fl_premium_base_usd,1395853723.0,0.0,0.0,0.0,1395853723.0,1395853723.0,1395853723.0,5
ssp245,near,nfip_fl_premium_depletion_usd,182250316.13919604,233457518.3559217,39800451.79866109,348629086.28629637,415707834.4951177,222050767.93785712,530879402.4254924,5
ssp245,near,nfip_policyholder_shortfall_usd,0.0,0.0,0.0,0.0,0.0,0.0,0.0,5
ssp245,near,nfip_pool_used_usd,298956924.1997352,407093813.8018923,60546808.2177663,621106865.4969722,706050738.0016274,359503732.4175015,920063789.6967075,5
ssp245,near,rescued_defaults,1.29,1.8703292523833417,0.3027970220103458,2.9741794075710413,3.1603292523833417,1.5927970220103458,4.264179407571041,5
ssp245,near,total_damage_usd,19343788695.230297,29128189871.5779,4238161433.7211304,50921726226.8359,48471978566.8082,23581950128.951427,70265514922.0662,5
ssp245,near,underinsured_flood_usd,0.0,0.0,0.0,0.0,0.0,0.0,0.0,5
ssp245,near,underinsured_wind_usd,2969616746.555762,4371917012.884523,629861096.8458134,7787405820.54471,7341533759.440285,3599477843.401575,10757022567.100471,5
ssp245,near,uninsured_wind_usd,6765845907.801158,10165588784.625048,1444370917.5870657,17981772857.29259,16931434692.426205,8210216825.388224,24747618765.09375,5
ssp245,near,water_total_usd,3039352298.578831,4675161369.182147,669281311.8542982,8027636528.29403,7714513667.760979,3708633610.4331293,11066988826.872862,5
ssp245,near,wind_insured_citizens_pct,3.6899013245489156,1.1316092987125534,0.3612646228597074,1.9172813079467765,4.821510623261469,4.051165947408623,5.607182632495692,5
ssp245,near,wind_insured_citizens_usd,1077922754.0709696,1537612149.9521623,210804393.17639047,2756116068.4059315,2615534904.023132,1288727147.24736,3834038822.476901,5
ssp245,near,wind_insured_private_pct,20.511926737827867,7.798264736165482,2.73038436401417,14.205821001004306,28.31019147399335,23.242311101842038,34.71774773883217,5
ssp245,near,wind_insured_private_usd,5491050988.223578,8372624471.3746805,1226225270.721778,14362426074.179983,13863675459.598259,6717276258.945356,19853477062.40356,5
ssp245,near,wind_total_usd,16304436396.651468,24453028502.395756,3568880121.86683,42894089698.54188,40757464899.047226,19873316518.5183,59198526095.193344,5
ssp245,near,wind_underinsured_pct,10.951058655424745,4.108783177097564,1.2517962514074752,7.20366506549941,15.05984183252231,12.20285490683222,18.154723720924157,5
ssp245,near,wind_underinsured_usd,2969616746.555762,4371917012.884523,629861096.8458134,7787405820.54471,7341533759.440285,3599477843.401575,10757022567.100471,5
ssp245,near,wind_uninsured_pct,25.378578795587508,9.592869023302853,3.0876944372912236,16.90316586511581,34.97144781889036,28.46627323287873,42.28174466070332,5
ssp245,near,wind_uninsured_usd,6765845907.801158,10165588784.625048,1444370917.5870657,17981772857.29259,16931434692.426205,8210216825.388224,24747618765.09375,5
ssp245,near,year_id,5000.5,0.0,0.0,0.0,5000.5,5000.5,5000.5,5
ssp585,mid,catbond_issue_volume_year_usd,9464500000.0,0.0,0.0,0.0,9464500000.0,9464500000.0,9464500000.0,5
ssp585,mid,catbond_limit_in_force_usd,9464500000.0,0.0,0.0,0.0,9464500000.0,9464500000.0,9464500000.0,5
ssp585,mid,catbond_payout_usd,511945273.42870957,979917638.7644093,238523483.89505196,1373419599.257734,1491862912.1931188,750468757.3237615,1885364872.6864436,5
ssp585,mid,catbond_triggers,3.6528,6.0596000000000005,1.5105456911598583,8.426233625519421,9.7124,5.163345691159858,12.079033625519422,5
ssp585,mid,catbond_unfilled_usd,0.0,0.0,0.0,0.0,0.0,0.0,0.0,5
ssp585,mid,citizens_residual_deficit_usd,718277468.2344651,2783876867.9496846,547870828.7862407,6188561532.430877,3502154336.1841497,1266148297.0207057,6906839000.665342,5
ssp585,mid,citizens_tier1_capacity_usd,539937478.65,0.0,0.0,7.152557373046876e-08,539937478.65,539937478.65,539937478.6500001,5
ssp585,mid,citizens_tier1_usd,100789599.68242246,229377877.02821866,53480264.930962354,314448147.5010149,330167476.71064115,154269864.6133848,415237747.18343735,5
ssp585,mid,citizens_tier2_capacity_usd,359958319.09999996,0.0,-3.5762786865234374e-08,0.0,359958319.09999996,359958319.0999999,359958319.09999996,5
ssp585,mid,citizens_tier2_usd,49554667.266172744,124234264.10583134,26712422.825964443,180993873.95837155,173788931.3720041,76267090.09213719,230548541.2245443,5
ssp585,mid,defaulted_premium_base_pct,4.590575368681856,12.728808623935732,2.9148991963240416,18.563718390188665,17.31938399261759,7.505474565005898,23.154293758870523,5
ssp585,mid,defaults_post,2.1875,6.5745000000000005,1.4434200000000001,10.447479999999999,8.762,3.63092,12.634979999999999,5
ssp585,mid,defaults_pre,3.4775,10.589733166081285,2.3484678434874144,16.968067713625867,14.067233166081284,5.8259678434874145,20.445567713625866,5
ssp585,mid,diag_group_shortfall_total_usd,6174970.940672383,46447815.48276697,8410274.172501517,132071994.27238059,52622786.42343935,14585245.1131739,138246965.213053,5
ssp585,mid,diag_groups_fully_funded_share,0.9986226415094339,-0.004931644718779937,-0.00927219634463563,-0.0010784064097360212,0.993690996790654,0.9893504451647983,0.9975442350996979,5
ssp585,mid,diag_groups_with_shortfall,0.073,0.2613771700953337,0.05715553971601252,0.49142640626568934,0.3343771700953337,0.1301555397160125,0.5644264062656893,5
ssp585,mid,fhcf_recovery_citizens_usd,160490599.41146898,416048270.47470486,79433638.7134129,797223095.3454347,576538869.8861738,239924238.12488186,957713694.7569036,5
ssp585,mid,fhcf_recovery_private_usd,805045573.3874182,2569743885.388567,533242625.90243566,4466038422.943763,3374789458.7759852,1338288199.2898538,5271083996.331181,5
ssp585,mid,fhcf_scaling_factor,0.9895177457955809,-0.051365469758958726,-0.10382173851347672,-0.010232495889788473,0.9381522760366222,0.8856960072821042,0.9792852499057925,5
ssp585,mid,fhcf_shortfall_usd,345602104.79177666,2139110682.6415277,440380667.328525,4722620048.865656,2484712787.4333043,785982772.1203017,5068222153.657433,5
ssp585,mid,fhcf_total_postcap_usd,965536172.7988871,2985792155.863271,612676264.6158487,5263261518.289198,3951328328.6621585,1578212437.4147358,6228797691.088085,5
ssp585,mid,fhcf_total_precap_usd,1311138277.5906637,5124902838.5048,1053056931.9443736,9985881567.154854,6436041116.095464,2364195209.535037,11297019844.745518,5
ssp585,mid,figa_collected_usd,48326314.97494906,125559940.54325187,29313516.630511917,170249555.8966349,173886255.51820093,77639831.60546097,218575870.87158397,5
ssp585,mid,figa_residual_deficit_usd,1292311924.0864177,5966031028.95711,1207308270.0812855,12991732628.046381,7258342953.043528,2499620194.167703,14284044552.1328,5
ssp585,mid,flood_insured_capped_pct,2.1724964393234587,0.6028553210244407,-0.03053820356837378,1.2858863941472702,2.7753517603478994,2.141958235755085,3.458382833470729,5
ssp585,mid,flood_insured_capped_usd,644954483.8175347,2104339416.103926,399711334.41845727,4319421780.396957,2749293899.9214606,1044665818.235992,4964376264.214492,5
ssp585,mid,flood_un_derinsured_pct,8.766038047287509,4.044515297209485,0.7442500579540754,6.641801430127415,12.810553344496995,9.510288105241585,15.407839477414925,5
ssp585,mid,flood_un_derinsured_usd,2394397814.7612963,9115316415.067915,1944116730.550457,17678167267.46098,11509714229.829212,4338514545.311753,20072565082.222275,5
ssp585,mid,group_contrib_total_usd,572184876.4533527,2615109159.120308,536617270.67841434,5686706063.3099575,3187294035.573661,1108802147.131767,6258890939.76331,5
ssp585,mid,group_supported_companies,1.3025,4.095228198695434,0.8991599147216945,6.719575702379757,5.397728198695434,2.2016599147216946,8.022075702379757,5
ssp585,mid,insured_citizens_wind_pre_usd,1077922754.0709696,3642682832.8689504,731608101.1920676,7570406155.785342,4720605586.93992,1809530855.2630372,8648328909.856312,5
ssp585,mid,insured_flood_pre_usd,644954483.8175347,2104339416.103926,399711334.41845727,4321759723.460804,2749293899.9214606,1044665818.235992,4966714207.278338,5
ssp585,mid,insured_private_wind_pre_usd,5491050988.223578,20724494116.036808,4352250462.948125,40496667601.126976,26215545104.260387,9843301451.171703,45987718589.350555,5
ssp585,mid,largest_entity_deficit_usd,328194908.3869914,1427505569.8403635,296694099.8831833,2997438523.4664874,1755700478.227355,624889008.2701747,3325633431.853479,5
ssp585,mid,nfip_borrowed_usd,345997559.61779946,1304163035.116374,235186276.52207285,3047521390.1286855,1650160594.7341735,581183836.1398723,3393518949.7464848,5
ssp585,mid,nfip_claims_paid_usd,644954483.8175347,2104339416.103926,399711334.41845727,4319421780.396957,2749293899.9214606,1044665818.235992,4964376264.214492,5
ssp585,mid,nfip_fl_premium_base_usd,1395853723.0,0.0,0.0,0.0,1395853723.0,1395853723.0,1395853723.0,5
ssp585,mid,nfip_fl_premium_depletion_usd,182250316.13919604,448117350.94784,93977747.48800257,647873980.4133928,630367667.087036,276228063.6271986,830124296.5525888,5
ssp585,mid,nfip_policyholder_shortfall_usd,0.0,0.0,0.0,0.0,0.0,0.0,0.0,5
ssp585,mid,nfip_pool_used_usd,298956924.1997352,800228596.9213109,161314490.8372413,1272104268.295934,1099185521.121046,460271415.0369765,1571061192.4956691,5
ssp585,mid,rescued_defaults,1.29,4.016229252383341,0.8811908972677264,6.522039407571042,5.306229252383341,2.1711908972677265,7.812039407571042,5
ssp585,mid,total_damage_usd,19343788695.230297,72407223391.94614,14725465138.991798,142000200607.03394,91751012087.17644,34069253834.222095,161343989302.26422,5
ssp585,mid,underinsured_flood_usd,0.0,0.0,0.0,0.0,0.0,0.0,0.0,5
ssp585,mid,underinsured_wind_usd,2969616746.555762,11004623567.135569,2236105508.471964,21538147199.51813,13974240313.69133,5205722255.027725,24507763946.073895,5
ssp585,mid,uninsured_wind_usd,6765845907.801158,25809507645.751682,5288657736.822432,50386009233.58554,32575353553.55284,12054503644.623589,57151855141.386696,5
ssp585,mid,water_total_usd,3039352298.578831,11220629146.59379,2308746807.3558784,21999417099.83996,14259981445.17262,5348099105.93471,25038769398.41879,5
ssp585,mid,wind_insured_citizens_pct,3.6899013245489156,1.013130495229103,0.09294378983717244,2.259769157984967,4.703031819778019,3.782845114386088,5.949670482533882,5
ssp585,mid,wind_insured_citizens_usd,1077922754.0709696,3642682832.8689504,731608101.1920676,7570406155.785342,4720605586.93992,1809530855.2630372,8648328909.856312,5
ssp585,mid,wind_insured_private_pct,20.511926737827867,9.0511610429758,1.6515545950001878,15.319729933791638,29.563087780803667,22.163481332828056,35.831656671619506,5
ssp585,mid,wind_insured_private_usd,5491050988.223578,20724494116.036808,4352250462.948125,40496667601.126976,26215545104.260387,9843301451.171703,45987718589.350555,5
ssp585,mid,wind_total_usd,16304436396.651468,61186594245.35235,12416718331.635923,120000783507.19398,77491030642.00381,28721154728.28739,136305219903.84546,5
ssp585,mid,wind_underinsured_pct,10.951058655424745,4.578972051523122,0.6687162981589427,7.9541859585274155,15.530030706947867,11.619774953583688,18.90524461395216,5
ssp585,mid,wind_underinsured_usd,2969616746.555762,11004623567.135569,2236105508.471964,21538147199.51813,13974240313.69133,5205722255.027725,24507763946.073895,5
ssp585,mid,wind_uninsured_pct,25.378578795587508,10.589365792038052,1.60974420227606,18.642663343760947,35.96794458762556,26.98832299786357,44.02124213934846,5
ssp585,mid,wind_uninsured_usd,6765845907.801158,25809507645.751682,5288657736.822432,50386009233.58554,32575353553.55284,12054503644.623589,57151855141.386696,5
ssp585,mid,year_id,5000.5,0.0,0.0,0.0,5000.5,5000.5,5000.5,5
ssp585,near,catbond_issue_volume_year_usd,9464500000.0,0.0,0.0,0.0,9464500000.0,9464500000.0,9464500000.0,5
ssp585,near,catbond_limit_in_force_usd,9464500000.0,0.0,0.0,0.0,9464500000.0,9464500000.0,9464500000.0,5
ssp585,near,catbond_payout_usd,511945273.42870957,721806464.9231623,162737783.55608237,977068696.1626471,1233751738.351872,674683056.984792,1489013969.5913568,5
ssp585,near,catbond_triggers,3.6528,4.814634771700954,1.1187818500862154,6.21899971683904,8.467434771700955,4.771581850086216,9.871799716839039,5
ssp585,near,catbond_unfilled_usd,0.0,0.0,0.0,0.0,0.0,0.0,0.0,5
ssp585,near,citizens_residual_deficit_usd,718277468.2344651,1324183834.3010964,280797717.4044239,2714713281.3503747,2042461302.5355616,999075185.6388891,3432990749.58484,5
ssp585,near,citizens_tier1_capacity_usd,539937478.65,0.0,0.0,7.152557373046876e-08,539937478.65,539937478.65,539937478.6500001,5
ssp585,near,citizens_tier1_usd,100789599.68242246,150076579.3925239,33174090.405480973,223661375.15333116,250866179.07494637,133963690.08790344,324450974.8357536,5
ssp585,near,citizens_tier2_capacity_usd,359958319.09999996,0.0,0.0,0.0,359958319.09999996,359958319.09999996,359958319.09999996,5
ssp585,near,citizens_tier2_usd,49554667.266172744,77098518.65750188,14372931.458003871,117652797.16428515,126653185.92367461,63927598.724176615,167207464.4304579,5
ssp585,near,defaulted_premium_base_pct,4.590575368681856,7.729889579452131,1.5111534204120498,11.960638308976,12.320464948133987,6.101728789093906,16.551213677657856,5
ssp585,near,defaults_post,2.1875,3.8177000000000003,0.74188,6.16576,6.0052,2.92938,8.353259999999999,5
ssp585,near,defaults_pre,3.4775,6.075233166081285,1.1960592737600164,9.899587713625866,9.552733166081286,4.6735592737600165,13.377087713625865,5
ssp585,near,diag_group_shortfall_total_usd,6174970.940672383,12418361.071044616,3978756.4477755185,42748110.24303488,18593332.011717,10153727.388447901,48923081.18370726,5
ssp585,near,diag_groups_fully_funded_share,0.9986226415094339,-0.002590135284817552,-0.004705403891805427,-0.0004416226912675291,0.9960325062246164,0.9939172376176285,0.9981810188181663,5
ssp585,near,diag_groups_with_shortfall,0.073,0.1372771700953337,0.023406002637184297,0.24938640626568934,0.2102771700953337,0.0964060026371843,0.3223864062656893,5
ssp585,near,fhcf_recovery_citizens_usd,160490599.41146898,256409728.92680272,41440335.44583329,428841767.1634522,416900328.33827174,201930934.85730228,589332366.5749211,5
ssp585,near,fhcf_recovery_private_usd,805045573.3874182,1436837014.4634192,263682997.5229982,2388803465.447927,2241882587.850837,1068728570.9104164,3193849038.8353453,5
ssp585,near,fhcf_scaling_factor,0.9895177457955809,-0.021915403034796666,-0.04416626751461936,-0.00629166376116037,0.9676023427607843,0.9453514782809616,0.9832260820344205,5
ssp585,near,fhcf_shortfall_usd,345602104.79177666,796782969.1367861,254816246.05498344,1789849790.7637398,1142385073.9285626,600418350.84676,2135451895.5555165,5
ssp585,near,fhcf_total_postcap_usd,965536172.7988871,1693246743.390222,305123332.9688316,2817645232.611379,2658782916.1891093,1270659505.7677188,3783181405.4102664,5
ssp585,near,fhcf_total_precap_usd,1311138277.5906637,2490029712.527008,559939579.0238149,4588529440.40756,3801167990.117672,1871077856.6144786,5899667717.998224,5
ssp585,near,figa_collected_usd,48326314.97494906,77812390.70797333,15914784.141673792,117132392.74222511,126138705.6829224,64241099.11662285,165458707.71717417,5
ssp585,near,figa_residual_deficit_usd,1292311924.0864177,2486500132.8395605,622427855.4762442,5354962192.272948,3778812056.925978,1914739779.562662,6647274116.359365,5
ssp585,near,flood_insured_capped_pct,2.1724964393234587,0.7880908731209635,0.21130173450205897,1.302026665179565,2.960587312444422,2.3837981738255176,3.4745231045030236,5
ssp585,near,flood_insured_capped_usd,644954483.8175347,1007479405.5937561,192723422.72559902,2077407762.5898595,1652433889.4112906,837677906.5431337,2722362246.4073944,5
ssp585,near,flood_un_derinsured_pct,8.766038047287509,3.918819465149846,1.5089441502775782,6.334219360155271,12.684857512437354,10.274982197565087,15.100257407442779,5
ssp585,near,flood_un_derinsured_usd,2394397814.7612963,4218820948.4657826,973266604.005239,8406814343.489963,6613218763.227079,3367664418.7665353,10801212158.251259,5
ssp585,near,group_contrib_total_usd,572184876.4533527,1080739526.7872427,275198279.517174,2355036678.605048,1652924403.2405953,847383155.9705267,2927221555.058401,5
ssp585,near,group_supported_companies,1.3025,2.281128198695434,0.469250684653616,3.8042757023797575,3.5836281986954344,1.771750684653616,5.106775702379758,5
ssp585,near,insured_citizens_wind_pre_usd,1077922754.0709696,1865446879.0098653,380344548.00528663,3560612695.110259,2943369633.080835,1458267302.0762563,4638535449.181229,5
ssp585,near,insured_flood_pre_usd,644954483.8175347,1007479405.5937561,192723422.72559902,2077985486.4237442,1652433889.4112906,837677906.5431337,2722939970.2412786,5
ssp585,near,insured_private_wind_pre_usd,5491050988.223578,9895246595.65624,2265340859.2492704,18824586221.928623,15386297583.879818,7756391847.472849,24315637210.152203,5
ssp585,near,largest_entity_deficit_usd,328194908.3869914,622590564.6028149,148869795.6879765,1284055968.1589944,950785472.9898063,477064704.07496786,1612250876.5459857,5
ssp585,near,nfip_borrowed_usd,345997559.61779946,516690483.0393382,106551299.87642333,1325677164.5192707,862688042.6571376,452548859.49422276,1671674724.1370702,5
ssp585,near,nfip_claims_paid_usd,644954483.8175347,1007479405.5937561,192723422.72559902,2077407762.5898595,1652433889.4112906,837677906.5431337,2722362246.4073944,5
ssp585,near,nfip_fl_premium_base_usd,1395853723.0,0.0,0.0,0.0,1395853723.0,1395853723.0,1395853723.0,5
ssp585,near,nfip_fl_premium_depletion_usd,182250316.13919604,285592410.6162549,53711776.24590345,432618137.6106627,467842726.75545096,235962092.38509947,614868453.7498587,5
ssp585,near,nfip_policyholder_shortfall_usd,0.0,0.0,0.0,0.0,0.0,0.0,0.0,5
ssp585,near,nfip_pool_used_usd,298956924.1997352,490841138.4881767,87235792.88982631,776865037.9303792,789798062.687912,386192717.0895615,1075821962.1301143,5
ssp585,near,rescued_defaults,1.29,2.258529252383342,0.46215702201034586,3.735279407571041,3.548529252383342,1.752157022010346,5.025279407571041,5
ssp585,near,total_damage_usd,19343788695.230297,34766748102.60225,7834235343.337006,66517360224.14478,54110536797.83255,27178024038.567303,85861148919.37508,5
ssp585,near,underinsured_flood_usd,0.0,0.0,0.0,0.0,0.0,0.0,0.0,5
ssp585,near,underinsured_wind_usd,2969616746.555762,5319976945.932272,1180296873.5047908,10156154535.630022,8289593692.488033,4149913620.0605526,13125771282.185783,5
ssp585,near,uninsured_wind_usd,6765845907.801158,12453517928.963036,2773673313.278397,23480403296.236046,19219363836.764194,9539519221.079556,30246249204.037205,5
ssp585,near,water_total_usd,3039352298.578831,5227273669.481487,1176961305.7634768,10486050158.061842,8266625968.060318,4216313604.342308,13525402456.640673,5
ssp585,near,wind_insured_citizens_pct,3.6899013245489156,1.2827775826635728,0.4240468417578547,2.08045659044204,4.972678907212488,4.11394816630677,5.770357914990956,5
ssp585,near,wind_insured_citizens_usd,1077922754.0709696,1865446879.0098653,380344548.00528663,3560612695.110259,2943369633.080835,1458267302.0762563,4638535449.181229,5
ssp585,near,wind_insured_private_pct,20.511926737827867,8.514343786225147,3.3238432092738974,14.59923930557714,29.026270524053015,23.835769947101763,35.11116604340501,5
ssp585,near,wind_insured_private_usd,5491050988.223578,9895246595.65624,2265340859.2492704,18824586221.928623,15386297583.879818,7756391847.472849,24315637210.152203,5
ssp585,near,wind_total_usd,16304436396.651468,29539474433.12076,6657274037.573526,56031310066.08294,45843910829.77223,22961710434.224995,72335746462.7344,5
ssp585,near,wind_underinsured_pct,10.951058655424745,4.431091965285145,1.7216756203672074,7.5089525111974575,15.38215062070989,12.672734275791953,18.460011166622202,5
ssp585,near,wind_underinsured_usd,2969616746.555762,5319976945.932272,1180296873.5047908,10156154535.630022,8289593692.488033,4149913620.0605526,13125771282.185783,5
ssp585,near,wind_uninsured_pct,25.378578795587508,10.38487632755534,4.098566825332378,17.47114178578818,35.76345512314285,29.477145620919885,42.84972058137569,5
ssp585,near,wind_uninsured_usd,6765845907.801158,12453517928.963036,2773673313.278397,23480403296.236046,19219363836.764194,9539519221.079556,30246249204.037205,5
ssp585,near,year_id,5000.5,0.0,0.0,0.0,5000.5,5000.5,5000.5,5
