model,metric,era5_value,gcm_20thcal_value,bias_absolute,bias_relative
canesm,total_damage_usd,19343788695.230297,2959208477.090196,-16384580218.1401,-0.8470202231985782
canesm,wind_total_usd,16304436396.651468,2545697289.3634353,-13758739107.288033,-0.843864747763605
canesm,water_total_usd,3039352298.578831,413511187.72676116,-2625841110.85207,-0.8639475957031651
canesm,underinsured_wind_usd,2969616746.555762,462038621.0917074,-2507578125.4640546,-0.8444113633088878
canesm,uninsured_wind_usd,6765845907.801158,1068542760.5448261,-5697303147.256331,-0.8420681205120597
canesm,nfip_policyholder_shortfall_usd,0.0,0.0,0.0,
canesm,wind_insured_private_usd,5491050988.223578,860827887.2945501,-4630223100.9290285,-0.8432307605336883
canesm,wind_insured_citizens_usd,1077922754.0709696,154288020.43235102,-923634733.6386186,-0.8568654202263989
canesm,wind_underinsured_usd,2969616746.555762,462038621.0917074,-2507578125.4640546,-0.8444113633088878
canesm,wind_uninsured_usd,6765845907.801158,1068542760.5448261,-5697303147.256331,-0.8420681205120597
canesm,flood_insured_capped_usd,644954483.8175347,80629474.99125698,-564325008.8262777,-0.8749842399513141
canesm,flood_un_derinsured_usd,2394397814.7612963,332881712.73550415,-2061516102.0257921,-0.860974767566479
canesm,wind_insured_private_pct,20.511926737827867,14.840131153440463,-5.671795584387404,-0.27651208279364325
canesm,wind_insured_citizens_pct,3.6899013245489156,1.9526318049507136,-1.737269519598202,-0.47081733813317633
canesm,wind_underinsured_pct,10.951058655424745,7.662562324366621,-3.2884963310581243,-0.30029026731850494
canesm,wind_uninsured_pct,25.378578795587508,17.722962280837034,-7.6556165147504736,-0.30165662846658425
canesm,flood_insured_capped_pct,2.1724964393234587,1.31212909340994,-0.8603673459135186,-0.39602704535683714
canesm,flood_un_derinsured_pct,8.766038047287509,6.339583342995228,-2.426454704292281,-0.2768017536774328
canesm,insured_private_wind_pre_usd,5491050988.223578,860827887.2945501,-4630223100.9290285,-0.8432307605336883
canesm,insured_citizens_wind_pre_usd,1077922754.0709696,154288020.43235102,-923634733.6386186,-0.8568654202263989
canesm,insured_flood_pre_usd,644954483.8175347,80629474.99125698,-564325008.8262777,-0.8749842399513141
canesm,defaults_pre,3.4775,0.6876,-2.7899000000000003,-0.8022717469446442
canesm,defaults_post,2.1875,0.4257,-1.7618,-0.8053942857142857
canesm,rescued_defaults,1.29,0.2619,-1.0281,-0.7969767441860465
canesm,group_contrib_total_usd,572184876.4533527,55146919.2058942,-517037957.24745846,-0.9036204529771592
canesm,group_supported_companies,1.3025,0.2625,-1.04,-0.798464491362764
canesm,defaulted_premium_base_pct,4.590575368681856,1.0206296127848284,-3.5699457558970273,-0.7776684770828861
canesm,largest_entity_deficit_usd,328194908.3869914,38189735.0155562,-290005173.37143517,-0.8836370277550901
canesm,diag_group_shortfall_total_usd,6174970.940672383,318985.3947500718,-5855985.545922311,-0.9483422030945885
canesm,diag_groups_with_shortfall,0.073,0.0112,-0.061799999999999994,-0.8465753424657534
canesm,diag_groups_fully_funded_share,0.9986226415094339,0.9997886792452829,0.0011660377358490015,0.0011676460029851888
canesm,figa_residual_deficit_usd,1292311924.0864177,128533353.04411279,-1163778571.042305,-0.9005399929781058
canesm,figa_collected_usd,48326314.97494906,11480936.627095373,-36845378.34785369,-0.7624288830413254
canesm,citizens_residual_deficit_usd,718277468.2344651,84389555.4782708,-633887912.7561944,-0.8825112032461475
canesm,citizens_tier1_usd,100789599.68242246,28514260.862281054,-72275338.8201414,-0.7170912380629894
canesm,citizens_tier2_usd,49554667.266172744,11155768.478832468,-38398898.787340276,-0.7748795604072661
canesm,citizens_tier1_capacity_usd,539937478.65,539937478.65,0.0,0.0
canesm,citizens_tier2_capacity_usd,359958319.09999996,359958319.09999996,0.0,0.0
canesm,nfip_borrowed_usd,345997559.61779946,18467646.44827069,-327529913.1695288,-0.9466249228212168
canesm,nfip_claims_paid_usd,644954483.8175347,80629474.99125698,-564325008.8262777,-0.8749842399513141
canesm,nfip_pool_used_usd,298956924.1997352,62161828.54298628,-236795095.65674895,-0.792070952330726
canesm,nfip_fl_premium_base_usd,1395853723.0,1395853723.0,0.0,0.0
canesm,nfip_fl_premium_depletion_usd,182250316.13919604,44916469.34531452,-137333846.79388154,-0.7535451773317695
canesm,underinsured_flood_usd,0.0,0.0,0.0,
canesm,fhcf_total_precap_usd,1311138277.5906637,137953772.37042728,-1173184505.2202363,-0.8947832011861251
canesm,fhcf_total_postcap_usd,965536172.7988871,118576139.06881401,-846960033.7300731,-0.8771914067961983
canesm,fhcf_shortfall_usd,345602104.79177666,19377633.301613256,-326224471.4901634,-0.9439308006723854
canesm,fhcf_scaling_factor,0.9895177457955809,0.9993913920048104,0.00987364620922948,0.009978240664386451
canesm,fhcf_recovery_private_usd,805045573.3874182,105929162.48588498,-699116410.9015331,-0.8684184274932869
canesm,fhcf_recovery_citizens_usd,160490599.41146898,12646976.582929062,-147843622.8285399,-0.9211980226299454
canesm,catbond_payout_usd,511945273.42870957,191737574.02469543,-320207699.4040141,-0.6254725183015178
canesm,catbond_unfilled_usd,0.0,0.0,0.0,
canesm,catbond_triggers,3.6528,1.5055,-2.1473,-0.5878504161191415
canesm,catbond_limit_in_force_usd,9464500000.0,9464500000.0,0.0,0.0
canesm,catbond_issue_volume_year_usd,9464500000.0,9464500000.0,0.0,0.0
canesm,year_id,5000.5,5000.5,0.0,0.0
cnrm6,total_damage_usd,19343788695.230297,7405384993.971297,-11938403701.258999,-0.6171698775950089
cnrm6,wind_total_usd,16304436396.651468,6334689702.589506,-9969746694.061962,-0.6114744755059123
cnrm6,water_total_usd,3039352298.578831,1070695291.3817912,-1968657007.19704,-0.6477225453980978
cnrm6,underinsured_wind_usd,2969616746.555762,1133704581.1420321,-1835912165.4137297,-0.6182320218738893
cnrm6,uninsured_wind_usd,6765845907.801158,2608895841.9404674,-4156950065.8606906,-0.6144021194848146
cnrm6,nfip_policyholder_shortfall_usd,0.0,0.0,0.0,
cnrm6,wind_insured_private_usd,5491050988.223578,2145990591.9249797,-3345060396.298599,-0.609183998377106
cnrm6,wind_insured_citizens_usd,1077922754.0709696,446098687.58202636,-631824066.4889432,-0.5861496699116386
cnrm6,wind_underinsured_usd,2969616746.555762,1133704581.1420321,-1835912165.4137297,-0.6182320218738893
cnrm6,wind_uninsured_usd,6765845907.801158,2608895841.9404674,-4156950065.8606906,-0.6144021194848146
cnrm6,flood_insured_capped_usd,644954483.8175347,229590548.582075,-415363935.2354597,-0.6440205404525432
cnrm6,flood_un_derinsured_usd,2394397814.7612963,841104742.7997162,-1553293071.96158,-0.6487197166592936
cnrm6,wind_insured_private_pct,20.511926737827867,18.71795423101206,-1.7939725068158054,-0.08745997047207571
cnrm6,wind_insured_citizens_pct,3.6899013245489156,2.970360698792227,-0.7195406257566885,-0.19500267418252742
cnrm6,wind_underinsured_pct,10.951058655424745,9.752559870712416,-1.1984987847123296,-0.10944136292418068
cnrm6,wind_uninsured_pct,25.378578795587508,22.55891760017151,-2.8196611954159962,-0.11110398332889475
cnrm6,flood_insured_capped_pct,2.1724964393234587,1.8176900477311002,-0.3548063915923585,-0.16331736391837284
cnrm6,flood_un_derinsured_pct,8.766038047287509,7.942517551580681,-0.8235204957068278,-0.09394443547523174
cnrm6,insured_private_wind_pre_usd,5491050988.223578,2145990591.9249797,-3345060396.298599,-0.609183998377106
cnrm6,insured_citizens_wind_pre_usd,1077922754.0709696,446098687.58202636,-631824066.4889432,-0.5861496699116386
cnrm6,insured_flood_pre_usd,644954483.8175347,229590548.582075,-415363935.2354597,-0.6440205404525432
cnrm6,defaults_pre,3.4775,1.5048,-1.9727000000000001,-0.5672753414809489
cnrm6,defaults_post,2.1875,0.9495,-1.238,-0.5659428571428572
cnrm6,rescued_defaults,1.29,0.5553,-0.7347,-0.5695348837209302
cnrm6,group_contrib_total_usd,572184876.4533527,191148601.83083028,-381036274.6225224,-0.6659320969550064
cnrm6,group_supported_companies,1.3025,0.5585,-0.744,-0.5712092130518234
cnrm6,defaulted_premium_base_pct,4.590575368681856,2.1138985519711144,-2.4766768167107416,-0.5395133763857357
cnrm6,largest_entity_deficit_usd,328194908.3869914,116411264.93862426,-211783643.44836712,-0.6452983822608308
cnrm6,diag_group_shortfall_total_usd,6174970.940672383,2192516.8977953163,-3982454.0428770664,-0.6449348638462457
cnrm6,diag_groups_with_shortfall,0.073,0.0265,-0.0465,-0.636986301369863
cnrm6,diag_groups_fully_funded_share,0.9986226415094339,0.9995,0.000877358490566138,0.0008785685944792887
cnrm6,figa_residual_deficit_usd,1292311924.0864177,431624772.65491366,-860687151.431504,-0.6660057339020183
cnrm6,figa_collected_usd,48326314.97494906,23120679.894202765,-25205635.080746297,-0.5215716342910101
cnrm6,citizens_residual_deficit_usd,718277468.2344651,268662368.7244724,-449615099.5099927,-0.6259629730766192
cnrm6,citizens_tier1_usd,100789599.68242246,51450805.682834536,-49338793.99958792,-0.4895226705438788
cnrm6,citizens_tier2_usd,49554667.266172744,23783580.89974005,-25771086.366432693,-0.5200536657426955
cnrm6,citizens_tier1_capacity_usd,539937478.65,539937478.65,0.0,0.0
cnrm6,citizens_tier2_capacity_usd,359958319.09999996,359958319.09999996,0.0,0.0
cnrm6,nfip_borrowed_usd,345997559.61779946,87549589.81165476,-258447969.8061447,-0.7469647187443607
cnrm6,nfip_claims_paid_usd,644954483.8175347,229590548.582075,-415363935.2354597,-0.6440205404525432
cnrm6,nfip_pool_used_usd,298956924.1997352,142040958.77042025,-156915965.42931497,-0.5248781771800619
cnrm6,nfip_fl_premium_base_usd,1395853723.0,1395853723.0,0.0,0.0
cnrm6,nfip_fl_premium_depletion_usd,182250316.13919604,92895732.43388967,-89354583.70530637,-0.4902849311770776
cnrm6,underinsured_flood_usd,0.0,0.0,0.0,
cnrm6,fhcf_total_precap_usd,1311138277.5906637,518903054.2189373,-792235223.3717264,-0.6042346844053176
cnrm6,fhcf_total_postcap_usd,965536172.7988871,380542663.0743674,-584993509.7245197,-0.6058742553670942
cnrm6,fhcf_shortfall_usd,345602104.79177666,138360391.14456993,-207241713.64720672,-0.5996540842020297
cnrm6,fhcf_scaling_factor,0.9895177457955809,0.9958960225232019,0.006378276727620924,0.006445843699844649
cnrm6,fhcf_recovery_private_usd,805045573.3874182,309039749.86204416,-496005823.525374,-0.6161214220933022
cnrm6,fhcf_recovery_citizens_usd,160490599.41146898,71502913.2123233,-88987686.19914569,-0.554472888290468
cnrm6,catbond_payout_usd,511945273.42870957,302218151.80869,-209727121.62001956,-0.4096670728404037
cnrm6,catbond_unfilled_usd,0.0,0.0,0.0,
cnrm6,catbond_triggers,3.6528,2.2945,-1.3582999999999998,-0.3718517301795882
cnrm6,catbond_limit_in_force_usd,9464500000.0,9464500000.0,0.0,0.0
cnrm6,catbond_issue_volume_year_usd,9464500000.0,9464500000.0,0.0,0.0
cnrm6,year_id,5000.5,5000.5,0.0,0.0
ecearth6,total_damage_usd,19343788695.230297,4607603880.672565,-14736184814.557732,-0.7618044761929865
ecearth6,wind_total_usd,16304436396.651468,3867540072.178868,-12436896324.4726,-0.7627921641637876
ecearth6,water_total_usd,3039352298.578831,740063808.493698,-2299288490.085133,-0.7565060789959281
ecearth6,underinsured_wind_usd,2969616746.555762,691272895.053678,-2278343851.502084,-0.7672181449490295
ecearth6,uninsured_wind_usd,6765845907.801158,1625548633.2376015,-5140297274.563557,-0.7597419959914679
ecearth6,nfip_policyholder_shortfall_usd,0.0,0.0,0.0,
ecearth6,wind_insured_private_usd,5491050988.223578,1297445601.6908906,-4193605386.532688,-0.7637163441983208
ecearth6,wind_insured_citizens_usd,1077922754.0709696,269195137.4933471,-808727616.5776224,-0.7502649086154984
ecearth6,wind_underinsured_usd,2969616746.555762,691272895.053678,-2278343851.502084,-0.7672181449490295
ecearth6,wind_uninsured_usd,6765845907.801158,1625548633.2376015,-5140297274.563557,-0.7597419959914679
ecearth6,flood_insured_capped_usd,644954483.8175347,169745487.05483168,-475208996.762703,-0.7368101295302341
ecearth6,flood_un_derinsured_usd,2394397814.7612963,573365074.7422342,-1821032740.019062,-0.7605389249825245
ecearth6,wind_insured_private_pct,20.511926737827867,13.531390582538425,-6.9805361552894425,-0.34031596565797084
ecearth6,wind_insured_citizens_pct,3.6899013245489156,1.9649469212996429,-1.7249544032492727,-0.4674798189786676
ecearth6,wind_underinsured_pct,10.951058655424745,6.913701010110295,-4.03735764531445,-0.36867281715402866
ecearth6,wind_uninsured_pct,25.378578795587508,16.05794175652373,-9.32063703906378,-0.36726394784109534
ecearth6,flood_insured_capped_pct,2.1724964393234587,1.2528529116155633,-0.9196435277078954,-0.4233118688076116
ecearth6,flood_un_derinsured_pct,8.766038047287509,5.745579108302944,-3.0204589389845653,-0.3445637496313618
ecearth6,insured_private_wind_pre_usd,5491050988.223578,1297445601.6908906,-4193605386.532688,-0.7637163441983208
ecearth6,insured_citizens_wind_pre_usd,1077922754.0709696,269195137.4933471,-808727616.5776224,-0.7502649086154984
ecearth6,insured_flood_pre_usd,644954483.8175347,169745487.05483168,-475208996.762703,-0.7368101295302341
ecearth6,defaults_pre,3.4775,0.9399538106235565,-2.5375461893764433,-0.7297041522290275
ecearth6,defaults_post,2.1875,0.5877,-1.5998,-0.7313371428571429
ecearth6,rescued_defaults,1.29,0.3498343207149312,-0.9401656792850688,-0.7288106040969525
ecearth6,group_contrib_total_usd,572184876.4533527,108768069.08252837,-463416807.37082434,-0.8099074729889411
ecearth6,group_supported_companies,1.3025,0.35134049603373835,-0.9511595039662617,-0.7302568168646922
ecearth6,defaulted_premium_base_pct,4.590575368681856,1.3489134295168255,-3.2416619391650308,-0.7061559126728478
ecearth6,largest_entity_deficit_usd,328194908.3869914,63606602.88996905,-264588305.49702233,-0.8061925969461804
ecearth6,diag_group_shortfall_total_usd,6174970.940672383,762325.0663940797,-5412645.874278303,-0.8765459669821424
ecearth6,diag_groups_with_shortfall,0.073,0.013655989557184457,-0.05934401044281554,-0.8129316499015827
ecearth6,diag_groups_fully_funded_share,0.9986226415094339,0.9997423398196756,0.0011196983102417235,0.0011212426633440654
ecearth6,figa_residual_deficit_usd,1292311924.0864177,235323962.93526787,-1056987961.1511497,-0.8179046725877523
ecearth6,figa_collected_usd,48326314.97494906,15309357.636876557,-33016957.338072505,-0.683208669131663
ecearth6,citizens_residual_deficit_usd,718277468.2344651,158924209.4804154,-559353258.7540498,-0.7787425939016951
ecearth6,citizens_tier1_usd,100789599.68242246,34666587.13267403,-66123012.54974843,-0.6560499571195357
ecearth6,citizens_tier2_usd,49554667.266172744,15583302.454381777,-33971364.811790965,-0.6855331028522649
ecearth6,citizens_tier1_capacity_usd,539937478.65,539937478.65,0.0,0.0
ecearth6,citizens_tier2_capacity_usd,359958319.09999996,359958319.09999996,0.0,0.0
ecearth6,nfip_borrowed_usd,345997559.61779946,82537450.30434902,-263460109.31345046,-0.7614507732496072
ecearth6,nfip_claims_paid_usd,644954483.8175347,169745487.05483168,-475208996.762703,-0.7368101295302341
ecearth6,nfip_pool_used_usd,298956924.1997352,86868240.03771245,-212088684.16202277,-0.7094289076252498
ecearth6,nfip_fl_premium_base_usd,1395853723.0,1395853723.0,0.0,0.0
ecearth6,nfip_fl_premium_depletion_usd,182250316.13919604,58398687.68345095,-123851628.45574509,-0.6795687989981417
ecearth6,underinsured_flood_usd,0.0,0.0,0.0,
ecearth6,fhcf_total_precap_usd,1311138277.5906637,296115945.23676974,-1015022332.353894,-0.7741535349109708
ecearth6,fhcf_total_postcap_usd,965536172.7988871,231652821.7288704,-733883351.0700167,-0.7600785674788783
ecearth6,fhcf_shortfall_usd,345602104.79177666,64463123.50789937,-281138981.2838773,-0.8134758943475242
ecearth6,fhcf_scaling_factor,0.9895177457955809,0.9978907064975763,0.008372960701995336,0.00846165795163522
ecearth6,fhcf_recovery_private_usd,805045573.3874182,192340755.66754037,-612704817.7198777,-0.7610809101673318
ecearth6,fhcf_recovery_citizens_usd,160490599.41146898,39312066.061330035,-121178533.35013895,-0.755050662122951
ecearth6,catbond_payout_usd,511945273.42870957,201520093.46559817,-310425179.9631114,-0.6063639925495656
ecearth6,catbond_unfilled_usd,0.0,0.0,0.0,
ecearth6,catbond_triggers,3.6528,1.5367004719349333,-2.1160995280650665,-0.5793088940169367
ecearth6,catbond_limit_in_force_usd,9464500000.0,9464500000.0,0.0,0.0
ecearth6,catbond_issue_volume_year_usd,9464500000.0,9464500000.0,0.0,0.0
ecearth6,year_id,5000.5,5000.5,0.0,0.0
ipsl6,total_damage_usd,19343788695.230297,1782140309.959675,-17561648385.270622,-0.9078701521176611
ipsl6,wind_total_usd,16304436396.651468,1505023504.8251002,-14799412891.826368,-0.9076923931492539
ipsl6,water_total_usd,3039352298.578831,277116805.1345747,-2762235493.4442563,-0.9088237302190497
ipsl6,underinsured_wind_usd,2969616746.555762,272423646.9726611,-2697193099.583101,-0.9082630284569129
ipsl6,uninsured_wind_usd,6765845907.801158,625837584.1594278,-6140008323.64173,-0.9075004673934675
ipsl6,nfip_policyholder_shortfall_usd,0.0,0.0,0.0,
ipsl6,wind_insured_private_usd,5491050988.223578,508331276.7564862,-4982719711.4670925,-0.9074255041800409
ipsl6,wind_insured_citizens_usd,1077922754.0709696,103717080.49587065,-974205673.575099,-0.9037806001365456
ipsl6,wind_underinsured_usd,2969616746.555762,272423646.9726611,-2697193099.583101,-0.9082630284569129
ipsl6,wind_uninsured_usd,6765845907.801158,625837584.1594278,-6140008323.64173,-0.9075004673934675
ipsl6,flood_insured_capped_usd,644954483.8175347,58061755.666188054,-586892728.1513467,-0.9099754213312604
ipsl6,flood_un_derinsured_usd,2394397814.7612963,220028364.89033443,-2174369449.8709617,-0.9081070139916287
ipsl6,wind_insured_private_pct,20.511926737827867,12.72968227433915,-7.782244463488718,-0.37940094867523044
ipsl6,wind_insured_citizens_pct,3.6899013245489156,1.8062031510434604,-1.8836981735054552,-0.5105009613599177
ipsl6,wind_underinsured_pct,10.951058655424745,6.493661603237167,-4.457397052187578,-0.40702887204238924
ipsl6,wind_uninsured_pct,25.378578795587508,15.21849474355127,-10.160084052036238,-0.4003409384690501
ipsl6,flood_insured_capped_pct,2.1724964393234587,1.1124068831411853,-1.0600895561822734,-0.4879591685371866
ipsl6,flood_un_derinsured_pct,8.766038047287509,5.5798423632527445,-3.1861956840347645,-0.36347043748237834
ipsl6,insured_private_wind_pre_usd,5491050988.223578,508331276.7564862,-4982719711.4670925,-0.9074255041800409
ipsl6,insured_citizens_wind_pre_usd,1077922754.0709696,103717080.49587065,-974205673.575099,-0.9037806001365456
ipsl6,insured_flood_pre_usd,644954483.8175347,58061755.666188054,-586892728.1513467,-0.9099754213312604
ipsl6,defaults_pre,3.4775,0.4476668339187155,-3.0298331660812847,-0.8712676250413471
ipsl6,defaults_post,2.1875,0.2836,-1.9039,-0.8703542857142856
ipsl6,rescued_defaults,1.29,0.1630707476166583,-1.1269292523833419,-0.8735885677390247
ipsl6,group_contrib_total_usd,572184876.4533527,27100142.804980285,-545084733.6483724,-0.9526374360452192
ipsl6,group_supported_companies,1.3025,0.163371801304566,-1.139128198695434,-0.8745705940080107
ipsl6,defaulted_premium_base_pct,4.590575368681856,0.6756197663125554,-3.9149556023693006,-0.852824599957161
ipsl6,largest_entity_deficit_usd,328194908.3869914,20192069.698272046,-308002838.68871933,-0.9384753718529278
ipsl6,diag_group_shortfall_total_usd,6174970.940672383,110483.02001001853,-6064487.920662364,-0.9821079287544002
ipsl6,diag_groups_with_shortfall,0.073,0.006522829904666332,-0.06647717009533366,-0.9106461656895023
ipsl6,diag_groups_fully_funded_share,0.9986226415094339,0.9998769277376478,0.0012542862282138856,0.0012560162128088866
ipsl6,figa_residual_deficit_usd,1292311924.0864177,61749126.36181975,-1230562797.724598,-0.9522180944004889
ipsl6,figa_collected_usd,48326314.97494906,7394342.453384066,-40931972.521565,-0.8469913864275174
ipsl6,citizens_residual_deficit_usd,718277468.2344651,50796884.884742945,-667480583.3497221,-0.9292795790885626
ipsl6,citizens_tier1_usd,100789599.68242246,18135128.76359098,-82654470.91883148,-0.8200694434670553
ipsl6,citizens_tier2_usd,49554667.266172744,8188027.251058928,-41366640.015113816,-0.834767788731612
ipsl6,citizens_tier1_capacity_usd,539937478.65,539937478.6499999,-1.1920928955078125e-07,-2.2078350598820995e-16
ipsl6,citizens_tier2_capacity_usd,359958319.09999996,359958319.09999996,0.0,0.0
ipsl6,nfip_borrowed_usd,345997559.61779946,14866622.283040473,-331130937.334759,-0.957032580520329
ipsl6,nfip_claims_paid_usd,644954483.8175347,58061755.666188054,-586892728.1513467,-0.9099754213312604
ipsl6,nfip_pool_used_usd,298956924.1997352,43142917.44938878,-255814006.75034645,-0.8556885157790669
ipsl6,nfip_fl_premium_base_usd,1395853723.0,1395853723.0,0.0,0.0
ipsl6,nfip_fl_premium_depletion_usd,182250316.13919604,30639928.3266539,-151610387.81254214,-0.8318799715921905
ipsl6,underinsured_flood_usd,0.0,0.0,0.0,
ipsl6,fhcf_total_precap_usd,1311138277.5906637,89361095.39670403,-1221777182.1939597,-0.9318446445168902
ipsl6,fhcf_total_postcap_usd,965536172.7988871,87657945.6544832,-877878227.1444039,-0.9092131935353792
ipsl6,fhcf_shortfall_usd,345602104.79177666,1703149.7422208227,-343898955.04955584,-0.9950719346942434
ipsl6,fhcf_scaling_factor,0.9895177457955809,0.9999191497016975,0.010401403906116546,0.010511589054680092
ipsl6,fhcf_recovery_private_usd,805045573.3874182,73589285.79506704,-731456287.5923511,-0.908589913133212
ipsl6,fhcf_recovery_citizens_usd,160490599.41146898,14068659.859416153,-146421939.55205283,-0.9123396640612784
ipsl6,catbond_payout_usd,511945273.42870957,122705694.19064938,-389239579.2380602,-0.7603148216041951
ipsl6,catbond_unfilled_usd,0.0,0.0,0.0,
ipsl6,catbond_triggers,3.6528,0.9900652282990466,-2.6627347717009533,-0.728957175783222
ipsl6,catbond_limit_in_force_usd,9464500000.0,9464500000.0,0.0,0.0
ipsl6,catbond_issue_volume_year_usd,9464500000.0,9464500000.0,0.0,0.0
ipsl6,year_id,5000.5,5000.5,0.0,0.0
miroc6,total_damage_usd,19343788695.230297,7993216014.208818,-11350572681.021479,-0.5867812588244541
miroc6,wind_total_usd,16304436396.651468,6714659986.043478,-9589776410.60799,-0.5881697580529368
miroc6,water_total_usd,3039352298.578831,1278556028.165341,-1760796270.4134903,-0.5793327319234496
miroc6,underinsured_wind_usd,2969616746.555762,1221069960.4000843,-1748546786.1556776,-0.5888122728913376
miroc6,uninsured_wind_usd,6765845907.801158,2870377872.979169,-3895468034.821989,-0.5757547670913455
miroc6,nfip_policyholder_shortfall_usd,0.0,0.0,0.0,
miroc6,wind_insured_private_usd,5491050988.223578,2289690533.4049416,-3201360454.818637,-0.5830141555204017
miroc6,wind_insured_citizens_usd,1077922754.0709696,429552358.48558825,-648370395.5853813,-0.6014998692037009
miroc6,wind_underinsured_usd,2969616746.555762,1221069960.4000843,-1748546786.1556776,-0.5888122728913376
miroc6,wind_uninsured_usd,6765845907.801158,2870377872.979169,-3895468034.821989,-0.5757547670913455
miroc6,flood_insured_capped_usd,644954483.8175347,258262322.09539124,-386692161.7221434,-0.5995650412929655
miroc6,flood_un_derinsured_usd,2394397814.7612963,1038579171.124348,-1355818643.636948,-0.5662461915386074
miroc6,wind_insured_private_pct,20.511926737827867,15.937040385360275,-4.574886352467592,-0.22303542767782208
miroc6,wind_insured_citizens_pct,3.6899013245489156,2.430517354557508,-1.2593839699914078,-0.34130559579269115
miroc6,wind_underinsured_pct,10.951058655424745,8.266729957102843,-2.6843286983219024,-0.24512047490424008
miroc6,wind_uninsured_pct,25.378578795587508,19.3110719359917,-6.0675068595958095,-0.2390798518887412
miroc6,flood_insured_capped_pct,2.1724964393234587,1.5226171970742772,-0.6498792422491815,-0.2991393819966681
miroc6,flood_un_derinsured_pct,8.766038047287509,6.888448770887132,-1.8775892764003768,-0.21418904027930413
miroc6,insured_private_wind_pre_usd,5491050988.223578,2289690533.4049416,-3201360454.818637,-0.5830141555204017
miroc6,insured_citizens_wind_pre_usd,1077922754.0709696,429552358.48558825,-648370395.5853813,-0.6014998692037009
miroc6,insured_flood_pre_usd,644954483.8175347,258262322.09539124,-386692161.7221434,-0.5995650412929655
miroc6,defaults_pre,3.4775,1.5012678770666397,-1.9762321229333604,-0.5682910490103121
miroc6,defaults_post,2.1875,0.9297,-1.2578,-0.5749942857142857
miroc6,rescued_defaults,1.29,0.5582716299827569,-0.7317283700172431,-0.5672312945870102
miroc6,group_contrib_total_usd,572184876.4533527,221500356.61369145,-350684519.83966124,-0.6128867334162243
miroc6,group_supported_companies,1.3025,0.56374885891064,-0.73875114108936,-0.5671793789553627
miroc6,defaulted_premium_base_pct,4.590575368681856,2.0196828685009547,-2.5708925001809013,-0.5600370963779886
miroc6,largest_entity_deficit_usd,328194908.3869914,129568834.81557602,-198626073.57141536,-0.6052076631768011
miroc6,diag_group_shortfall_total_usd,6174970.940672383,2639603.796600361,-3535367.144072022,-0.5725317864713808
miroc6,diag_groups_with_shortfall,0.073,0.03002332893802617,-0.04297667106197382,-0.5887215213969017
miroc6,diag_groups_fully_funded_share,0.9986226415094339,0.9994335220955091,0.0008108805860751467,0.0008119989997918411
miroc6,figa_residual_deficit_usd,1292311924.0864177,497504607.30608845,-794807316.7803292,-0.6150274573549319
miroc6,figa_collected_usd,48326314.97494906,21593367.23360718,-26732947.74134188,-0.5531757957377766
miroc6,citizens_residual_deficit_usd,718277468.2344651,274146151.49433416,-444131316.74013096,-0.6183283429895291
miroc6,citizens_tier1_usd,100789599.68242246,45459224.072730444,-55330375.609692015,-0.5489690978437485
miroc6,citizens_tier2_usd,49554667.266172744,20994041.075251345,-28560626.1909214,-0.5763458371643149
miroc6,citizens_tier1_capacity_usd,539937478.65,539937478.65,0.0,0.0
miroc6,citizens_tier2_capacity_usd,359958319.09999996,359958319.09999996,0.0,0.0
miroc6,nfip_borrowed_usd,345997559.61779946,123956535.82476068,-222041023.7930388,-0.6417415892710711
miroc6,nfip_claims_paid_usd,644954483.8175347,258262322.09539124,-386692161.7221434,-0.5995650412929655
miroc6,nfip_pool_used_usd,298956924.1997352,132533002.86954618,-166423921.33018905,-0.556681942643349
miroc6,nfip_fl_premium_base_usd,1395853723.0,1395853723.0,0.0,0.0
miroc6,nfip_fl_premium_depletion_usd,182250316.13919604,82232723.00235152,-100017593.13684452,-0.5487924260194686
miroc6,underinsured_flood_usd,0.0,0.0,0.0,
miroc6,fhcf_total_precap_usd,1311138277.5906637,540815116.381655,-770323161.2090087,-0.5875224409011595
miroc6,fhcf_total_postcap_usd,965536172.7988871,390458746.1957731,-575077426.603114,-0.5956042277899181
miroc6,fhcf_shortfall_usd,345602104.79177666,150356370.18588188,-195245734.60589477,-0.5649437080932399
miroc6,fhcf_scaling_factor,0.9895177457955809,0.995844450714118,0.0063267049185370405,0.006393725575330955
miroc6,fhcf_recovery_private_usd,805045573.3874182,329391151.65993905,-475654421.7274791,-0.5908416087875019
miroc6,fhcf_recovery_citizens_usd,160490599.41146898,61067594.53583413,-99423004.87563485,-0.6194942584813468
miroc6,catbond_payout_usd,511945273.42870957,268388863.5344402,-243556409.89426938,-0.4757469646375895
miroc6,catbond_unfilled_usd,0.0,0.0,0.0,
miroc6,catbond_triggers,3.6528,1.9855969165229739,-1.6672030834770262,-0.45641783932244473
miroc6,catbond_limit_in_force_usd,9464500000.0,9464500000.0,0.0,0.0
miroc6,catbond_issue_volume_year_usd,9464500000.0,9464500000.0,0.0,0.0
miroc6,year_id,5000.5,5000.5,0.0,0.0
